,Al Jazeera  Friday analysis,SbjNum,Province,Districts,AREA TYPE,Gender,Number of Radio Sets,Number of Cars,LSM GROUP,Educational Qualification,Religion,Work Status,Social Class,Gross Monthly Income,Clothing P6M,Age Range,Al Jazeera  Friday
0,13:45  -  13:59,60536769,Lusaka,Kafue,Urban,Male,1,None,AB,Completed high School,Seventh Day Adventists,Unemployed [SEEKING A JOB],D,Under K 849,No,25 – 34,"13:00  -  13:14,13:15  -  13:29,13:30  -  13:44,13:45  -  13:59,14:00  -  14:14,14:15  -  14:29,14:30  -  14:44,14:45  -  14:59,15:00  -  15:14,15:15  -  15:29,15:30  -  15:44,15:45  -  15:59"
1,14:00  -  14:14,60536769,Lusaka,Kafue,Urban,Male,1,None,AB,Completed high School,Seventh Day Adventists,Unemployed [SEEKING A JOB],D,Under K 849,No,25 – 34,"13:00  -  13:14,13:15  -  13:29,13:30  -  13:44,13:45  -  13:59,14:00  -  14:14,14:15  -  14:29,14:30  -  14:44,14:45  -  14:59,15:00  -  15:14,15:15  -  15:29,15:30  -  15:44,15:45  -  15:59"
2,14:30  -  14:44,60536769,Lusaka,Kafue,Urban,Male,1,None,AB,Completed high School,Seventh Day Adventists,Unemployed [SEEKING A JOB],D,Under K 849,No,25 – 34,"13:00  -  13:14,13:15  -  13:29,13:30  -  13:44,13:45  -  13:59,14:00  -  14:14,14:15  -  14:29,14:30  -  14:44,14:45  -  14:59,15:00  -  15:14,15:15  -  15:29,15:30  -  15:44,15:45  -  15:59"
3,14:15  -  14:29,60536769,Lusaka,Kafue,Urban,Male,1,None,AB,Completed high School,Seventh Day Adventists,Unemployed [SEEKING A JOB],D,Under K 849,No,25 – 34,"13:00  -  13:14,13:15  -  13:29,13:30  -  13:44,13:45  -  13:59,14:00  -  14:14,14:15  -  14:29,14:30  -  14:44,14:45  -  14:59,15:00  -  15:14,15:15  -  15:29,15:30  -  15:44,15:45  -  15:59"
4,15:30  -  15:44,60536769,Lusaka,Kafue,Urban,Male,1,None,AB,Completed high School,Seventh Day Adventists,Unemployed [SEEKING A JOB],D,Under K 849,No,25 – 34,"13:00  -  13:14,13:15  -  13:29,13:30  -  13:44,13:45  -  13:59,14:00  -  14:14,14:15  -  14:29,14:30  -  14:44,14:45  -  14:59,15:00  -  15:14,15:15  -  15:29,15:30  -  15:44,15:45  -  15:59"
5,13:00  -  13:14,60536769,Lusaka,Kafue,Urban,Male,1,None,AB,Completed high School,Seventh Day Adventists,Unemployed [SEEKING A JOB],D,Under K 849,No,25 – 34,"13:00  -  13:14,13:15  -  13:29,13:30  -  13:44,13:45  -  13:59,14:00  -  14:14,14:15  -  14:29,14:30  -  14:44,14:45  -  14:59,15:00  -  15:14,15:15  -  15:29,15:30  -  15:44,15:45  -  15:59"
6,15:00  -  15:14,60536769,Lusaka,Kafue,Urban,Male,1,None,AB,Completed high School,Seventh Day Adventists,Unemployed [SEEKING A JOB],D,Under K 849,No,25 – 34,"13:00  -  13:14,13:15  -  13:29,13:30  -  13:44,13:45  -  13:59,14:00  -  14:14,14:15  -  14:29,14:30  -  14:44,14:45  -  14:59,15:00  -  15:14,15:15  -  15:29,15:30  -  15:44,15:45  -  15:59"
7,15:15  -  15:29,60536769,Lusaka,Kafue,Urban,Male,1,None,AB,Completed high School,Seventh Day Adventists,Unemployed [SEEKING A JOB],D,Under K 849,No,25 – 34,"13:00  -  13:14,13:15  -  13:29,13:30  -  13:44,13:45  -  13:59,14:00  -  14:14,14:15  -  14:29,14:30  -  14:44,14:45  -  14:59,15:00  -  15:14,15:15  -  15:29,15:30  -  15:44,15:45  -  15:59"
8,13:15  -  13:29,60536769,Lusaka,Kafue,Urban,Male,1,None,AB,Completed high School,Seventh Day Adventists,Unemployed [SEEKING A JOB],D,Under K 849,No,25 – 34,"13:00  -  13:14,13:15  -  13:29,13:30  -  13:44,13:45  -  13:59,14:00  -  14:14,14:15  -  14:29,14:30  -  14:44,14:45  -  14:59,15:00  -  15:14,15:15  -  15:29,15:30  -  15:44,15:45  -  15:59"
9,13:30  -  13:44,60536769,Lusaka,Kafue,Urban,Male,1,None,AB,Completed high School,Seventh Day Adventists,Unemployed [SEEKING A JOB],D,Under K 849,No,25 – 34,"13:00  -  13:14,13:15  -  13:29,13:30  -  13:44,13:45  -  13:59,14:00  -  14:14,14:15  -  14:29,14:30  -  14:44,14:45  -  14:59,15:00  -  15:14,15:15  -  15:29,15:30  -  15:44,15:45  -  15:59"
10,15:45  -  15:59,60536769,Lusaka,Kafue,Urban,Male,1,None,AB,Completed high School,Seventh Day Adventists,Unemployed [SEEKING A JOB],D,Under K 849,No,25 – 34,"13:00  -  13:14,13:15  -  13:29,13:30  -  13:44,13:45  -  13:59,14:00  -  14:14,14:15  -  14:29,14:30  -  14:44,14:45  -  14:59,15:00  -  15:14,15:15  -  15:29,15:30  -  15:44,15:45  -  15:59"
11,14:45  -  14:59,60536769,Lusaka,Kafue,Urban,Male,1,None,AB,Completed high School,Seventh Day Adventists,Unemployed [SEEKING A JOB],D,Under K 849,No,25 – 34,"13:00  -  13:14,13:15  -  13:29,13:30  -  13:44,13:45  -  13:59,14:00  -  14:14,14:15  -  14:29,14:30  -  14:44,14:45  -  14:59,15:00  -  15:14,15:15  -  15:29,15:30  -  15:44,15:45  -  15:59"
12,12:45  -  12:59,60536770,Lusaka,Kafue,Urban,Male,1,None,AB,Some high school,Anglican/Protestant,Student,D,K 850-K 1674,Yes,25 – 34,"10:00  -  10:14,10:15  -  10:29,10:30  -  10:44,10:45  -  10:59,11:00  -  11:14,11:15  -  11:29,11:30  -  11:44,11:45  -  11:59,12:00  -  12:14,12:15  -  12:29,12:30  -  12:44,12:45  -  12:59,13:00  -  13:14,13:15  -  13:29,13:30  -  13:44,13:45  -  13:59"
13,11:15  -  11:29,60536770,Lusaka,Kafue,Urban,Male,1,None,AB,Some high school,Anglican/Protestant,Student,D,K 850-K 1674,Yes,25 – 34,"10:00  -  10:14,10:15  -  10:29,10:30  -  10:44,10:45  -  10:59,11:00  -  11:14,11:15  -  11:29,11:30  -  11:44,11:45  -  11:59,12:00  -  12:14,12:15  -  12:29,12:30  -  12:44,12:45  -  12:59,13:00  -  13:14,13:15  -  13:29,13:30  -  13:44,13:45  -  13:59"
14,12:15  -  12:29,60536770,Lusaka,Kafue,Urban,Male,1,None,AB,Some high school,Anglican/Protestant,Student,D,K 850-K 1674,Yes,25 – 34,"10:00  -  10:14,10:15  -  10:29,10:30  -  10:44,10:45  -  10:59,11:00  -  11:14,11:15  -  11:29,11:30  -  11:44,11:45  -  11:59,12:00  -  12:14,12:15  -  12:29,12:30  -  12:44,12:45  -  12:59,13:00  -  13:14,13:15  -  13:29,13:30  -  13:44,13:45  -  13:59"
15,13:45  -  13:59,60536770,Lusaka,Kafue,Urban,Male,1,None,AB,Some high school,Anglican/Protestant,Student,D,K 850-K 1674,Yes,25 – 34,"10:00  -  10:14,10:15  -  10:29,10:30  -  10:44,10:45  -  10:59,11:00  -  11:14,11:15  -  11:29,11:30  -  11:44,11:45  -  11:59,12:00  -  12:14,12:15  -  12:29,12:30  -  12:44,12:45  -  12:59,13:00  -  13:14,13:15  -  13:29,13:30  -  13:44,13:45  -  13:59"
16,12:30  -  12:44,60536770,Lusaka,Kafue,Urban,Male,1,None,AB,Some high school,Anglican/Protestant,Student,D,K 850-K 1674,Yes,25 – 34,"10:00  -  10:14,10:15  -  10:29,10:30  -  10:44,10:45  -  10:59,11:00  -  11:14,11:15  -  11:29,11:30  -  11:44,11:45  -  11:59,12:00  -  12:14,12:15  -  12:29,12:30  -  12:44,12:45  -  12:59,13:00  -  13:14,13:15  -  13:29,13:30  -  13:44,13:45  -  13:59"
17,10:30  -  10:44,60536770,Lusaka,Kafue,Urban,Male,1,None,AB,Some high school,Anglican/Protestant,Student,D,K 850-K 1674,Yes,25 – 34,"10:00  -  10:14,10:15  -  10:29,10:30  -  10:44,10:45  -  10:59,11:00  -  11:14,11:15  -  11:29,11:30  -  11:44,11:45  -  11:59,12:00  -  12:14,12:15  -  12:29,12:30  -  12:44,12:45  -  12:59,13:00  -  13:14,13:15  -  13:29,13:30  -  13:44,13:45  -  13:59"
18,11:30  -  11:44,60536770,Lusaka,Kafue,Urban,Male,1,None,AB,Some high school,Anglican/Protestant,Student,D,K 850-K 1674,Yes,25 – 34,"10:00  -  10:14,10:15  -  10:29,10:30  -  10:44,10:45  -  10:59,11:00  -  11:14,11:15  -  11:29,11:30  -  11:44,11:45  -  11:59,12:00  -  12:14,12:15  -  12:29,12:30  -  12:44,12:45  -  12:59,13:00  -  13:14,13:15  -  13:29,13:30  -  13:44,13:45  -  13:59"
19,11:45  -  11:59,60536770,Lusaka,Kafue,Urban,Male,1,None,AB,Some high school,Anglican/Protestant,Student,D,K 850-K 1674,Yes,25 – 34,"10:00  -  10:14,10:15  -  10:29,10:30  -  10:44,10:45  -  10:59,11:00  -  11:14,11:15  -  11:29,11:30  -  11:44,11:45  -  11:59,12:00  -  12:14,12:15  -  12:29,12:30  -  12:44,12:45  -  12:59,13:00  -  13:14,13:15  -  13:29,13:30  -  13:44,13:45  -  13:59"
20,13:00  -  13:14,60536770,Lusaka,Kafue,Urban,Male,1,None,AB,Some high school,Anglican/Protestant,Student,D,K 850-K 1674,Yes,25 – 34,"10:00  -  10:14,10:15  -  10:29,10:30  -  10:44,10:45  -  10:59,11:00  -  11:14,11:15  -  11:29,11:30  -  11:44,11:45  -  11:59,12:00  -  12:14,12:15  -  12:29,12:30  -  12:44,12:45  -  12:59,13:00  -  13:14,13:15  -  13:29,13:30  -  13:44,13:45  -  13:59"
21,13:15  -  13:29,60536770,Lusaka,Kafue,Urban,Male,1,None,AB,Some high school,Anglican/Protestant,Student,D,K 850-K 1674,Yes,25 – 34,"10:00  -  10:14,10:15  -  10:29,10:30  -  10:44,10:45  -  10:59,11:00  -  11:14,11:15  -  11:29,11:30  -  11:44,11:45  -  11:59,12:00  -  12:14,12:15  -  12:29,12:30  -  12:44,12:45  -  12:59,13:00  -  13:14,13:15  -  13:29,13:30  -  13:44,13:45  -  13:59"
22,11:00  -  11:14,60536770,Lusaka,Kafue,Urban,Male,1,None,AB,Some high school,Anglican/Protestant,Student,D,K 850-K 1674,Yes,25 – 34,"10:00  -  10:14,10:15  -  10:29,10:30  -  10:44,10:45  -  10:59,11:00  -  11:14,11:15  -  11:29,11:30  -  11:44,11:45  -  11:59,12:00  -  12:14,12:15  -  12:29,12:30  -  12:44,12:45  -  12:59,13:00  -  13:14,13:15  -  13:29,13:30  -  13:44,13:45  -  13:59"
23,13:30  -  13:44,60536770,Lusaka,Kafue,Urban,Male,1,None,AB,Some high school,Anglican/Protestant,Student,D,K 850-K 1674,Yes,25 – 34,"10:00  -  10:14,10:15  -  10:29,10:30  -  10:44,10:45  -  10:59,11:00  -  11:14,11:15  -  11:29,11:30  -  11:44,11:45  -  11:59,12:00  -  12:14,12:15  -  12:29,12:30  -  12:44,12:45  -  12:59,13:00  -  13:14,13:15  -  13:29,13:30  -  13:44,13:45  -  13:59"
24,10:45  -  10:59,60536770,Lusaka,Kafue,Urban,Male,1,None,AB,Some high school,Anglican/Protestant,Student,D,K 850-K 1674,Yes,25 – 34,"10:00  -  10:14,10:15  -  10:29,10:30  -  10:44,10:45  -  10:59,11:00  -  11:14,11:15  -  11:29,11:30  -  11:44,11:45  -  11:59,12:00  -  12:14,12:15  -  12:29,12:30  -  12:44,12:45  -  12:59,13:00  -  13:14,13:15  -  13:29,13:30  -  13:44,13:45  -  13:59"
25,12:00  -  12:14,60536770,Lusaka,Kafue,Urban,Male,1,None,AB,Some high school,Anglican/Protestant,Student,D,K 850-K 1674,Yes,25 – 34,"10:00  -  10:14,10:15  -  10:29,10:30  -  10:44,10:45  -  10:59,11:00  -  11:14,11:15  -  11:29,11:30  -  11:44,11:45  -  11:59,12:00  -  12:14,12:15  -  12:29,12:30  -  12:44,12:45  -  12:59,13:00  -  13:14,13:15  -  13:29,13:30  -  13:44,13:45  -  13:59"
26,10:00  -  10:14,60536770,Lusaka,Kafue,Urban,Male,1,None,AB,Some high school,Anglican/Protestant,Student,D,K 850-K 1674,Yes,25 – 34,"10:00  -  10:14,10:15  -  10:29,10:30  -  10:44,10:45  -  10:59,11:00  -  11:14,11:15  -  11:29,11:30  -  11:44,11:45  -  11:59,12:00  -  12:14,12:15  -  12:29,12:30  -  12:44,12:45  -  12:59,13:00  -  13:14,13:15  -  13:29,13:30  -  13:44,13:45  -  13:59"
27,10:15  -  10:29,60536770,Lusaka,Kafue,Urban,Male,1,None,AB,Some high school,Anglican/Protestant,Student,D,K 850-K 1674,Yes,25 – 34,"10:00  -  10:14,10:15  -  10:29,10:30  -  10:44,10:45  -  10:59,11:00  -  11:14,11:15  -  11:29,11:30  -  11:44,11:45  -  11:59,12:00  -  12:14,12:15  -  12:29,12:30  -  12:44,12:45  -  12:59,13:00  -  13:14,13:15  -  13:29,13:30  -  13:44,13:45  -  13:59"
28,19:00  -  19:14,60588153,Southern,Livingstone,Urban,Male,1,None,AB,Some university,Roman Catholic,Working Full-Time,C2,"K 2,500   -  K 3,154",Yes,19 – 24,"18:45  -  18:59,19:00  -  19:14,19:15  -  19:29,19:30  -  19:44,19:45  -  19:59,20:00  -  20:14,20:15  -  20:29"
29,18:45  -  18:59,60588153,Southern,Livingstone,Urban,Male,1,None,AB,Some university,Roman Catholic,Working Full-Time,C2,"K 2,500   -  K 3,154",Yes,19 – 24,"18:45  -  18:59,19:00  -  19:14,19:15  -  19:29,19:30  -  19:44,19:45  -  19:59,20:00  -  20:14,20:15  -  20:29"
30,19:45  -  19:59,60588153,Southern,Livingstone,Urban,Male,1,None,AB,Some university,Roman Catholic,Working Full-Time,C2,"K 2,500   -  K 3,154",Yes,19 – 24,"18:45  -  18:59,19:00  -  19:14,19:15  -  19:29,19:30  -  19:44,19:45  -  19:59,20:00  -  20:14,20:15  -  20:29"
31,20:15  -  20:29,60588153,Southern,Livingstone,Urban,Male,1,None,AB,Some university,Roman Catholic,Working Full-Time,C2,"K 2,500   -  K 3,154",Yes,19 – 24,"18:45  -  18:59,19:00  -  19:14,19:15  -  19:29,19:30  -  19:44,19:45  -  19:59,20:00  -  20:14,20:15  -  20:29"
32,19:15  -  19:29,60588153,Southern,Livingstone,Urban,Male,1,None,AB,Some university,Roman Catholic,Working Full-Time,C2,"K 2,500   -  K 3,154",Yes,19 – 24,"18:45  -  18:59,19:00  -  19:14,19:15  -  19:29,19:30  -  19:44,19:45  -  19:59,20:00  -  20:14,20:15  -  20:29"
33,20:00  -  20:14,60588153,Southern,Livingstone,Urban,Male,1,None,AB,Some university,Roman Catholic,Working Full-Time,C2,"K 2,500   -  K 3,154",Yes,19 – 24,"18:45  -  18:59,19:00  -  19:14,19:15  -  19:29,19:30  -  19:44,19:45  -  19:59,20:00  -  20:14,20:15  -  20:29"
34,19:30  -  19:44,60588153,Southern,Livingstone,Urban,Male,1,None,AB,Some university,Roman Catholic,Working Full-Time,C2,"K 2,500   -  K 3,154",Yes,19 – 24,"18:45  -  18:59,19:00  -  19:14,19:15  -  19:29,19:30  -  19:44,19:45  -  19:59,20:00  -  20:14,20:15  -  20:29"
35,19:00  -  19:14,82020882,Southern,Livingstone,Urban,Male,0,Two or More,AB,University completed,Other Christian,Working Full-Time,AB,"K 7,893 -  K 11,261",Yes,35 – 44,"18:00  -  18:14,18:15  -  18:29,18:30  -  18:44,18:45  -  18:59,19:00  -  19:14,19:15  -  19:29,19:30  -  19:44,19:45  -  19:59"
36,18:45  -  18:59,82020882,Southern,Livingstone,Urban,Male,0,Two or More,AB,University completed,Other Christian,Working Full-Time,AB,"K 7,893 -  K 11,261",Yes,35 – 44,"18:00  -  18:14,18:15  -  18:29,18:30  -  18:44,18:45  -  18:59,19:00  -  19:14,19:15  -  19:29,19:30  -  19:44,19:45  -  19:59"
37,19:45  -  19:59,82020882,Southern,Livingstone,Urban,Male,0,Two or More,AB,University completed,Other Christian,Working Full-Time,AB,"K 7,893 -  K 11,261",Yes,35 – 44,"18:00  -  18:14,18:15  -  18:29,18:30  -  18:44,18:45  -  18:59,19:00  -  19:14,19:15  -  19:29,19:30  -  19:44,19:45  -  19:59"
38,18:15  -  18:29,82020882,Southern,Livingstone,Urban,Male,0,Two or More,AB,University completed,Other Christian,Working Full-Time,AB,"K 7,893 -  K 11,261",Yes,35 – 44,"18:00  -  18:14,18:15  -  18:29,18:30  -  18:44,18:45  -  18:59,19:00  -  19:14,19:15  -  19:29,19:30  -  19:44,19:45  -  19:59"
39,18:00  -  18:14,82020882,Southern,Livingstone,Urban,Male,0,Two or More,AB,University completed,Other Christian,Working Full-Time,AB,"K 7,893 -  K 11,261",Yes,35 – 44,"18:00  -  18:14,18:15  -  18:29,18:30  -  18:44,18:45  -  18:59,19:00  -  19:14,19:15  -  19:29,19:30  -  19:44,19:45  -  19:59"
40,19:15  -  19:29,82020882,Southern,Livingstone,Urban,Male,0,Two or More,AB,University completed,Other Christian,Working Full-Time,AB,"K 7,893 -  K 11,261",Yes,35 – 44,"18:00  -  18:14,18:15  -  18:29,18:30  -  18:44,18:45  -  18:59,19:00  -  19:14,19:15  -  19:29,19:30  -  19:44,19:45  -  19:59"
41,18:30  -  18:44,82020882,Southern,Livingstone,Urban,Male,0,Two or More,AB,University completed,Other Christian,Working Full-Time,AB,"K 7,893 -  K 11,261",Yes,35 – 44,"18:00  -  18:14,18:15  -  18:29,18:30  -  18:44,18:45  -  18:59,19:00  -  19:14,19:15  -  19:29,19:30  -  19:44,19:45  -  19:59"
42,19:30  -  19:44,82020882,Southern,Livingstone,Urban,Male,0,Two or More,AB,University completed,Other Christian,Working Full-Time,AB,"K 7,893 -  K 11,261",Yes,35 – 44,"18:00  -  18:14,18:15  -  18:29,18:30  -  18:44,18:45  -  18:59,19:00  -  19:14,19:15  -  19:29,19:30  -  19:44,19:45  -  19:59"
43,11:15  -  11:29,82033089,Eastern,Chipata,Rural,Female,2,One,AB,Some primary school,Other Christian,A housewife/househusband,AB,Do not know,Yes,35 – 44,"10:00  -  10:14,10:15  -  10:29,10:30  -  10:44,10:45  -  10:59,11:00  -  11:14,11:15  -  11:29,11:30  -  11:44,11:45  -  11:59,12:00  -  12:14"
44,10:30  -  10:44,82033089,Eastern,Chipata,Rural,Female,2,One,AB,Some primary school,Other Christian,A housewife/househusband,AB,Do not know,Yes,35 – 44,"10:00  -  10:14,10:15  -  10:29,10:30  -  10:44,10:45  -  10:59,11:00  -  11:14,11:15  -  11:29,11:30  -  11:44,11:45  -  11:59,12:00  -  12:14"
45,11:30  -  11:44,82033089,Eastern,Chipata,Rural,Female,2,One,AB,Some primary school,Other Christian,A housewife/househusband,AB,Do not know,Yes,35 – 44,"10:00  -  10:14,10:15  -  10:29,10:30  -  10:44,10:45  -  10:59,11:00  -  11:14,11:15  -  11:29,11:30  -  11:44,11:45  -  11:59,12:00  -  12:14"
46,11:45  -  11:59,82033089,Eastern,Chipata,Rural,Female,2,One,AB,Some primary school,Other Christian,A housewife/househusband,AB,Do not know,Yes,35 – 44,"10:00  -  10:14,10:15  -  10:29,10:30  -  10:44,10:45  -  10:59,11:00  -  11:14,11:15  -  11:29,11:30  -  11:44,11:45  -  11:59,12:00  -  12:14"
47,11:00  -  11:14,82033089,Eastern,Chipata,Rural,Female,2,One,AB,Some primary school,Other Christian,A housewife/househusband,AB,Do not know,Yes,35 – 44,"10:00  -  10:14,10:15  -  10:29,10:30  -  10:44,10:45  -  10:59,11:00  -  11:14,11:15  -  11:29,11:30  -  11:44,11:45  -  11:59,12:00  -  12:14"
48,10:45  -  10:59,82033089,Eastern,Chipata,Rural,Female,2,One,AB,Some primary school,Other Christian,A housewife/househusband,AB,Do not know,Yes,35 – 44,"10:00  -  10:14,10:15  -  10:29,10:30  -  10:44,10:45  -  10:59,11:00  -  11:14,11:15  -  11:29,11:30  -  11:44,11:45  -  11:59,12:00  -  12:14"
49,12:00  -  12:14,82033089,Eastern,Chipata,Rural,Female,2,One,AB,Some primary school,Other Christian,A housewife/househusband,AB,Do not know,Yes,35 – 44,"10:00  -  10:14,10:15  -  10:29,10:30  -  10:44,10:45  -  10:59,11:00  -  11:14,11:15  -  11:29,11:30  -  11:44,11:45  -  11:59,12:00  -  12:14"
50,10:00  -  10:14,82033089,Eastern,Chipata,Rural,Female,2,One,AB,Some primary school,Other Christian,A housewife/househusband,AB,Do not know,Yes,35 – 44,"10:00  -  10:14,10:15  -  10:29,10:30  -  10:44,10:45  -  10:59,11:00  -  11:14,11:15  -  11:29,11:30  -  11:44,11:45  -  11:59,12:00  -  12:14"
51,10:15  -  10:29,82033089,Eastern,Chipata,Rural,Female,2,One,AB,Some primary school,Other Christian,A housewife/househusband,AB,Do not know,Yes,35 – 44,"10:00  -  10:14,10:15  -  10:29,10:30  -  10:44,10:45  -  10:59,11:00  -  11:14,11:15  -  11:29,11:30  -  11:44,11:45  -  11:59,12:00  -  12:14"
52,7:00  -  7:14,82205274,Copperbelt,Kitwe,Urban,Male,3,One,AB,University completed,Other Christian,Working Full-Time,AB,"K 14,632 -  K 17,499",Yes,35 – 44,"6:00  -  6:14,6:15  -  6:29,6:30  -  6:44,6:45  -  6:59,7:00  -  7:14"
53,6:15  -  6:29,82205274,Copperbelt,Kitwe,Urban,Male,3,One,AB,University completed,Other Christian,Working Full-Time,AB,"K 14,632 -  K 17,499",Yes,35 – 44,"6:00  -  6:14,6:15  -  6:29,6:30  -  6:44,6:45  -  6:59,7:00  -  7:14"
54,6:30  -  6:44,82205274,Copperbelt,Kitwe,Urban,Male,3,One,AB,University completed,Other Christian,Working Full-Time,AB,"K 14,632 -  K 17,499",Yes,35 – 44,"6:00  -  6:14,6:15  -  6:29,6:30  -  6:44,6:45  -  6:59,7:00  -  7:14"
55,6:00  -  6:14,82205274,Copperbelt,Kitwe,Urban,Male,3,One,AB,University completed,Other Christian,Working Full-Time,AB,"K 14,632 -  K 17,499",Yes,35 – 44,"6:00  -  6:14,6:15  -  6:29,6:30  -  6:44,6:45  -  6:59,7:00  -  7:14"
56,6:45  -  6:59,82205274,Copperbelt,Kitwe,Urban,Male,3,One,AB,University completed,Other Christian,Working Full-Time,AB,"K 14,632 -  K 17,499",Yes,35 – 44,"6:00  -  6:14,6:15  -  6:29,6:30  -  6:44,6:45  -  6:59,7:00  -  7:14"
57,6:45  -  6:59,82449714,Copperbelt,Ndola,Urban,Male,3,Two or More,AB,Some university,Muslim,Self employed,AB,"K 14,632 -  K 17,499",Yes,35 – 44,6:45  -  6:59
58,21:00  -  21:14,60457317,Lusaka,Kafue,Urban,Female,3,None,C1,Completed high School,Anglican/Protestant,Unemployed [SEEKING A JOB],No Income,No Income,No,19 – 24,"20:00  -  20:14,20:15  -  20:29,20:30  -  20:44,20:45  -  20:59,21:00  -  21:14,21:15  -  21:29,21:30  -  21:44,21:45  -  21:59"
59,20:45  -  20:59,60457317,Lusaka,Kafue,Urban,Female,3,None,C1,Completed high School,Anglican/Protestant,Unemployed [SEEKING A JOB],No Income,No Income,No,19 – 24,"20:00  -  20:14,20:15  -  20:29,20:30  -  20:44,20:45  -  20:59,21:00  -  21:14,21:15  -  21:29,21:30  -  21:44,21:45  -  21:59"
60,21:30  -  21:44,60457317,Lusaka,Kafue,Urban,Female,3,None,C1,Completed high School,Anglican/Protestant,Unemployed [SEEKING A JOB],No Income,No Income,No,19 – 24,"20:00  -  20:14,20:15  -  20:29,20:30  -  20:44,20:45  -  20:59,21:00  -  21:14,21:15  -  21:29,21:30  -  21:44,21:45  -  21:59"
61,20:15  -  20:29,60457317,Lusaka,Kafue,Urban,Female,3,None,C1,Completed high School,Anglican/Protestant,Unemployed [SEEKING A JOB],No Income,No Income,No,19 – 24,"20:00  -  20:14,20:15  -  20:29,20:30  -  20:44,20:45  -  20:59,21:00  -  21:14,21:15  -  21:29,21:30  -  21:44,21:45  -  21:59"
62,21:15  -  21:29,60457317,Lusaka,Kafue,Urban,Female,3,None,C1,Completed high School,Anglican/Protestant,Unemployed [SEEKING A JOB],No Income,No Income,No,19 – 24,"20:00  -  20:14,20:15  -  20:29,20:30  -  20:44,20:45  -  20:59,21:00  -  21:14,21:15  -  21:29,21:30  -  21:44,21:45  -  21:59"
63,20:30  -  20:44,60457317,Lusaka,Kafue,Urban,Female,3,None,C1,Completed high School,Anglican/Protestant,Unemployed [SEEKING A JOB],No Income,No Income,No,19 – 24,"20:00  -  20:14,20:15  -  20:29,20:30  -  20:44,20:45  -  20:59,21:00  -  21:14,21:15  -  21:29,21:30  -  21:44,21:45  -  21:59"
64,21:45  -  21:59,60457317,Lusaka,Kafue,Urban,Female,3,None,C1,Completed high School,Anglican/Protestant,Unemployed [SEEKING A JOB],No Income,No Income,No,19 – 24,"20:00  -  20:14,20:15  -  20:29,20:30  -  20:44,20:45  -  20:59,21:00  -  21:14,21:15  -  21:29,21:30  -  21:44,21:45  -  21:59"
65,20:00  -  20:14,60457317,Lusaka,Kafue,Urban,Female,3,None,C1,Completed high School,Anglican/Protestant,Unemployed [SEEKING A JOB],No Income,No Income,No,19 – 24,"20:00  -  20:14,20:15  -  20:29,20:30  -  20:44,20:45  -  20:59,21:00  -  21:14,21:15  -  21:29,21:30  -  21:44,21:45  -  21:59"
66,19:00  -  19:14,60534387,Copperbelt,Luanshya,Urban,Male,0,None,C1,Some high school,Anglican/Protestant,Unemployed [NOT SEEKING A JOB],D,K 850-K 1674,No,45+,"18:00  -  18:14,18:15  -  18:29,18:30  -  18:44,18:45  -  18:59,19:00  -  19:14,19:15  -  19:29,19:30  -  19:44,19:45  -  19:59,20:00  -  20:14"
67,18:45  -  18:59,60534387,Copperbelt,Luanshya,Urban,Male,0,None,C1,Some high school,Anglican/Protestant,Unemployed [NOT SEEKING A JOB],D,K 850-K 1674,No,45+,"18:00  -  18:14,18:15  -  18:29,18:30  -  18:44,18:45  -  18:59,19:00  -  19:14,19:15  -  19:29,19:30  -  19:44,19:45  -  19:59,20:00  -  20:14"
68,19:45  -  19:59,60534387,Copperbelt,Luanshya,Urban,Male,0,None,C1,Some high school,Anglican/Protestant,Unemployed [NOT SEEKING A JOB],D,K 850-K 1674,No,45+,"18:00  -  18:14,18:15  -  18:29,18:30  -  18:44,18:45  -  18:59,19:00  -  19:14,19:15  -  19:29,19:30  -  19:44,19:45  -  19:59,20:00  -  20:14"
69,18:15  -  18:29,60534387,Copperbelt,Luanshya,Urban,Male,0,None,C1,Some high school,Anglican/Protestant,Unemployed [NOT SEEKING A JOB],D,K 850-K 1674,No,45+,"18:00  -  18:14,18:15  -  18:29,18:30  -  18:44,18:45  -  18:59,19:00  -  19:14,19:15  -  19:29,19:30  -  19:44,19:45  -  19:59,20:00  -  20:14"
70,18:00  -  18:14,60534387,Copperbelt,Luanshya,Urban,Male,0,None,C1,Some high school,Anglican/Protestant,Unemployed [NOT SEEKING A JOB],D,K 850-K 1674,No,45+,"18:00  -  18:14,18:15  -  18:29,18:30  -  18:44,18:45  -  18:59,19:00  -  19:14,19:15  -  19:29,19:30  -  19:44,19:45  -  19:59,20:00  -  20:14"
71,19:15  -  19:29,60534387,Copperbelt,Luanshya,Urban,Male,0,None,C1,Some high school,Anglican/Protestant,Unemployed [NOT SEEKING A JOB],D,K 850-K 1674,No,45+,"18:00  -  18:14,18:15  -  18:29,18:30  -  18:44,18:45  -  18:59,19:00  -  19:14,19:15  -  19:29,19:30  -  19:44,19:45  -  19:59,20:00  -  20:14"
72,18:30  -  18:44,60534387,Copperbelt,Luanshya,Urban,Male,0,None,C1,Some high school,Anglican/Protestant,Unemployed [NOT SEEKING A JOB],D,K 850-K 1674,No,45+,"18:00  -  18:14,18:15  -  18:29,18:30  -  18:44,18:45  -  18:59,19:00  -  19:14,19:15  -  19:29,19:30  -  19:44,19:45  -  19:59,20:00  -  20:14"
73,20:00  -  20:14,60534387,Copperbelt,Luanshya,Urban,Male,0,None,C1,Some high school,Anglican/Protestant,Unemployed [NOT SEEKING A JOB],D,K 850-K 1674,No,45+,"18:00  -  18:14,18:15  -  18:29,18:30  -  18:44,18:45  -  18:59,19:00  -  19:14,19:15  -  19:29,19:30  -  19:44,19:45  -  19:59,20:00  -  20:14"
74,19:30  -  19:44,60534387,Copperbelt,Luanshya,Urban,Male,0,None,C1,Some high school,Anglican/Protestant,Unemployed [NOT SEEKING A JOB],D,K 850-K 1674,No,45+,"18:00  -  18:14,18:15  -  18:29,18:30  -  18:44,18:45  -  18:59,19:00  -  19:14,19:15  -  19:29,19:30  -  19:44,19:45  -  19:59,20:00  -  20:14"
75,8:15  -  8:29,60538184,Copperbelt,Kitwe,Urban,Female,2,One,C1,Some high school,Other Christian,Housewife,C2,"K 3,155   -  K 3,890",Yes,19 – 24," ,8:15  -  8:29"
76,19:00  -  19:14,60560265,Copperbelt,Luanshya,Urban,Male,1,One,C1,University completed,Roman Catholic,Retired - voluntary scholarspensioners,C1,"K 11,262  -  K 14,631",Yes,45+,"19:00  -  19:14,19:15  -  19:29,19:30  -  19:44,19:45  -  19:59,20:00  -  20:14,20:15  -  20:29,20:30  -  20:44,20:45  -  20:59,21:00  -  21:14,21:15  -  21:29,21:30  -  21:44,21:45  -  21:59,22:00  -  22:14"
77,19:45  -  19:59,60560265,Copperbelt,Luanshya,Urban,Male,1,One,C1,University completed,Roman Catholic,Retired - voluntary scholarspensioners,C1,"K 11,262  -  K 14,631",Yes,45+,"19:00  -  19:14,19:15  -  19:29,19:30  -  19:44,19:45  -  19:59,20:00  -  20:14,20:15  -  20:29,20:30  -  20:44,20:45  -  20:59,21:00  -  21:14,21:15  -  21:29,21:30  -  21:44,21:45  -  21:59,22:00  -  22:14"
78,21:00  -  21:14,60560265,Copperbelt,Luanshya,Urban,Male,1,One,C1,University completed,Roman Catholic,Retired - voluntary scholarspensioners,C1,"K 11,262  -  K 14,631",Yes,45+,"19:00  -  19:14,19:15  -  19:29,19:30  -  19:44,19:45  -  19:59,20:00  -  20:14,20:15  -  20:29,20:30  -  20:44,20:45  -  20:59,21:00  -  21:14,21:15  -  21:29,21:30  -  21:44,21:45  -  21:59,22:00  -  22:14"
79,20:45  -  20:59,60560265,Copperbelt,Luanshya,Urban,Male,1,One,C1,University completed,Roman Catholic,Retired - voluntary scholarspensioners,C1,"K 11,262  -  K 14,631",Yes,45+,"19:00  -  19:14,19:15  -  19:29,19:30  -  19:44,19:45  -  19:59,20:00  -  20:14,20:15  -  20:29,20:30  -  20:44,20:45  -  20:59,21:00  -  21:14,21:15  -  21:29,21:30  -  21:44,21:45  -  21:59,22:00  -  22:14"
80,22:00  -  22:14,60560265,Copperbelt,Luanshya,Urban,Male,1,One,C1,University completed,Roman Catholic,Retired - voluntary scholarspensioners,C1,"K 11,262  -  K 14,631",Yes,45+,"19:00  -  19:14,19:15  -  19:29,19:30  -  19:44,19:45  -  19:59,20:00  -  20:14,20:15  -  20:29,20:30  -  20:44,20:45  -  20:59,21:00  -  21:14,21:15  -  21:29,21:30  -  21:44,21:45  -  21:59,22:00  -  22:14"
81,21:30  -  21:44,60560265,Copperbelt,Luanshya,Urban,Male,1,One,C1,University completed,Roman Catholic,Retired - voluntary scholarspensioners,C1,"K 11,262  -  K 14,631",Yes,45+,"19:00  -  19:14,19:15  -  19:29,19:30  -  19:44,19:45  -  19:59,20:00  -  20:14,20:15  -  20:29,20:30  -  20:44,20:45  -  20:59,21:00  -  21:14,21:15  -  21:29,21:30  -  21:44,21:45  -  21:59,22:00  -  22:14"
82,20:15  -  20:29,60560265,Copperbelt,Luanshya,Urban,Male,1,One,C1,University completed,Roman Catholic,Retired - voluntary scholarspensioners,C1,"K 11,262  -  K 14,631",Yes,45+,"19:00  -  19:14,19:15  -  19:29,19:30  -  19:44,19:45  -  19:59,20:00  -  20:14,20:15  -  20:29,20:30  -  20:44,20:45  -  20:59,21:00  -  21:14,21:15  -  21:29,21:30  -  21:44,21:45  -  21:59,22:00  -  22:14"
83,19:15  -  19:29,60560265,Copperbelt,Luanshya,Urban,Male,1,One,C1,University completed,Roman Catholic,Retired - voluntary scholarspensioners,C1,"K 11,262  -  K 14,631",Yes,45+,"19:00  -  19:14,19:15  -  19:29,19:30  -  19:44,19:45  -  19:59,20:00  -  20:14,20:15  -  20:29,20:30  -  20:44,20:45  -  20:59,21:00  -  21:14,21:15  -  21:29,21:30  -  21:44,21:45  -  21:59,22:00  -  22:14"
84,21:15  -  21:29,60560265,Copperbelt,Luanshya,Urban,Male,1,One,C1,University completed,Roman Catholic,Retired - voluntary scholarspensioners,C1,"K 11,262  -  K 14,631",Yes,45+,"19:00  -  19:14,19:15  -  19:29,19:30  -  19:44,19:45  -  19:59,20:00  -  20:14,20:15  -  20:29,20:30  -  20:44,20:45  -  20:59,21:00  -  21:14,21:15  -  21:29,21:30  -  21:44,21:45  -  21:59,22:00  -  22:14"
85,20:30  -  20:44,60560265,Copperbelt,Luanshya,Urban,Male,1,One,C1,University completed,Roman Catholic,Retired - voluntary scholarspensioners,C1,"K 11,262  -  K 14,631",Yes,45+,"19:00  -  19:14,19:15  -  19:29,19:30  -  19:44,19:45  -  19:59,20:00  -  20:14,20:15  -  20:29,20:30  -  20:44,20:45  -  20:59,21:00  -  21:14,21:15  -  21:29,21:30  -  21:44,21:45  -  21:59,22:00  -  22:14"
86,21:45  -  21:59,60560265,Copperbelt,Luanshya,Urban,Male,1,One,C1,University completed,Roman Catholic,Retired - voluntary scholarspensioners,C1,"K 11,262  -  K 14,631",Yes,45+,"19:00  -  19:14,19:15  -  19:29,19:30  -  19:44,19:45  -  19:59,20:00  -  20:14,20:15  -  20:29,20:30  -  20:44,20:45  -  20:59,21:00  -  21:14,21:15  -  21:29,21:30  -  21:44,21:45  -  21:59,22:00  -  22:14"
87,20:00  -  20:14,60560265,Copperbelt,Luanshya,Urban,Male,1,One,C1,University completed,Roman Catholic,Retired - voluntary scholarspensioners,C1,"K 11,262  -  K 14,631",Yes,45+,"19:00  -  19:14,19:15  -  19:29,19:30  -  19:44,19:45  -  19:59,20:00  -  20:14,20:15  -  20:29,20:30  -  20:44,20:45  -  20:59,21:00  -  21:14,21:15  -  21:29,21:30  -  21:44,21:45  -  21:59,22:00  -  22:14"
88,19:30  -  19:44,60560265,Copperbelt,Luanshya,Urban,Male,1,One,C1,University completed,Roman Catholic,Retired - voluntary scholarspensioners,C1,"K 11,262  -  K 14,631",Yes,45+,"19:00  -  19:14,19:15  -  19:29,19:30  -  19:44,19:45  -  19:59,20:00  -  20:14,20:15  -  20:29,20:30  -  20:44,20:45  -  20:59,21:00  -  21:14,21:15  -  21:29,21:30  -  21:44,21:45  -  21:59,22:00  -  22:14"
89,5:30  -  5:44,60567064,Lusaka,Lusaka district,Urban,Male,1,None,C1,Primary school completed,Seventh Day Adventists,Self employed,Do not know,Do not know,Yes,35 – 44,"5:00  -  5:14,5:15  -  5:29,5:30  -  5:44,5:45  -  5:59"
90,5:45  -  5:59,60567064,Lusaka,Lusaka district,Urban,Male,1,None,C1,Primary school completed,Seventh Day Adventists,Self employed,Do not know,Do not know,Yes,35 – 44,"5:00  -  5:14,5:15  -  5:29,5:30  -  5:44,5:45  -  5:59"
91,5:15  -  5:29,60567064,Lusaka,Lusaka district,Urban,Male,1,None,C1,Primary school completed,Seventh Day Adventists,Self employed,Do not know,Do not know,Yes,35 – 44,"5:00  -  5:14,5:15  -  5:29,5:30  -  5:44,5:45  -  5:59"
92,5:00  -  5:14,60567064,Lusaka,Lusaka district,Urban,Male,1,None,C1,Primary school completed,Seventh Day Adventists,Self employed,Do not know,Do not know,Yes,35 – 44,"5:00  -  5:14,5:15  -  5:29,5:30  -  5:44,5:45  -  5:59"
93,22:15  -  22:29,60574952,Copperbelt,Kitwe,Urban,Male,1,None,C1,Completed high School,Other Christian,Working Full-Time,D,K 850-K 1674,Yes,35 – 44,"18:00  -  18:14,18:15  -  18:29,18:30  -  18:44,18:45  -  18:59,20:00  -  20:14,20:15  -  20:29,20:30  -  20:44,20:45  -  20:59,21:00  -  21:14,21:15  -  21:29,21:30  -  21:44,21:45  -  21:59,22:00  -  22:14,22:15  -  22:29,22:30  -  22:44,22:45  -  22:59,23:45  -  23:59,0:00  -  0:14,0:15  -  0:29,0:30  -  0:44"
94,23:45  -  23:59,60574952,Copperbelt,Kitwe,Urban,Male,1,None,C1,Completed high School,Other Christian,Working Full-Time,D,K 850-K 1674,Yes,35 – 44,"18:00  -  18:14,18:15  -  18:29,18:30  -  18:44,18:45  -  18:59,20:00  -  20:14,20:15  -  20:29,20:30  -  20:44,20:45  -  20:59,21:00  -  21:14,21:15  -  21:29,21:30  -  21:44,21:45  -  21:59,22:00  -  22:14,22:15  -  22:29,22:30  -  22:44,22:45  -  22:59,23:45  -  23:59,0:00  -  0:14,0:15  -  0:29,0:30  -  0:44"
95,18:15  -  18:29,60574952,Copperbelt,Kitwe,Urban,Male,1,None,C1,Completed high School,Other Christian,Working Full-Time,D,K 850-K 1674,Yes,35 – 44,"18:00  -  18:14,18:15  -  18:29,18:30  -  18:44,18:45  -  18:59,20:00  -  20:14,20:15  -  20:29,20:30  -  20:44,20:45  -  20:59,21:00  -  21:14,21:15  -  21:29,21:30  -  21:44,21:45  -  21:59,22:00  -  22:14,22:15  -  22:29,22:30  -  22:44,22:45  -  22:59,23:45  -  23:59,0:00  -  0:14,0:15  -  0:29,0:30  -  0:44"
96,22:00  -  22:14,60574952,Copperbelt,Kitwe,Urban,Male,1,None,C1,Completed high School,Other Christian,Working Full-Time,D,K 850-K 1674,Yes,35 – 44,"18:00  -  18:14,18:15  -  18:29,18:30  -  18:44,18:45  -  18:59,20:00  -  20:14,20:15  -  20:29,20:30  -  20:44,20:45  -  20:59,21:00  -  21:14,21:15  -  21:29,21:30  -  21:44,21:45  -  21:59,22:00  -  22:14,22:15  -  22:29,22:30  -  22:44,22:45  -  22:59,23:45  -  23:59,0:00  -  0:14,0:15  -  0:29,0:30  -  0:44"
97,20:15  -  20:29,60574952,Copperbelt,Kitwe,Urban,Male,1,None,C1,Completed high School,Other Christian,Working Full-Time,D,K 850-K 1674,Yes,35 – 44,"18:00  -  18:14,18:15  -  18:29,18:30  -  18:44,18:45  -  18:59,20:00  -  20:14,20:15  -  20:29,20:30  -  20:44,20:45  -  20:59,21:00  -  21:14,21:15  -  21:29,21:30  -  21:44,21:45  -  21:59,22:00  -  22:14,22:15  -  22:29,22:30  -  22:44,22:45  -  22:59,23:45  -  23:59,0:00  -  0:14,0:15  -  0:29,0:30  -  0:44"
98,20:30  -  20:44,60574952,Copperbelt,Kitwe,Urban,Male,1,None,C1,Completed high School,Other Christian,Working Full-Time,D,K 850-K 1674,Yes,35 – 44,"18:00  -  18:14,18:15  -  18:29,18:30  -  18:44,18:45  -  18:59,20:00  -  20:14,20:15  -  20:29,20:30  -  20:44,20:45  -  20:59,21:00  -  21:14,21:15  -  21:29,21:30  -  21:44,21:45  -  21:59,22:00  -  22:14,22:15  -  22:29,22:30  -  22:44,22:45  -  22:59,23:45  -  23:59,0:00  -  0:14,0:15  -  0:29,0:30  -  0:44"
99,18:30  -  18:44,60574952,Copperbelt,Kitwe,Urban,Male,1,None,C1,Completed high School,Other Christian,Working Full-Time,D,K 850-K 1674,Yes,35 – 44,"18:00  -  18:14,18:15  -  18:29,18:30  -  18:44,18:45  -  18:59,20:00  -  20:14,20:15  -  20:29,20:30  -  20:44,20:45  -  20:59,21:00  -  21:14,21:15  -  21:29,21:30  -  21:44,21:45  -  21:59,22:00  -  22:14,22:15  -  22:29,22:30  -  22:44,22:45  -  22:59,23:45  -  23:59,0:00  -  0:14,0:15  -  0:29,0:30  -  0:44"
100,0:00  -  0:14,60574952,Copperbelt,Kitwe,Urban,Male,1,None,C1,Completed high School,Other Christian,Working Full-Time,D,K 850-K 1674,Yes,35 – 44,"18:00  -  18:14,18:15  -  18:29,18:30  -  18:44,18:45  -  18:59,20:00  -  20:14,20:15  -  20:29,20:30  -  20:44,20:45  -  20:59,21:00  -  21:14,21:15  -  21:29,21:30  -  21:44,21:45  -  21:59,22:00  -  22:14,22:15  -  22:29,22:30  -  22:44,22:45  -  22:59,23:45  -  23:59,0:00  -  0:14,0:15  -  0:29,0:30  -  0:44"
101,18:45  -  18:59,60574952,Copperbelt,Kitwe,Urban,Male,1,None,C1,Completed high School,Other Christian,Working Full-Time,D,K 850-K 1674,Yes,35 – 44,"18:00  -  18:14,18:15  -  18:29,18:30  -  18:44,18:45  -  18:59,20:00  -  20:14,20:15  -  20:29,20:30  -  20:44,20:45  -  20:59,21:00  -  21:14,21:15  -  21:29,21:30  -  21:44,21:45  -  21:59,22:00  -  22:14,22:15  -  22:29,22:30  -  22:44,22:45  -  22:59,23:45  -  23:59,0:00  -  0:14,0:15  -  0:29,0:30  -  0:44"
102,18:00  -  18:14,60574952,Copperbelt,Kitwe,Urban,Male,1,None,C1,Completed high School,Other Christian,Working Full-Time,D,K 850-K 1674,Yes,35 – 44,"18:00  -  18:14,18:15  -  18:29,18:30  -  18:44,18:45  -  18:59,20:00  -  20:14,20:15  -  20:29,20:30  -  20:44,20:45  -  20:59,21:00  -  21:14,21:15  -  21:29,21:30  -  21:44,21:45  -  21:59,22:00  -  22:14,22:15  -  22:29,22:30  -  22:44,22:45  -  22:59,23:45  -  23:59,0:00  -  0:14,0:15  -  0:29,0:30  -  0:44"
103,22:30  -  22:44,60574952,Copperbelt,Kitwe,Urban,Male,1,None,C1,Completed high School,Other Christian,Working Full-Time,D,K 850-K 1674,Yes,35 – 44,"18:00  -  18:14,18:15  -  18:29,18:30  -  18:44,18:45  -  18:59,20:00  -  20:14,20:15  -  20:29,20:30  -  20:44,20:45  -  20:59,21:00  -  21:14,21:15  -  21:29,21:30  -  21:44,21:45  -  21:59,22:00  -  22:14,22:15  -  22:29,22:30  -  22:44,22:45  -  22:59,23:45  -  23:59,0:00  -  0:14,0:15  -  0:29,0:30  -  0:44"
104,21:45  -  21:59,60574952,Copperbelt,Kitwe,Urban,Male,1,None,C1,Completed high School,Other Christian,Working Full-Time,D,K 850-K 1674,Yes,35 – 44,"18:00  -  18:14,18:15  -  18:29,18:30  -  18:44,18:45  -  18:59,20:00  -  20:14,20:15  -  20:29,20:30  -  20:44,20:45  -  20:59,21:00  -  21:14,21:15  -  21:29,21:30  -  21:44,21:45  -  21:59,22:00  -  22:14,22:15  -  22:29,22:30  -  22:44,22:45  -  22:59,23:45  -  23:59,0:00  -  0:14,0:15  -  0:29,0:30  -  0:44"
105,22:45  -  22:59,60574952,Copperbelt,Kitwe,Urban,Male,1,None,C1,Completed high School,Other Christian,Working Full-Time,D,K 850-K 1674,Yes,35 – 44,"18:00  -  18:14,18:15  -  18:29,18:30  -  18:44,18:45  -  18:59,20:00  -  20:14,20:15  -  20:29,20:30  -  20:44,20:45  -  20:59,21:00  -  21:14,21:15  -  21:29,21:30  -  21:44,21:45  -  21:59,22:00  -  22:14,22:15  -  22:29,22:30  -  22:44,22:45  -  22:59,23:45  -  23:59,0:00  -  0:14,0:15  -  0:29,0:30  -  0:44"
106,21:00  -  21:14,60574952,Copperbelt,Kitwe,Urban,Male,1,None,C1,Completed high School,Other Christian,Working Full-Time,D,K 850-K 1674,Yes,35 – 44,"18:00  -  18:14,18:15  -  18:29,18:30  -  18:44,18:45  -  18:59,20:00  -  20:14,20:15  -  20:29,20:30  -  20:44,20:45  -  20:59,21:00  -  21:14,21:15  -  21:29,21:30  -  21:44,21:45  -  21:59,22:00  -  22:14,22:15  -  22:29,22:30  -  22:44,22:45  -  22:59,23:45  -  23:59,0:00  -  0:14,0:15  -  0:29,0:30  -  0:44"
107,20:45  -  20:59,60574952,Copperbelt,Kitwe,Urban,Male,1,None,C1,Completed high School,Other Christian,Working Full-Time,D,K 850-K 1674,Yes,35 – 44,"18:00  -  18:14,18:15  -  18:29,18:30  -  18:44,18:45  -  18:59,20:00  -  20:14,20:15  -  20:29,20:30  -  20:44,20:45  -  20:59,21:00  -  21:14,21:15  -  21:29,21:30  -  21:44,21:45  -  21:59,22:00  -  22:14,22:15  -  22:29,22:30  -  22:44,22:45  -  22:59,23:45  -  23:59,0:00  -  0:14,0:15  -  0:29,0:30  -  0:44"
108,0:30  -  0:44,60574952,Copperbelt,Kitwe,Urban,Male,1,None,C1,Completed high School,Other Christian,Working Full-Time,D,K 850-K 1674,Yes,35 – 44,"18:00  -  18:14,18:15  -  18:29,18:30  -  18:44,18:45  -  18:59,20:00  -  20:14,20:15  -  20:29,20:30  -  20:44,20:45  -  20:59,21:00  -  21:14,21:15  -  21:29,21:30  -  21:44,21:45  -  21:59,22:00  -  22:14,22:15  -  22:29,22:30  -  22:44,22:45  -  22:59,23:45  -  23:59,0:00  -  0:14,0:15  -  0:29,0:30  -  0:44"
109,21:30  -  21:44,60574952,Copperbelt,Kitwe,Urban,Male,1,None,C1,Completed high School,Other Christian,Working Full-Time,D,K 850-K 1674,Yes,35 – 44,"18:00  -  18:14,18:15  -  18:29,18:30  -  18:44,18:45  -  18:59,20:00  -  20:14,20:15  -  20:29,20:30  -  20:44,20:45  -  20:59,21:00  -  21:14,21:15  -  21:29,21:30  -  21:44,21:45  -  21:59,22:00  -  22:14,22:15  -  22:29,22:30  -  22:44,22:45  -  22:59,23:45  -  23:59,0:00  -  0:14,0:15  -  0:29,0:30  -  0:44"
110,21:15  -  21:29,60574952,Copperbelt,Kitwe,Urban,Male,1,None,C1,Completed high School,Other Christian,Working Full-Time,D,K 850-K 1674,Yes,35 – 44,"18:00  -  18:14,18:15  -  18:29,18:30  -  18:44,18:45  -  18:59,20:00  -  20:14,20:15  -  20:29,20:30  -  20:44,20:45  -  20:59,21:00  -  21:14,21:15  -  21:29,21:30  -  21:44,21:45  -  21:59,22:00  -  22:14,22:15  -  22:29,22:30  -  22:44,22:45  -  22:59,23:45  -  23:59,0:00  -  0:14,0:15  -  0:29,0:30  -  0:44"
111,0:15  -  0:29,60574952,Copperbelt,Kitwe,Urban,Male,1,None,C1,Completed high School,Other Christian,Working Full-Time,D,K 850-K 1674,Yes,35 – 44,"18:00  -  18:14,18:15  -  18:29,18:30  -  18:44,18:45  -  18:59,20:00  -  20:14,20:15  -  20:29,20:30  -  20:44,20:45  -  20:59,21:00  -  21:14,21:15  -  21:29,21:30  -  21:44,21:45  -  21:59,22:00  -  22:14,22:15  -  22:29,22:30  -  22:44,22:45  -  22:59,23:45  -  23:59,0:00  -  0:14,0:15  -  0:29,0:30  -  0:44"
112,20:00  -  20:14,60574952,Copperbelt,Kitwe,Urban,Male,1,None,C1,Completed high School,Other Christian,Working Full-Time,D,K 850-K 1674,Yes,35 – 44,"18:00  -  18:14,18:15  -  18:29,18:30  -  18:44,18:45  -  18:59,20:00  -  20:14,20:15  -  20:29,20:30  -  20:44,20:45  -  20:59,21:00  -  21:14,21:15  -  21:29,21:30  -  21:44,21:45  -  21:59,22:00  -  22:14,22:15  -  22:29,22:30  -  22:44,22:45  -  22:59,23:45  -  23:59,0:00  -  0:14,0:15  -  0:29,0:30  -  0:44"
113,19:00  -  19:14,60583044,Copperbelt,Kitwe,Urban,Male,3,One,C1,Some high school,Roman Catholic,Working Full-Time,C2,"K 17,500   - K  21,370",Yes,25 – 34,"18:00  -  18:14,18:15  -  18:29,18:30  -  18:44,18:45  -  18:59,19:00  -  19:14,19:15  -  19:29,19:30  -  19:44,19:45  -  19:59"
114,18:45  -  18:59,60583044,Copperbelt,Kitwe,Urban,Male,3,One,C1,Some high school,Roman Catholic,Working Full-Time,C2,"K 17,500   - K  21,370",Yes,25 – 34,"18:00  -  18:14,18:15  -  18:29,18:30  -  18:44,18:45  -  18:59,19:00  -  19:14,19:15  -  19:29,19:30  -  19:44,19:45  -  19:59"
115,19:45  -  19:59,60583044,Copperbelt,Kitwe,Urban,Male,3,One,C1,Some high school,Roman Catholic,Working Full-Time,C2,"K 17,500   - K  21,370",Yes,25 – 34,"18:00  -  18:14,18:15  -  18:29,18:30  -  18:44,18:45  -  18:59,19:00  -  19:14,19:15  -  19:29,19:30  -  19:44,19:45  -  19:59"
116,18:15  -  18:29,60583044,Copperbelt,Kitwe,Urban,Male,3,One,C1,Some high school,Roman Catholic,Working Full-Time,C2,"K 17,500   - K  21,370",Yes,25 – 34,"18:00  -  18:14,18:15  -  18:29,18:30  -  18:44,18:45  -  18:59,19:00  -  19:14,19:15  -  19:29,19:30  -  19:44,19:45  -  19:59"
117,18:00  -  18:14,60583044,Copperbelt,Kitwe,Urban,Male,3,One,C1,Some high school,Roman Catholic,Working Full-Time,C2,"K 17,500   - K  21,370",Yes,25 – 34,"18:00  -  18:14,18:15  -  18:29,18:30  -  18:44,18:45  -  18:59,19:00  -  19:14,19:15  -  19:29,19:30  -  19:44,19:45  -  19:59"
118,19:15  -  19:29,60583044,Copperbelt,Kitwe,Urban,Male,3,One,C1,Some high school,Roman Catholic,Working Full-Time,C2,"K 17,500   - K  21,370",Yes,25 – 34,"18:00  -  18:14,18:15  -  18:29,18:30  -  18:44,18:45  -  18:59,19:00  -  19:14,19:15  -  19:29,19:30  -  19:44,19:45  -  19:59"
119,18:30  -  18:44,60583044,Copperbelt,Kitwe,Urban,Male,3,One,C1,Some high school,Roman Catholic,Working Full-Time,C2,"K 17,500   - K  21,370",Yes,25 – 34,"18:00  -  18:14,18:15  -  18:29,18:30  -  18:44,18:45  -  18:59,19:00  -  19:14,19:15  -  19:29,19:30  -  19:44,19:45  -  19:59"
120,19:30  -  19:44,60583044,Copperbelt,Kitwe,Urban,Male,3,One,C1,Some high school,Roman Catholic,Working Full-Time,C2,"K 17,500   - K  21,370",Yes,25 – 34,"18:00  -  18:14,18:15  -  18:29,18:30  -  18:44,18:45  -  18:59,19:00  -  19:14,19:15  -  19:29,19:30  -  19:44,19:45  -  19:59"
121,17:15  -  17:29,60583053,Copperbelt,Kitwe,Urban,Female,3,None,C1,Some university,Seventh Day Adventists,Working Full-Time,C2,"K 3,891  -  K 4,627",Yes,25 – 34,"17:00  -  17:14,17:15  -  17:29,17:30  -  17:44,17:45  -  17:59,18:00  -  18:14,18:15  -  18:29,18:30  -  18:44,18:45  -  18:59,19:00  -  19:14,19:15  -  19:29,19:30  -  19:44,19:45  -  19:59,20:00  -  20:14,20:15  -  20:29,20:30  -  20:44,20:45  -  20:59,21:00  -  21:14,21:15  -  21:29,21:30  -  21:44,21:45  -  21:59"
122,19:00  -  19:14,60583053,Copperbelt,Kitwe,Urban,Female,3,None,C1,Some university,Seventh Day Adventists,Working Full-Time,C2,"K 3,891  -  K 4,627",Yes,25 – 34,"17:00  -  17:14,17:15  -  17:29,17:30  -  17:44,17:45  -  17:59,18:00  -  18:14,18:15  -  18:29,18:30  -  18:44,18:45  -  18:59,19:00  -  19:14,19:15  -  19:29,19:30  -  19:44,19:45  -  19:59,20:00  -  20:14,20:15  -  20:29,20:30  -  20:44,20:45  -  20:59,21:00  -  21:14,21:15  -  21:29,21:30  -  21:44,21:45  -  21:59"
123,19:45  -  19:59,60583053,Copperbelt,Kitwe,Urban,Female,3,None,C1,Some university,Seventh Day Adventists,Working Full-Time,C2,"K 3,891  -  K 4,627",Yes,25 – 34,"17:00  -  17:14,17:15  -  17:29,17:30  -  17:44,17:45  -  17:59,18:00  -  18:14,18:15  -  18:29,18:30  -  18:44,18:45  -  18:59,19:00  -  19:14,19:15  -  19:29,19:30  -  19:44,19:45  -  19:59,20:00  -  20:14,20:15  -  20:29,20:30  -  20:44,20:45  -  20:59,21:00  -  21:14,21:15  -  21:29,21:30  -  21:44,21:45  -  21:59"
124,18:15  -  18:29,60583053,Copperbelt,Kitwe,Urban,Female,3,None,C1,Some university,Seventh Day Adventists,Working Full-Time,C2,"K 3,891  -  K 4,627",Yes,25 – 34,"17:00  -  17:14,17:15  -  17:29,17:30  -  17:44,17:45  -  17:59,18:00  -  18:14,18:15  -  18:29,18:30  -  18:44,18:45  -  18:59,19:00  -  19:14,19:15  -  19:29,19:30  -  19:44,19:45  -  19:59,20:00  -  20:14,20:15  -  20:29,20:30  -  20:44,20:45  -  20:59,21:00  -  21:14,21:15  -  21:29,21:30  -  21:44,21:45  -  21:59"
125,20:15  -  20:29,60583053,Copperbelt,Kitwe,Urban,Female,3,None,C1,Some university,Seventh Day Adventists,Working Full-Time,C2,"K 3,891  -  K 4,627",Yes,25 – 34,"17:00  -  17:14,17:15  -  17:29,17:30  -  17:44,17:45  -  17:59,18:00  -  18:14,18:15  -  18:29,18:30  -  18:44,18:45  -  18:59,19:00  -  19:14,19:15  -  19:29,19:30  -  19:44,19:45  -  19:59,20:00  -  20:14,20:15  -  20:29,20:30  -  20:44,20:45  -  20:59,21:00  -  21:14,21:15  -  21:29,21:30  -  21:44,21:45  -  21:59"
126,20:30  -  20:44,60583053,Copperbelt,Kitwe,Urban,Female,3,None,C1,Some university,Seventh Day Adventists,Working Full-Time,C2,"K 3,891  -  K 4,627",Yes,25 – 34,"17:00  -  17:14,17:15  -  17:29,17:30  -  17:44,17:45  -  17:59,18:00  -  18:14,18:15  -  18:29,18:30  -  18:44,18:45  -  18:59,19:00  -  19:14,19:15  -  19:29,19:30  -  19:44,19:45  -  19:59,20:00  -  20:14,20:15  -  20:29,20:30  -  20:44,20:45  -  20:59,21:00  -  21:14,21:15  -  21:29,21:30  -  21:44,21:45  -  21:59"
127,18:30  -  18:44,60583053,Copperbelt,Kitwe,Urban,Female,3,None,C1,Some university,Seventh Day Adventists,Working Full-Time,C2,"K 3,891  -  K 4,627",Yes,25 – 34,"17:00  -  17:14,17:15  -  17:29,17:30  -  17:44,17:45  -  17:59,18:00  -  18:14,18:15  -  18:29,18:30  -  18:44,18:45  -  18:59,19:00  -  19:14,19:15  -  19:29,19:30  -  19:44,19:45  -  19:59,20:00  -  20:14,20:15  -  20:29,20:30  -  20:44,20:45  -  20:59,21:00  -  21:14,21:15  -  21:29,21:30  -  21:44,21:45  -  21:59"
128,18:45  -  18:59,60583053,Copperbelt,Kitwe,Urban,Female,3,None,C1,Some university,Seventh Day Adventists,Working Full-Time,C2,"K 3,891  -  K 4,627",Yes,25 – 34,"17:00  -  17:14,17:15  -  17:29,17:30  -  17:44,17:45  -  17:59,18:00  -  18:14,18:15  -  18:29,18:30  -  18:44,18:45  -  18:59,19:00  -  19:14,19:15  -  19:29,19:30  -  19:44,19:45  -  19:59,20:00  -  20:14,20:15  -  20:29,20:30  -  20:44,20:45  -  20:59,21:00  -  21:14,21:15  -  21:29,21:30  -  21:44,21:45  -  21:59"
129,17:00  -  17:14,60583053,Copperbelt,Kitwe,Urban,Female,3,None,C1,Some university,Seventh Day Adventists,Working Full-Time,C2,"K 3,891  -  K 4,627",Yes,25 – 34,"17:00  -  17:14,17:15  -  17:29,17:30  -  17:44,17:45  -  17:59,18:00  -  18:14,18:15  -  18:29,18:30  -  18:44,18:45  -  18:59,19:00  -  19:14,19:15  -  19:29,19:30  -  19:44,19:45  -  19:59,20:00  -  20:14,20:15  -  20:29,20:30  -  20:44,20:45  -  20:59,21:00  -  21:14,21:15  -  21:29,21:30  -  21:44,21:45  -  21:59"
130,18:00  -  18:14,60583053,Copperbelt,Kitwe,Urban,Female,3,None,C1,Some university,Seventh Day Adventists,Working Full-Time,C2,"K 3,891  -  K 4,627",Yes,25 – 34,"17:00  -  17:14,17:15  -  17:29,17:30  -  17:44,17:45  -  17:59,18:00  -  18:14,18:15  -  18:29,18:30  -  18:44,18:45  -  18:59,19:00  -  19:14,19:15  -  19:29,19:30  -  19:44,19:45  -  19:59,20:00  -  20:14,20:15  -  20:29,20:30  -  20:44,20:45  -  20:59,21:00  -  21:14,21:15  -  21:29,21:30  -  21:44,21:45  -  21:59"
131,19:15  -  19:29,60583053,Copperbelt,Kitwe,Urban,Female,3,None,C1,Some university,Seventh Day Adventists,Working Full-Time,C2,"K 3,891  -  K 4,627",Yes,25 – 34,"17:00  -  17:14,17:15  -  17:29,17:30  -  17:44,17:45  -  17:59,18:00  -  18:14,18:15  -  18:29,18:30  -  18:44,18:45  -  18:59,19:00  -  19:14,19:15  -  19:29,19:30  -  19:44,19:45  -  19:59,20:00  -  20:14,20:15  -  20:29,20:30  -  20:44,20:45  -  20:59,21:00  -  21:14,21:15  -  21:29,21:30  -  21:44,21:45  -  21:59"
132,17:45  -  17:59,60583053,Copperbelt,Kitwe,Urban,Female,3,None,C1,Some university,Seventh Day Adventists,Working Full-Time,C2,"K 3,891  -  K 4,627",Yes,25 – 34,"17:00  -  17:14,17:15  -  17:29,17:30  -  17:44,17:45  -  17:59,18:00  -  18:14,18:15  -  18:29,18:30  -  18:44,18:45  -  18:59,19:00  -  19:14,19:15  -  19:29,19:30  -  19:44,19:45  -  19:59,20:00  -  20:14,20:15  -  20:29,20:30  -  20:44,20:45  -  20:59,21:00  -  21:14,21:15  -  21:29,21:30  -  21:44,21:45  -  21:59"
133,21:45  -  21:59,60583053,Copperbelt,Kitwe,Urban,Female,3,None,C1,Some university,Seventh Day Adventists,Working Full-Time,C2,"K 3,891  -  K 4,627",Yes,25 – 34,"17:00  -  17:14,17:15  -  17:29,17:30  -  17:44,17:45  -  17:59,18:00  -  18:14,18:15  -  18:29,18:30  -  18:44,18:45  -  18:59,19:00  -  19:14,19:15  -  19:29,19:30  -  19:44,19:45  -  19:59,20:00  -  20:14,20:15  -  20:29,20:30  -  20:44,20:45  -  20:59,21:00  -  21:14,21:15  -  21:29,21:30  -  21:44,21:45  -  21:59"
134,21:00  -  21:14,60583053,Copperbelt,Kitwe,Urban,Female,3,None,C1,Some university,Seventh Day Adventists,Working Full-Time,C2,"K 3,891  -  K 4,627",Yes,25 – 34,"17:00  -  17:14,17:15  -  17:29,17:30  -  17:44,17:45  -  17:59,18:00  -  18:14,18:15  -  18:29,18:30  -  18:44,18:45  -  18:59,19:00  -  19:14,19:15  -  19:29,19:30  -  19:44,19:45  -  19:59,20:00  -  20:14,20:15  -  20:29,20:30  -  20:44,20:45  -  20:59,21:00  -  21:14,21:15  -  21:29,21:30  -  21:44,21:45  -  21:59"
135,20:45  -  20:59,60583053,Copperbelt,Kitwe,Urban,Female,3,None,C1,Some university,Seventh Day Adventists,Working Full-Time,C2,"K 3,891  -  K 4,627",Yes,25 – 34,"17:00  -  17:14,17:15  -  17:29,17:30  -  17:44,17:45  -  17:59,18:00  -  18:14,18:15  -  18:29,18:30  -  18:44,18:45  -  18:59,19:00  -  19:14,19:15  -  19:29,19:30  -  19:44,19:45  -  19:59,20:00  -  20:14,20:15  -  20:29,20:30  -  20:44,20:45  -  20:59,21:00  -  21:14,21:15  -  21:29,21:30  -  21:44,21:45  -  21:59"
136,21:30  -  21:44,60583053,Copperbelt,Kitwe,Urban,Female,3,None,C1,Some university,Seventh Day Adventists,Working Full-Time,C2,"K 3,891  -  K 4,627",Yes,25 – 34,"17:00  -  17:14,17:15  -  17:29,17:30  -  17:44,17:45  -  17:59,18:00  -  18:14,18:15  -  18:29,18:30  -  18:44,18:45  -  18:59,19:00  -  19:14,19:15  -  19:29,19:30  -  19:44,19:45  -  19:59,20:00  -  20:14,20:15  -  20:29,20:30  -  20:44,20:45  -  20:59,21:00  -  21:14,21:15  -  21:29,21:30  -  21:44,21:45  -  21:59"
137,21:15  -  21:29,60583053,Copperbelt,Kitwe,Urban,Female,3,None,C1,Some university,Seventh Day Adventists,Working Full-Time,C2,"K 3,891  -  K 4,627",Yes,25 – 34,"17:00  -  17:14,17:15  -  17:29,17:30  -  17:44,17:45  -  17:59,18:00  -  18:14,18:15  -  18:29,18:30  -  18:44,18:45  -  18:59,19:00  -  19:14,19:15  -  19:29,19:30  -  19:44,19:45  -  19:59,20:00  -  20:14,20:15  -  20:29,20:30  -  20:44,20:45  -  20:59,21:00  -  21:14,21:15  -  21:29,21:30  -  21:44,21:45  -  21:59"
138,17:30  -  17:44,60583053,Copperbelt,Kitwe,Urban,Female,3,None,C1,Some university,Seventh Day Adventists,Working Full-Time,C2,"K 3,891  -  K 4,627",Yes,25 – 34,"17:00  -  17:14,17:15  -  17:29,17:30  -  17:44,17:45  -  17:59,18:00  -  18:14,18:15  -  18:29,18:30  -  18:44,18:45  -  18:59,19:00  -  19:14,19:15  -  19:29,19:30  -  19:44,19:45  -  19:59,20:00  -  20:14,20:15  -  20:29,20:30  -  20:44,20:45  -  20:59,21:00  -  21:14,21:15  -  21:29,21:30  -  21:44,21:45  -  21:59"
139,20:00  -  20:14,60583053,Copperbelt,Kitwe,Urban,Female,3,None,C1,Some university,Seventh Day Adventists,Working Full-Time,C2,"K 3,891  -  K 4,627",Yes,25 – 34,"17:00  -  17:14,17:15  -  17:29,17:30  -  17:44,17:45  -  17:59,18:00  -  18:14,18:15  -  18:29,18:30  -  18:44,18:45  -  18:59,19:00  -  19:14,19:15  -  19:29,19:30  -  19:44,19:45  -  19:59,20:00  -  20:14,20:15  -  20:29,20:30  -  20:44,20:45  -  20:59,21:00  -  21:14,21:15  -  21:29,21:30  -  21:44,21:45  -  21:59"
140,19:30  -  19:44,60583053,Copperbelt,Kitwe,Urban,Female,3,None,C1,Some university,Seventh Day Adventists,Working Full-Time,C2,"K 3,891  -  K 4,627",Yes,25 – 34,"17:00  -  17:14,17:15  -  17:29,17:30  -  17:44,17:45  -  17:59,18:00  -  18:14,18:15  -  18:29,18:30  -  18:44,18:45  -  18:59,19:00  -  19:14,19:15  -  19:29,19:30  -  19:44,19:45  -  19:59,20:00  -  20:14,20:15  -  20:29,20:30  -  20:44,20:45  -  20:59,21:00  -  21:14,21:15  -  21:29,21:30  -  21:44,21:45  -  21:59"
141,8:00  -  8:14,60583347,Lusaka,Kafue,Urban,Male,2,None,C1,Completed high School,Other Christian,Retired - voluntary scholarspensioners,No Income,No Income,Yes,45+,"8:00  -  8:14,9:00  -  9:14,10:00  -  10:14,10:45  -  10:59,12:00  -  12:14"
142,10:45  -  10:59,60583347,Lusaka,Kafue,Urban,Male,2,None,C1,Completed high School,Other Christian,Retired - voluntary scholarspensioners,No Income,No Income,Yes,45+,"8:00  -  8:14,9:00  -  9:14,10:00  -  10:14,10:45  -  10:59,12:00  -  12:14"
143,12:00  -  12:14,60583347,Lusaka,Kafue,Urban,Male,2,None,C1,Completed high School,Other Christian,Retired - voluntary scholarspensioners,No Income,No Income,Yes,45+,"8:00  -  8:14,9:00  -  9:14,10:00  -  10:14,10:45  -  10:59,12:00  -  12:14"
144,10:00  -  10:14,60583347,Lusaka,Kafue,Urban,Male,2,None,C1,Completed high School,Other Christian,Retired - voluntary scholarspensioners,No Income,No Income,Yes,45+,"8:00  -  8:14,9:00  -  9:14,10:00  -  10:14,10:45  -  10:59,12:00  -  12:14"
145,9:00  -  9:14,60583347,Lusaka,Kafue,Urban,Male,2,None,C1,Completed high School,Other Christian,Retired - voluntary scholarspensioners,No Income,No Income,Yes,45+,"8:00  -  8:14,9:00  -  9:14,10:00  -  10:14,10:45  -  10:59,12:00  -  12:14"
146,18:45  -  18:59,60588160,Southern,Livingstone,Urban,Female,0,None,C1,Completed high School,Seventh Day Adventists,Unemployed [SEEKING A JOB],D,K 850-K 1674,No,45+,"17:00  -  17:14,17:15  -  17:29,17:30  -  17:44,17:45  -  17:59,18:00  -  18:14,18:15  -  18:29,18:30  -  18:44,18:45  -  18:59"
147,17:15  -  17:29,60588160,Southern,Livingstone,Urban,Female,0,None,C1,Completed high School,Seventh Day Adventists,Unemployed [SEEKING A JOB],D,K 850-K 1674,No,45+,"17:00  -  17:14,17:15  -  17:29,17:30  -  17:44,17:45  -  17:59,18:00  -  18:14,18:15  -  18:29,18:30  -  18:44,18:45  -  18:59"
148,17:00  -  17:14,60588160,Southern,Livingstone,Urban,Female,0,None,C1,Completed high School,Seventh Day Adventists,Unemployed [SEEKING A JOB],D,K 850-K 1674,No,45+,"17:00  -  17:14,17:15  -  17:29,17:30  -  17:44,17:45  -  17:59,18:00  -  18:14,18:15  -  18:29,18:30  -  18:44,18:45  -  18:59"
149,18:15  -  18:29,60588160,Southern,Livingstone,Urban,Female,0,None,C1,Completed high School,Seventh Day Adventists,Unemployed [SEEKING A JOB],D,K 850-K 1674,No,45+,"17:00  -  17:14,17:15  -  17:29,17:30  -  17:44,17:45  -  17:59,18:00  -  18:14,18:15  -  18:29,18:30  -  18:44,18:45  -  18:59"
150,18:00  -  18:14,60588160,Southern,Livingstone,Urban,Female,0,None,C1,Completed high School,Seventh Day Adventists,Unemployed [SEEKING A JOB],D,K 850-K 1674,No,45+,"17:00  -  17:14,17:15  -  17:29,17:30  -  17:44,17:45  -  17:59,18:00  -  18:14,18:15  -  18:29,18:30  -  18:44,18:45  -  18:59"
151,18:30  -  18:44,60588160,Southern,Livingstone,Urban,Female,0,None,C1,Completed high School,Seventh Day Adventists,Unemployed [SEEKING A JOB],D,K 850-K 1674,No,45+,"17:00  -  17:14,17:15  -  17:29,17:30  -  17:44,17:45  -  17:59,18:00  -  18:14,18:15  -  18:29,18:30  -  18:44,18:45  -  18:59"
152,17:45  -  17:59,60588160,Southern,Livingstone,Urban,Female,0,None,C1,Completed high School,Seventh Day Adventists,Unemployed [SEEKING A JOB],D,K 850-K 1674,No,45+,"17:00  -  17:14,17:15  -  17:29,17:30  -  17:44,17:45  -  17:59,18:00  -  18:14,18:15  -  18:29,18:30  -  18:44,18:45  -  18:59"
153,17:30  -  17:44,60588160,Southern,Livingstone,Urban,Female,0,None,C1,Completed high School,Seventh Day Adventists,Unemployed [SEEKING A JOB],D,K 850-K 1674,No,45+,"17:00  -  17:14,17:15  -  17:29,17:30  -  17:44,17:45  -  17:59,18:00  -  18:14,18:15  -  18:29,18:30  -  18:44,18:45  -  18:59"
154,21:00  -  21:14,60716616,Copperbelt,Mufulira,Urban,Male,0,None,C1,Any other post-high school qualification,Other Christian,Student,Do not know,No Income,Yes,25 – 34,"20:00  -  20:14,20:15  -  20:29,20:30  -  20:44,20:45  -  20:59,21:00  -  21:14,21:15  -  21:29,21:30  -  21:44,21:45  -  21:59"
155,20:45  -  20:59,60716616,Copperbelt,Mufulira,Urban,Male,0,None,C1,Any other post-high school qualification,Other Christian,Student,Do not know,No Income,Yes,25 – 34,"20:00  -  20:14,20:15  -  20:29,20:30  -  20:44,20:45  -  20:59,21:00  -  21:14,21:15  -  21:29,21:30  -  21:44,21:45  -  21:59"
156,21:30  -  21:44,60716616,Copperbelt,Mufulira,Urban,Male,0,None,C1,Any other post-high school qualification,Other Christian,Student,Do not know,No Income,Yes,25 – 34,"20:00  -  20:14,20:15  -  20:29,20:30  -  20:44,20:45  -  20:59,21:00  -  21:14,21:15  -  21:29,21:30  -  21:44,21:45  -  21:59"
157,20:15  -  20:29,60716616,Copperbelt,Mufulira,Urban,Male,0,None,C1,Any other post-high school qualification,Other Christian,Student,Do not know,No Income,Yes,25 – 34,"20:00  -  20:14,20:15  -  20:29,20:30  -  20:44,20:45  -  20:59,21:00  -  21:14,21:15  -  21:29,21:30  -  21:44,21:45  -  21:59"
158,21:15  -  21:29,60716616,Copperbelt,Mufulira,Urban,Male,0,None,C1,Any other post-high school qualification,Other Christian,Student,Do not know,No Income,Yes,25 – 34,"20:00  -  20:14,20:15  -  20:29,20:30  -  20:44,20:45  -  20:59,21:00  -  21:14,21:15  -  21:29,21:30  -  21:44,21:45  -  21:59"
159,20:30  -  20:44,60716616,Copperbelt,Mufulira,Urban,Male,0,None,C1,Any other post-high school qualification,Other Christian,Student,Do not know,No Income,Yes,25 – 34,"20:00  -  20:14,20:15  -  20:29,20:30  -  20:44,20:45  -  20:59,21:00  -  21:14,21:15  -  21:29,21:30  -  21:44,21:45  -  21:59"
160,21:45  -  21:59,60716616,Copperbelt,Mufulira,Urban,Male,0,None,C1,Any other post-high school qualification,Other Christian,Student,Do not know,No Income,Yes,25 – 34,"20:00  -  20:14,20:15  -  20:29,20:30  -  20:44,20:45  -  20:59,21:00  -  21:14,21:15  -  21:29,21:30  -  21:44,21:45  -  21:59"
161,20:00  -  20:14,60716616,Copperbelt,Mufulira,Urban,Male,0,None,C1,Any other post-high school qualification,Other Christian,Student,Do not know,No Income,Yes,25 – 34,"20:00  -  20:14,20:15  -  20:29,20:30  -  20:44,20:45  -  20:59,21:00  -  21:14,21:15  -  21:29,21:30  -  21:44,21:45  -  21:59"
162,14:00  -  14:14,82009407,Southern,Livingstone,Urban,Male,0,None,C1,Some university,Other Christian,Self employed,C1,"K 1675- K2,499",No,35 – 44,"14:00  -  14:14,14:15  -  14:29,14:30  -  14:44,14:45  -  14:59,15:00  -  15:14,15:15  -  15:29,15:30  -  15:44,15:45  -  15:59"
163,14:30  -  14:44,82009407,Southern,Livingstone,Urban,Male,0,None,C1,Some university,Other Christian,Self employed,C1,"K 1675- K2,499",No,35 – 44,"14:00  -  14:14,14:15  -  14:29,14:30  -  14:44,14:45  -  14:59,15:00  -  15:14,15:15  -  15:29,15:30  -  15:44,15:45  -  15:59"
164,14:15  -  14:29,82009407,Southern,Livingstone,Urban,Male,0,None,C1,Some university,Other Christian,Self employed,C1,"K 1675- K2,499",No,35 – 44,"14:00  -  14:14,14:15  -  14:29,14:30  -  14:44,14:45  -  14:59,15:00  -  15:14,15:15  -  15:29,15:30  -  15:44,15:45  -  15:59"
165,15:30  -  15:44,82009407,Southern,Livingstone,Urban,Male,0,None,C1,Some university,Other Christian,Self employed,C1,"K 1675- K2,499",No,35 – 44,"14:00  -  14:14,14:15  -  14:29,14:30  -  14:44,14:45  -  14:59,15:00  -  15:14,15:15  -  15:29,15:30  -  15:44,15:45  -  15:59"
166,15:00  -  15:14,82009407,Southern,Livingstone,Urban,Male,0,None,C1,Some university,Other Christian,Self employed,C1,"K 1675- K2,499",No,35 – 44,"14:00  -  14:14,14:15  -  14:29,14:30  -  14:44,14:45  -  14:59,15:00  -  15:14,15:15  -  15:29,15:30  -  15:44,15:45  -  15:59"
167,15:15  -  15:29,82009407,Southern,Livingstone,Urban,Male,0,None,C1,Some university,Other Christian,Self employed,C1,"K 1675- K2,499",No,35 – 44,"14:00  -  14:14,14:15  -  14:29,14:30  -  14:44,14:45  -  14:59,15:00  -  15:14,15:15  -  15:29,15:30  -  15:44,15:45  -  15:59"
168,15:45  -  15:59,82009407,Southern,Livingstone,Urban,Male,0,None,C1,Some university,Other Christian,Self employed,C1,"K 1675- K2,499",No,35 – 44,"14:00  -  14:14,14:15  -  14:29,14:30  -  14:44,14:45  -  14:59,15:00  -  15:14,15:15  -  15:29,15:30  -  15:44,15:45  -  15:59"
169,14:45  -  14:59,82009407,Southern,Livingstone,Urban,Male,0,None,C1,Some university,Other Christian,Self employed,C1,"K 1675- K2,499",No,35 – 44,"14:00  -  14:14,14:15  -  14:29,14:30  -  14:44,14:45  -  14:59,15:00  -  15:14,15:15  -  15:29,15:30  -  15:44,15:45  -  15:59"
170,19:00  -  19:14,82033093,Eastern,Chipata,Rural,Male,1,None,C1,University completed,Other Christian,Student,C1,Under K 849,Yes,19 – 24,"17:00  -  17:14,17:15  -  17:29,17:30  -  17:44,17:45  -  17:59,18:00  -  18:14,18:15  -  18:29,18:30  -  18:44,18:45  -  18:59,19:00  -  19:14"
171,18:45  -  18:59,82033093,Eastern,Chipata,Rural,Male,1,None,C1,University completed,Other Christian,Student,C1,Under K 849,Yes,19 – 24,"17:00  -  17:14,17:15  -  17:29,17:30  -  17:44,17:45  -  17:59,18:00  -  18:14,18:15  -  18:29,18:30  -  18:44,18:45  -  18:59,19:00  -  19:14"
172,17:15  -  17:29,82033093,Eastern,Chipata,Rural,Male,1,None,C1,University completed,Other Christian,Student,C1,Under K 849,Yes,19 – 24,"17:00  -  17:14,17:15  -  17:29,17:30  -  17:44,17:45  -  17:59,18:00  -  18:14,18:15  -  18:29,18:30  -  18:44,18:45  -  18:59,19:00  -  19:14"
173,17:00  -  17:14,82033093,Eastern,Chipata,Rural,Male,1,None,C1,University completed,Other Christian,Student,C1,Under K 849,Yes,19 – 24,"17:00  -  17:14,17:15  -  17:29,17:30  -  17:44,17:45  -  17:59,18:00  -  18:14,18:15  -  18:29,18:30  -  18:44,18:45  -  18:59,19:00  -  19:14"
174,18:15  -  18:29,82033093,Eastern,Chipata,Rural,Male,1,None,C1,University completed,Other Christian,Student,C1,Under K 849,Yes,19 – 24,"17:00  -  17:14,17:15  -  17:29,17:30  -  17:44,17:45  -  17:59,18:00  -  18:14,18:15  -  18:29,18:30  -  18:44,18:45  -  18:59,19:00  -  19:14"
175,18:00  -  18:14,82033093,Eastern,Chipata,Rural,Male,1,None,C1,University completed,Other Christian,Student,C1,Under K 849,Yes,19 – 24,"17:00  -  17:14,17:15  -  17:29,17:30  -  17:44,17:45  -  17:59,18:00  -  18:14,18:15  -  18:29,18:30  -  18:44,18:45  -  18:59,19:00  -  19:14"
176,18:30  -  18:44,82033093,Eastern,Chipata,Rural,Male,1,None,C1,University completed,Other Christian,Student,C1,Under K 849,Yes,19 – 24,"17:00  -  17:14,17:15  -  17:29,17:30  -  17:44,17:45  -  17:59,18:00  -  18:14,18:15  -  18:29,18:30  -  18:44,18:45  -  18:59,19:00  -  19:14"
177,17:45  -  17:59,82033093,Eastern,Chipata,Rural,Male,1,None,C1,University completed,Other Christian,Student,C1,Under K 849,Yes,19 – 24,"17:00  -  17:14,17:15  -  17:29,17:30  -  17:44,17:45  -  17:59,18:00  -  18:14,18:15  -  18:29,18:30  -  18:44,18:45  -  18:59,19:00  -  19:14"
178,17:30  -  17:44,82033093,Eastern,Chipata,Rural,Male,1,None,C1,University completed,Other Christian,Student,C1,Under K 849,Yes,19 – 24,"17:00  -  17:14,17:15  -  17:29,17:30  -  17:44,17:45  -  17:59,18:00  -  18:14,18:15  -  18:29,18:30  -  18:44,18:45  -  18:59,19:00  -  19:14"
179,20:15  -  20:29,82105099,Copperbelt,Kitwe,Urban,Female,1,None,C1,Some high school,Other Christian,A business owner,C1,"K 1675- K2,499",Yes,35 – 44,20:15  -  20:29
180,13:00  -  13:14,82112241,Southern,Livingstone,Urban,Male,1,None,C1,Completed high School,Other Christian,Other (specify),C1,"K 2,500   -  K 3,154",No,35 – 44,"13:00  -  13:14,13:15  -  13:29,13:30  -  13:44,13:45  -  13:59"
181,13:45  -  13:59,82112241,Southern,Livingstone,Urban,Male,1,None,C1,Completed high School,Other Christian,Other (specify),C1,"K 2,500   -  K 3,154",No,35 – 44,"13:00  -  13:14,13:15  -  13:29,13:30  -  13:44,13:45  -  13:59"
182,13:15  -  13:29,82112241,Southern,Livingstone,Urban,Male,1,None,C1,Completed high School,Other Christian,Other (specify),C1,"K 2,500   -  K 3,154",No,35 – 44,"13:00  -  13:14,13:15  -  13:29,13:30  -  13:44,13:45  -  13:59"
183,13:30  -  13:44,82112241,Southern,Livingstone,Urban,Male,1,None,C1,Completed high School,Other Christian,Other (specify),C1,"K 2,500   -  K 3,154",No,35 – 44,"13:00  -  13:14,13:15  -  13:29,13:30  -  13:44,13:45  -  13:59"
184,19:00  -  19:14,82113727,Southern,Livingstone,Urban,Male,0,None,C1,Some university,Other Christian,Student,C1,Under K 849,No,19 – 24,"19:00  -  19:14,19:15  -  19:29"
185,19:15  -  19:29,82113727,Southern,Livingstone,Urban,Male,0,None,C1,Some university,Other Christian,Student,C1,Under K 849,No,19 – 24,"19:00  -  19:14,19:15  -  19:29"
186,12:15  -  12:29,82188309,Copperbelt,Kitwe,Urban,Female,2,One,C1,Some primary school,Other Christian,A business owner,C1,"K 3,155   -  K 3,890",Yes,35 – 44,12:15  -  12:29
187,12:00  -  12:14,82203700,Copperbelt,Kitwe,Urban,Female,2,None,C1,Some university,Other Christian,A housewife/househusband,C1,"K 1675- K2,499",Yes,25 – 34,12:00  -  12:14
188,10:45  -  10:59,82212291,Southern,Livingstone,Urban,Female,0,None,C1,Completed high School,Other Christian,Self employed,C1,"K 2,500   -  K 3,154",Yes,25 – 34,"10:00  -  10:14,10:45  -  10:59"
189,10:00  -  10:14,82212291,Southern,Livingstone,Urban,Female,0,None,C1,Completed high School,Other Christian,Self employed,C1,"K 2,500   -  K 3,154",Yes,25 – 34,"10:00  -  10:14,10:45  -  10:59"
190,18:30  -  18:44,82267635,Copperbelt,Ndola,Urban,Male,2,Two or More,C1,Completed high School,Other Christian,A housewife/househusband,C1,Refusal [Do not show],Yes,25 – 34,18:30  -  18:44
191,12:00  -  12:14,82278166,Copperbelt,Ndola,Urban,Female,2,One,C1,Completed high School,Muslim,A housewife/househusband,C1,"K 7,893 -  K 11,261",Yes,19 – 24,12:00  -  12:14
192,6:45  -  6:59,82278491,Copperbelt,Kitwe,Urban,Female,2,None,C1,Completed high School,Other Christian,Retired - voluntary scholarspensioners,C1,"K 2,500   -  K 3,154",Yes,35 – 44,6:45  -  6:59
193,21:30  -  21:44,82287753,North-Western,Solwezi,Rural,Male,1,None,C1,Completed high School,Other Christian,A business owner,C1,"K 2,500   -  K 3,154",Yes,35 – 44,"21:15  -  21:29,21:30  -  21:44,21:45  -  21:59"
194,21:45  -  21:59,82287753,North-Western,Solwezi,Rural,Male,1,None,C1,Completed high School,Other Christian,A business owner,C1,"K 2,500   -  K 3,154",Yes,35 – 44,"21:15  -  21:29,21:30  -  21:44,21:45  -  21:59"
195,21:15  -  21:29,82287753,North-Western,Solwezi,Rural,Male,1,None,C1,Completed high School,Other Christian,A business owner,C1,"K 2,500   -  K 3,154",Yes,35 – 44,"21:15  -  21:29,21:30  -  21:44,21:45  -  21:59"
196,19:00  -  19:14,82291928,Copperbelt,Kitwe,Urban,Male,2,None,C1,Some university,Other Christian,Working Full-Time,C1,"K 4,628   -  K 5,364",Yes,35 – 44,"19:00  -  19:14,19:15  -  19:29,19:30  -  19:44,19:45  -  19:59"
197,19:45  -  19:59,82291928,Copperbelt,Kitwe,Urban,Male,2,None,C1,Some university,Other Christian,Working Full-Time,C1,"K 4,628   -  K 5,364",Yes,35 – 44,"19:00  -  19:14,19:15  -  19:29,19:30  -  19:44,19:45  -  19:59"
198,19:15  -  19:29,82291928,Copperbelt,Kitwe,Urban,Male,2,None,C1,Some university,Other Christian,Working Full-Time,C1,"K 4,628   -  K 5,364",Yes,35 – 44,"19:00  -  19:14,19:15  -  19:29,19:30  -  19:44,19:45  -  19:59"
199,19:30  -  19:44,82291928,Copperbelt,Kitwe,Urban,Male,2,None,C1,Some university,Other Christian,Working Full-Time,C1,"K 4,628   -  K 5,364",Yes,35 – 44,"19:00  -  19:14,19:15  -  19:29,19:30  -  19:44,19:45  -  19:59"
200,8:15  -  8:29,82456633,Copperbelt,Kitwe,Urban,Female,1,None,C1,Some university,Other Christian,Unemployed [SEEKING A JOB],C1,K 850-K 1674,Yes,25 – 34,8:15  -  8:29
201,8:30  -  8:44,82532621,Copperbelt,Ndola,Urban,Male,2,One,C1,Completed high School,Other Christian,Student,C1,Refusal [Do not show],Yes,35 – 44,8:30  -  8:44
202,6:00  -  6:14,82626335,Copperbelt,Ndola,Urban,Male,2,None,C1,Primary school completed,Other Christian,Student,C1,Refusal [Do not show],Yes,35 – 44,"6:00  -  6:14,8:00  -  8:14"
203,8:00  -  8:14,82626335,Copperbelt,Ndola,Urban,Male,2,None,C1,Primary school completed,Other Christian,Student,C1,Refusal [Do not show],Yes,35 – 44,"6:00  -  6:14,8:00  -  8:14"
204,11:15  -  11:29,60530085,Southern,Mazabuka,Urban,Male,1,None,C2,Completed high School,Other Christian,Working Full-Time,D,Under K 849,Yes,25 – 34,"10:45  -  10:59,11:00  -  11:14,11:15  -  11:29,11:30  -  11:44,11:45  -  11:59,12:00  -  12:14,12:15  -  12:29,12:30  -  12:44"
205,12:30  -  12:44,60530085,Southern,Mazabuka,Urban,Male,1,None,C2,Completed high School,Other Christian,Working Full-Time,D,Under K 849,Yes,25 – 34,"10:45  -  10:59,11:00  -  11:14,11:15  -  11:29,11:30  -  11:44,11:45  -  11:59,12:00  -  12:14,12:15  -  12:29,12:30  -  12:44"
206,11:30  -  11:44,60530085,Southern,Mazabuka,Urban,Male,1,None,C2,Completed high School,Other Christian,Working Full-Time,D,Under K 849,Yes,25 – 34,"10:45  -  10:59,11:00  -  11:14,11:15  -  11:29,11:30  -  11:44,11:45  -  11:59,12:00  -  12:14,12:15  -  12:29,12:30  -  12:44"
207,11:45  -  11:59,60530085,Southern,Mazabuka,Urban,Male,1,None,C2,Completed high School,Other Christian,Working Full-Time,D,Under K 849,Yes,25 – 34,"10:45  -  10:59,11:00  -  11:14,11:15  -  11:29,11:30  -  11:44,11:45  -  11:59,12:00  -  12:14,12:15  -  12:29,12:30  -  12:44"
208,11:00  -  11:14,60530085,Southern,Mazabuka,Urban,Male,1,None,C2,Completed high School,Other Christian,Working Full-Time,D,Under K 849,Yes,25 – 34,"10:45  -  10:59,11:00  -  11:14,11:15  -  11:29,11:30  -  11:44,11:45  -  11:59,12:00  -  12:14,12:15  -  12:29,12:30  -  12:44"
209,10:45  -  10:59,60530085,Southern,Mazabuka,Urban,Male,1,None,C2,Completed high School,Other Christian,Working Full-Time,D,Under K 849,Yes,25 – 34,"10:45  -  10:59,11:00  -  11:14,11:15  -  11:29,11:30  -  11:44,11:45  -  11:59,12:00  -  12:14,12:15  -  12:29,12:30  -  12:44"
210,12:00  -  12:14,60530085,Southern,Mazabuka,Urban,Male,1,None,C2,Completed high School,Other Christian,Working Full-Time,D,Under K 849,Yes,25 – 34,"10:45  -  10:59,11:00  -  11:14,11:15  -  11:29,11:30  -  11:44,11:45  -  11:59,12:00  -  12:14,12:15  -  12:29,12:30  -  12:44"
211,12:15  -  12:29,60530085,Southern,Mazabuka,Urban,Male,1,None,C2,Completed high School,Other Christian,Working Full-Time,D,Under K 849,Yes,25 – 34,"10:45  -  10:59,11:00  -  11:14,11:15  -  11:29,11:30  -  11:44,11:45  -  11:59,12:00  -  12:14,12:15  -  12:29,12:30  -  12:44"
212,8:15  -  8:29,60628618,Eastern,Petauke,Urban,Female,1,None,C2,Completed high School,Others,Unemployed [SEEKING A JOB],D,Under K 849,No,25 – 34,"8:00  -  8:14,8:15  -  8:29,8:30  -  8:44"
213,8:00  -  8:14,60628618,Eastern,Petauke,Urban,Female,1,None,C2,Completed high School,Others,Unemployed [SEEKING A JOB],D,Under K 849,No,25 – 34,"8:00  -  8:14,8:15  -  8:29,8:30  -  8:44"
214,8:30  -  8:44,60628618,Eastern,Petauke,Urban,Female,1,None,C2,Completed high School,Others,Unemployed [SEEKING A JOB],D,Under K 849,No,25 – 34,"8:00  -  8:14,8:15  -  8:29,8:30  -  8:44"
215,20:30  -  20:44,60703098,Copperbelt,Kalulushi,Rural,Female,1,None,C2,Don’t know (DON’T READ),Other Christian,Housewife,D,Under K 849,Yes,35 – 44,"20:00  -  20:14,20:15  -  20:29,20:30  -  20:44"
216,20:15  -  20:29,60703098,Copperbelt,Kalulushi,Rural,Female,1,None,C2,Don’t know (DON’T READ),Other Christian,Housewife,D,Under K 849,Yes,35 – 44,"20:00  -  20:14,20:15  -  20:29,20:30  -  20:44"
217,20:00  -  20:14,60703098,Copperbelt,Kalulushi,Rural,Female,1,None,C2,Don’t know (DON’T READ),Other Christian,Housewife,D,Under K 849,Yes,35 – 44,"20:00  -  20:14,20:15  -  20:29,20:30  -  20:44"
218,22:00  -  22:14,60726253,Lusaka,Kafue,Rural,Male,1,None,C2,Some university,Other Christian,Retired - voluntary scholarspensioners,No Income,No Income,Yes,45+,"19:30  -  19:44,21:15  -  21:29,22:00  -  22:14"
219,21:15  -  21:29,60726253,Lusaka,Kafue,Rural,Male,1,None,C2,Some university,Other Christian,Retired - voluntary scholarspensioners,No Income,No Income,Yes,45+,"19:30  -  19:44,21:15  -  21:29,22:00  -  22:14"
220,19:30  -  19:44,60726253,Lusaka,Kafue,Rural,Male,1,None,C2,Some university,Other Christian,Retired - voluntary scholarspensioners,No Income,No Income,Yes,45+,"19:30  -  19:44,21:15  -  21:29,22:00  -  22:14"
221,6:30  -  6:44,60775512,Copperbelt,Ndola,Urban,Female,1,None,C2,Some primary school,Other Christian,Self employed,D,"K 1675- K2,499",Yes,45+,6:30  -  6:44
222,10:45  -  10:59,82117687,Eastern,Chipata,Urban,Male,1,None,C2,Completed high School,Other Christian,Unemployed [SEEKING A JOB],C2,Do not know,No,35 – 44,"10:00  -  10:14,10:15  -  10:29,10:30  -  10:44,10:45  -  10:59"
223,10:00  -  10:14,82117687,Eastern,Chipata,Urban,Male,1,None,C2,Completed high School,Other Christian,Unemployed [SEEKING A JOB],C2,Do not know,No,35 – 44,"10:00  -  10:14,10:15  -  10:29,10:30  -  10:44,10:45  -  10:59"
224,10:30  -  10:44,82117687,Eastern,Chipata,Urban,Male,1,None,C2,Completed high School,Other Christian,Unemployed [SEEKING A JOB],C2,Do not know,No,35 – 44,"10:00  -  10:14,10:15  -  10:29,10:30  -  10:44,10:45  -  10:59"
225,10:15  -  10:29,82117687,Eastern,Chipata,Urban,Male,1,None,C2,Completed high School,Other Christian,Unemployed [SEEKING A JOB],C2,Do not know,No,35 – 44,"10:00  -  10:14,10:15  -  10:29,10:30  -  10:44,10:45  -  10:59"
226,7:00  -  7:14,82210553,Eastern,Chipata,Rural,Female,1,None,C2,Completed high School,Other Christian,Other (specify),C2,"K 3,155   -  K 3,890",No,35 – 44,"7:00  -  7:14,7:15  -  7:29,7:30  -  7:44,7:45  -  7:59"
227,7:15  -  7:29,82210553,Eastern,Chipata,Rural,Female,1,None,C2,Completed high School,Other Christian,Other (specify),C2,"K 3,155   -  K 3,890",No,35 – 44,"7:00  -  7:14,7:15  -  7:29,7:30  -  7:44,7:45  -  7:59"
228,7:45  -  7:59,82210553,Eastern,Chipata,Rural,Female,1,None,C2,Completed high School,Other Christian,Other (specify),C2,"K 3,155   -  K 3,890",No,35 – 44,"7:00  -  7:14,7:15  -  7:29,7:30  -  7:44,7:45  -  7:59"
229,7:30  -  7:44,82210553,Eastern,Chipata,Rural,Female,1,None,C2,Completed high School,Other Christian,Other (specify),C2,"K 3,155   -  K 3,890",No,35 – 44,"7:00  -  7:14,7:15  -  7:29,7:30  -  7:44,7:45  -  7:59"
230,8:15  -  8:29,82369701,Eastern,Chipata,Urban,Male,1,None,C2,Some high school,Other Christian,Self employed,C2,Under K 849,No,25 – 34,"7:00  -  7:14,7:15  -  7:29,7:30  -  7:44,7:45  -  7:59,8:00  -  8:14,8:15  -  8:29,8:30  -  8:44,8:45  -  8:59"
231,8:00  -  8:14,82369701,Eastern,Chipata,Urban,Male,1,None,C2,Some high school,Other Christian,Self employed,C2,Under K 849,No,25 – 34,"7:00  -  7:14,7:15  -  7:29,7:30  -  7:44,7:45  -  7:59,8:00  -  8:14,8:15  -  8:29,8:30  -  8:44,8:45  -  8:59"
232,8:30  -  8:44,82369701,Eastern,Chipata,Urban,Male,1,None,C2,Some high school,Other Christian,Self employed,C2,Under K 849,No,25 – 34,"7:00  -  7:14,7:15  -  7:29,7:30  -  7:44,7:45  -  7:59,8:00  -  8:14,8:15  -  8:29,8:30  -  8:44,8:45  -  8:59"
233,8:45  -  8:59,82369701,Eastern,Chipata,Urban,Male,1,None,C2,Some high school,Other Christian,Self employed,C2,Under K 849,No,25 – 34,"7:00  -  7:14,7:15  -  7:29,7:30  -  7:44,7:45  -  7:59,8:00  -  8:14,8:15  -  8:29,8:30  -  8:44,8:45  -  8:59"
234,7:00  -  7:14,82369701,Eastern,Chipata,Urban,Male,1,None,C2,Some high school,Other Christian,Self employed,C2,Under K 849,No,25 – 34,"7:00  -  7:14,7:15  -  7:29,7:30  -  7:44,7:45  -  7:59,8:00  -  8:14,8:15  -  8:29,8:30  -  8:44,8:45  -  8:59"
235,7:15  -  7:29,82369701,Eastern,Chipata,Urban,Male,1,None,C2,Some high school,Other Christian,Self employed,C2,Under K 849,No,25 – 34,"7:00  -  7:14,7:15  -  7:29,7:30  -  7:44,7:45  -  7:59,8:00  -  8:14,8:15  -  8:29,8:30  -  8:44,8:45  -  8:59"
236,7:30  -  7:44,82369701,Eastern,Chipata,Urban,Male,1,None,C2,Some high school,Other Christian,Self employed,C2,Under K 849,No,25 – 34,"7:00  -  7:14,7:15  -  7:29,7:30  -  7:44,7:45  -  7:59,8:00  -  8:14,8:15  -  8:29,8:30  -  8:44,8:45  -  8:59"
237,7:45  -  7:59,82369701,Eastern,Chipata,Urban,Male,1,None,C2,Some high school,Other Christian,Self employed,C2,Under K 849,No,25 – 34,"7:00  -  7:14,7:15  -  7:29,7:30  -  7:44,7:45  -  7:59,8:00  -  8:14,8:15  -  8:29,8:30  -  8:44,8:45  -  8:59"
238,11:00  -  11:14,82256859,Southern,Livingstone,Urban,Male,1,None,DE,Completed high School,Other Christian,Do odd jobs or piece work,D,Under K 849,No,25 – 34,"11:00  -  11:14,11:15  -  11:29,11:30  -  11:44,11:45  -  11:59"
239,11:15  -  11:29,82256859,Southern,Livingstone,Urban,Male,1,None,DE,Completed high School,Other Christian,Do odd jobs or piece work,D,Under K 849,No,25 – 34,"11:00  -  11:14,11:15  -  11:29,11:30  -  11:44,11:45  -  11:59"
240,11:30  -  11:44,82256859,Southern,Livingstone,Urban,Male,1,None,DE,Completed high School,Other Christian,Do odd jobs or piece work,D,Under K 849,No,25 – 34,"11:00  -  11:14,11:15  -  11:29,11:30  -  11:44,11:45  -  11:59"
241,11:45  -  11:59,82256859,Southern,Livingstone,Urban,Male,1,None,DE,Completed high School,Other Christian,Do odd jobs or piece work,D,Under K 849,No,25 – 34,"11:00  -  11:14,11:15  -  11:29,11:30  -  11:44,11:45  -  11:59"
242,8:00  -  8:14,82367016,Southern,Livingstone,Urban,Female,0,None,DE,Completed high School,Other Christian,Unemployed [SEEKING A JOB],D,Under K 849,No,19 – 24,"8:00  -  8:14,8:45  -  8:59"
243,8:45  -  8:59,82367016,Southern,Livingstone,Urban,Female,0,None,DE,Completed high School,Other Christian,Unemployed [SEEKING A JOB],D,Under K 849,No,19 – 24,"8:00  -  8:14,8:45  -  8:59"
