FCC Solwezi  Monday analysis,SbjNum,Province,Districts,AREA TYPE,Gender,Number of Radio Sets,Number of Cars,LSM GROUP,Educational Qualification,Religion,Work Status,Social Class,Gross Monthly Income,Clothing P6M,Age Range,FCC Solwezi  Monday
9:00  -  9:14,60564876,North-Western,Solwezi,Urban,Male,1,None,C1,Any other post-high school qualification,Roman Catholic,Retired - voluntary scholarspensioners,C2,"K 3,891  -  K 4,627",Yes,45+,"9:00  -  9:14,10:00  -  10:14"
10:00  -  10:14,60564876,North-Western,Solwezi,Urban,Male,1,None,C1,Any other post-high school qualification,Roman Catholic,Retired - voluntary scholarspensioners,C2,"K 3,891  -  K 4,627",Yes,45+,"9:00  -  9:14,10:00  -  10:14"
7:00  -  7:14,82091970,North-Western,Solwezi,Urban,Male,1,None,C1,Some high school,Other Christian,Self employed,C1,"K 2,500   -  K 3,154",Yes,25 – 34,"7:00  -  7:14,7:45  -  7:59,9:00  -  9:14,10:00  -  10:14"
9:00  -  9:14,82091970,North-Western,Solwezi,Urban,Male,1,None,C1,Some high school,Other Christian,Self employed,C1,"K 2,500   -  K 3,154",Yes,25 – 34,"7:00  -  7:14,7:45  -  7:59,9:00  -  9:14,10:00  -  10:14"
10:00  -  10:14,82091970,North-Western,Solwezi,Urban,Male,1,None,C1,Some high school,Other Christian,Self employed,C1,"K 2,500   -  K 3,154",Yes,25 – 34,"7:00  -  7:14,7:45  -  7:59,9:00  -  9:14,10:00  -  10:14"
7:45  -  7:59,82091970,North-Western,Solwezi,Urban,Male,1,None,C1,Some high school,Other Christian,Self employed,C1,"K 2,500   -  K 3,154",Yes,25 – 34,"7:00  -  7:14,7:45  -  7:59,9:00  -  9:14,10:00  -  10:14"
20:30  -  20:44,82108125,North-Western,Solwezi,Urban,Female,0,None,D,Some primary school,Other Christian,Do odd jobs or piece work,D,Under K 849,Yes,35 – 44,"20:00  -  20:14,20:15  -  20:29,20:30  -  20:44,20:45  -  20:59"
20:00  -  20:14,82108125,North-Western,Solwezi,Urban,Female,0,None,D,Some primary school,Other Christian,Do odd jobs or piece work,D,Under K 849,Yes,35 – 44,"20:00  -  20:14,20:15  -  20:29,20:30  -  20:44,20:45  -  20:59"
20:15  -  20:29,82108125,North-Western,Solwezi,Urban,Female,0,None,D,Some primary school,Other Christian,Do odd jobs or piece work,D,Under K 849,Yes,35 – 44,"20:00  -  20:14,20:15  -  20:29,20:30  -  20:44,20:45  -  20:59"
20:45  -  20:59,82108125,North-Western,Solwezi,Urban,Female,0,None,D,Some primary school,Other Christian,Do odd jobs or piece work,D,Under K 849,Yes,35 – 44,"20:00  -  20:14,20:15  -  20:29,20:30  -  20:44,20:45  -  20:59"
7:00  -  7:14,82111073,North-Western,Solwezi,Urban,Female,1,None,C1,Some high school,Other Christian,A housewife/househusband,C1,"K 2,500   -  K 3,154",Yes,35 – 44,"7:00  -  7:14,7:15  -  7:29,7:30  -  7:44,7:45  -  7:59,8:00  -  8:14,10:00  -  10:14,10:15  -  10:29"
10:00  -  10:14,82111073,North-Western,Solwezi,Urban,Female,1,None,C1,Some high school,Other Christian,A housewife/househusband,C1,"K 2,500   -  K 3,154",Yes,35 – 44,"7:00  -  7:14,7:15  -  7:29,7:30  -  7:44,7:45  -  7:59,8:00  -  8:14,10:00  -  10:14,10:15  -  10:29"
7:45  -  7:59,82111073,North-Western,Solwezi,Urban,Female,1,None,C1,Some high school,Other Christian,A housewife/househusband,C1,"K 2,500   -  K 3,154",Yes,35 – 44,"7:00  -  7:14,7:15  -  7:29,7:30  -  7:44,7:45  -  7:59,8:00  -  8:14,10:00  -  10:14,10:15  -  10:29"
7:15  -  7:29,82111073,North-Western,Solwezi,Urban,Female,1,None,C1,Some high school,Other Christian,A housewife/househusband,C1,"K 2,500   -  K 3,154",Yes,35 – 44,"7:00  -  7:14,7:15  -  7:29,7:30  -  7:44,7:45  -  7:59,8:00  -  8:14,10:00  -  10:14,10:15  -  10:29"
7:30  -  7:44,82111073,North-Western,Solwezi,Urban,Female,1,None,C1,Some high school,Other Christian,A housewife/househusband,C1,"K 2,500   -  K 3,154",Yes,35 – 44,"7:00  -  7:14,7:15  -  7:29,7:30  -  7:44,7:45  -  7:59,8:00  -  8:14,10:00  -  10:14,10:15  -  10:29"
10:15  -  10:29,82111073,North-Western,Solwezi,Urban,Female,1,None,C1,Some high school,Other Christian,A housewife/househusband,C1,"K 2,500   -  K 3,154",Yes,35 – 44,"7:00  -  7:14,7:15  -  7:29,7:30  -  7:44,7:45  -  7:59,8:00  -  8:14,10:00  -  10:14,10:15  -  10:29"
8:00  -  8:14,82111073,North-Western,Solwezi,Urban,Female,1,None,C1,Some high school,Other Christian,A housewife/househusband,C1,"K 2,500   -  K 3,154",Yes,35 – 44,"7:00  -  7:14,7:15  -  7:29,7:30  -  7:44,7:45  -  7:59,8:00  -  8:14,10:00  -  10:14,10:15  -  10:29"
12:30  -  12:44,82111074,North-Western,Solwezi,Urban,Female,1,None,C1,Some high school,Other Christian,Working Full-Time,C1,K 850-K 1674,Yes,25 – 34,"12:15  -  12:29,12:30  -  12:44,12:45  -  12:59"
12:45  -  12:59,82111074,North-Western,Solwezi,Urban,Female,1,None,C1,Some high school,Other Christian,Working Full-Time,C1,K 850-K 1674,Yes,25 – 34,"12:15  -  12:29,12:30  -  12:44,12:45  -  12:59"
12:15  -  12:29,82111074,North-Western,Solwezi,Urban,Female,1,None,C1,Some high school,Other Christian,Working Full-Time,C1,K 850-K 1674,Yes,25 – 34,"12:15  -  12:29,12:30  -  12:44,12:45  -  12:59"
5:30  -  5:44,82111077,North-Western,Solwezi,Urban,Female,1,None,C1,Primary school completed,Other Christian,A housewife/househusband,C1,"K 7,893 -  K 11,261",Yes,35 – 44,"5:00  -  5:14,5:15  -  5:29,5:30  -  5:44,5:45  -  5:59,6:00  -  6:14,6:15  -  6:29,6:30  -  6:44"
6:15  -  6:29,82111077,North-Western,Solwezi,Urban,Female,1,None,C1,Primary school completed,Other Christian,A housewife/househusband,C1,"K 7,893 -  K 11,261",Yes,35 – 44,"5:00  -  5:14,5:15  -  5:29,5:30  -  5:44,5:45  -  5:59,6:00  -  6:14,6:15  -  6:29,6:30  -  6:44"
5:00  -  5:14,82111077,North-Western,Solwezi,Urban,Female,1,None,C1,Primary school completed,Other Christian,A housewife/househusband,C1,"K 7,893 -  K 11,261",Yes,35 – 44,"5:00  -  5:14,5:15  -  5:29,5:30  -  5:44,5:45  -  5:59,6:00  -  6:14,6:15  -  6:29,6:30  -  6:44"
5:15  -  5:29,82111077,North-Western,Solwezi,Urban,Female,1,None,C1,Primary school completed,Other Christian,A housewife/househusband,C1,"K 7,893 -  K 11,261",Yes,35 – 44,"5:00  -  5:14,5:15  -  5:29,5:30  -  5:44,5:45  -  5:59,6:00  -  6:14,6:15  -  6:29,6:30  -  6:44"
6:30  -  6:44,82111077,North-Western,Solwezi,Urban,Female,1,None,C1,Primary school completed,Other Christian,A housewife/househusband,C1,"K 7,893 -  K 11,261",Yes,35 – 44,"5:00  -  5:14,5:15  -  5:29,5:30  -  5:44,5:45  -  5:59,6:00  -  6:14,6:15  -  6:29,6:30  -  6:44"
5:45  -  5:59,82111077,North-Western,Solwezi,Urban,Female,1,None,C1,Primary school completed,Other Christian,A housewife/househusband,C1,"K 7,893 -  K 11,261",Yes,35 – 44,"5:00  -  5:14,5:15  -  5:29,5:30  -  5:44,5:45  -  5:59,6:00  -  6:14,6:15  -  6:29,6:30  -  6:44"
6:00  -  6:14,82111077,North-Western,Solwezi,Urban,Female,1,None,C1,Primary school completed,Other Christian,A housewife/househusband,C1,"K 7,893 -  K 11,261",Yes,35 – 44,"5:00  -  5:14,5:15  -  5:29,5:30  -  5:44,5:45  -  5:59,6:00  -  6:14,6:15  -  6:29,6:30  -  6:44"
10:00  -  10:14,82111079,North-Western,Solwezi,Urban,Female,1,One,AB,Completed high School,Other Christian,A housewife/househusband,AB,"K 7,893 -  K 11,261",Yes,25 – 34,"10:00  -  10:14,10:15  -  10:29,10:30  -  10:44,14:00  -  14:14,14:15  -  14:29,14:30  -  14:44"
10:15  -  10:29,82111079,North-Western,Solwezi,Urban,Female,1,One,AB,Completed high School,Other Christian,A housewife/househusband,AB,"K 7,893 -  K 11,261",Yes,25 – 34,"10:00  -  10:14,10:15  -  10:29,10:30  -  10:44,14:00  -  14:14,14:15  -  14:29,14:30  -  14:44"
14:30  -  14:44,82111079,North-Western,Solwezi,Urban,Female,1,One,AB,Completed high School,Other Christian,A housewife/househusband,AB,"K 7,893 -  K 11,261",Yes,25 – 34,"10:00  -  10:14,10:15  -  10:29,10:30  -  10:44,14:00  -  14:14,14:15  -  14:29,14:30  -  14:44"
14:00  -  14:14,82111079,North-Western,Solwezi,Urban,Female,1,One,AB,Completed high School,Other Christian,A housewife/househusband,AB,"K 7,893 -  K 11,261",Yes,25 – 34,"10:00  -  10:14,10:15  -  10:29,10:30  -  10:44,14:00  -  14:14,14:15  -  14:29,14:30  -  14:44"
10:30  -  10:44,82111079,North-Western,Solwezi,Urban,Female,1,One,AB,Completed high School,Other Christian,A housewife/househusband,AB,"K 7,893 -  K 11,261",Yes,25 – 34,"10:00  -  10:14,10:15  -  10:29,10:30  -  10:44,14:00  -  14:14,14:15  -  14:29,14:30  -  14:44"
14:15  -  14:29,82111079,North-Western,Solwezi,Urban,Female,1,One,AB,Completed high School,Other Christian,A housewife/househusband,AB,"K 7,893 -  K 11,261",Yes,25 – 34,"10:00  -  10:14,10:15  -  10:29,10:30  -  10:44,14:00  -  14:14,14:15  -  14:29,14:30  -  14:44"
6:15  -  6:29,82178833,North-Western,Solwezi,Urban,Female,1,None,C2,Some high school,Other Christian,A business owner,C2,K 850-K 1674,Yes,35 – 44,"6:00  -  6:14,6:15  -  6:29"
6:00  -  6:14,82178833,North-Western,Solwezi,Urban,Female,1,None,C2,Some high school,Other Christian,A business owner,C2,K 850-K 1674,Yes,35 – 44,"6:00  -  6:14,6:15  -  6:29"
9:00  -  9:14,82180574,North-Western,Solwezi,Urban,Male,1,None,C1,Some primary school,Other Christian,Unemployed [SEEKING A JOB],C1,K 850-K 1674,Yes,35 – 44,"9:00  -  9:14,9:15  -  9:29,9:30  -  9:44,12:00  -  12:14,12:15  -  12:29,12:30  -  12:44,12:45  -  12:59"
12:30  -  12:44,82180574,North-Western,Solwezi,Urban,Male,1,None,C1,Some primary school,Other Christian,Unemployed [SEEKING A JOB],C1,K 850-K 1674,Yes,35 – 44,"9:00  -  9:14,9:15  -  9:29,9:30  -  9:44,12:00  -  12:14,12:15  -  12:29,12:30  -  12:44,12:45  -  12:59"
12:15  -  12:29,82180574,North-Western,Solwezi,Urban,Male,1,None,C1,Some primary school,Other Christian,Unemployed [SEEKING A JOB],C1,K 850-K 1674,Yes,35 – 44,"9:00  -  9:14,9:15  -  9:29,9:30  -  9:44,12:00  -  12:14,12:15  -  12:29,12:30  -  12:44,12:45  -  12:59"
12:00  -  12:14,82180574,North-Western,Solwezi,Urban,Male,1,None,C1,Some primary school,Other Christian,Unemployed [SEEKING A JOB],C1,K 850-K 1674,Yes,35 – 44,"9:00  -  9:14,9:15  -  9:29,9:30  -  9:44,12:00  -  12:14,12:15  -  12:29,12:30  -  12:44,12:45  -  12:59"
9:30  -  9:44,82180574,North-Western,Solwezi,Urban,Male,1,None,C1,Some primary school,Other Christian,Unemployed [SEEKING A JOB],C1,K 850-K 1674,Yes,35 – 44,"9:00  -  9:14,9:15  -  9:29,9:30  -  9:44,12:00  -  12:14,12:15  -  12:29,12:30  -  12:44,12:45  -  12:59"
12:45  -  12:59,82180574,North-Western,Solwezi,Urban,Male,1,None,C1,Some primary school,Other Christian,Unemployed [SEEKING A JOB],C1,K 850-K 1674,Yes,35 – 44,"9:00  -  9:14,9:15  -  9:29,9:30  -  9:44,12:00  -  12:14,12:15  -  12:29,12:30  -  12:44,12:45  -  12:59"
9:15  -  9:29,82180574,North-Western,Solwezi,Urban,Male,1,None,C1,Some primary school,Other Christian,Unemployed [SEEKING A JOB],C1,K 850-K 1674,Yes,35 – 44,"9:00  -  9:14,9:15  -  9:29,9:30  -  9:44,12:00  -  12:14,12:15  -  12:29,12:30  -  12:44,12:45  -  12:59"
17:30  -  17:44,82182736,North-Western,Solwezi,Urban,Male,0,None,C2,Some high school,Other Christian,Working Full-Time,C2,Under K 849,Yes,25 – 34,"17:00  -  17:14,17:15  -  17:29,17:30  -  17:44,17:45  -  17:59,18:00  -  18:14"
18:00  -  18:14,82182736,North-Western,Solwezi,Urban,Male,0,None,C2,Some high school,Other Christian,Working Full-Time,C2,Under K 849,Yes,25 – 34,"17:00  -  17:14,17:15  -  17:29,17:30  -  17:44,17:45  -  17:59,18:00  -  18:14"
17:15  -  17:29,82182736,North-Western,Solwezi,Urban,Male,0,None,C2,Some high school,Other Christian,Working Full-Time,C2,Under K 849,Yes,25 – 34,"17:00  -  17:14,17:15  -  17:29,17:30  -  17:44,17:45  -  17:59,18:00  -  18:14"
17:00  -  17:14,82182736,North-Western,Solwezi,Urban,Male,0,None,C2,Some high school,Other Christian,Working Full-Time,C2,Under K 849,Yes,25 – 34,"17:00  -  17:14,17:15  -  17:29,17:30  -  17:44,17:45  -  17:59,18:00  -  18:14"
17:45  -  17:59,82182736,North-Western,Solwezi,Urban,Male,0,None,C2,Some high school,Other Christian,Working Full-Time,C2,Under K 849,Yes,25 – 34,"17:00  -  17:14,17:15  -  17:29,17:30  -  17:44,17:45  -  17:59,18:00  -  18:14"
10:00  -  10:14,82191079,North-Western,Solwezi,Urban,Female,1,None,C1,Completed high School,Other Christian,Self employed,C1,K 850-K 1674,Yes,19 – 24,"9:30  -  9:44,9:45  -  9:59,10:00  -  10:14,10:15  -  10:29,20:00  -  20:14,20:15  -  20:29,20:30  -  20:44,21:00  -  21:14,21:30  -  21:44,22:00  -  22:14"
21:30  -  21:44,82191079,North-Western,Solwezi,Urban,Female,1,None,C1,Completed high School,Other Christian,Self employed,C1,K 850-K 1674,Yes,19 – 24,"9:30  -  9:44,9:45  -  9:59,10:00  -  10:14,10:15  -  10:29,20:00  -  20:14,20:15  -  20:29,20:30  -  20:44,21:00  -  21:14,21:30  -  21:44,22:00  -  22:14"
20:00  -  20:14,82191079,North-Western,Solwezi,Urban,Female,1,None,C1,Completed high School,Other Christian,Self employed,C1,K 850-K 1674,Yes,19 – 24,"9:30  -  9:44,9:45  -  9:59,10:00  -  10:14,10:15  -  10:29,20:00  -  20:14,20:15  -  20:29,20:30  -  20:44,21:00  -  21:14,21:30  -  21:44,22:00  -  22:14"
10:15  -  10:29,82191079,North-Western,Solwezi,Urban,Female,1,None,C1,Completed high School,Other Christian,Self employed,C1,K 850-K 1674,Yes,19 – 24,"9:30  -  9:44,9:45  -  9:59,10:00  -  10:14,10:15  -  10:29,20:00  -  20:14,20:15  -  20:29,20:30  -  20:44,21:00  -  21:14,21:30  -  21:44,22:00  -  22:14"
9:30  -  9:44,82191079,North-Western,Solwezi,Urban,Female,1,None,C1,Completed high School,Other Christian,Self employed,C1,K 850-K 1674,Yes,19 – 24,"9:30  -  9:44,9:45  -  9:59,10:00  -  10:14,10:15  -  10:29,20:00  -  20:14,20:15  -  20:29,20:30  -  20:44,21:00  -  21:14,21:30  -  21:44,22:00  -  22:14"
9:45  -  9:59,82191079,North-Western,Solwezi,Urban,Female,1,None,C1,Completed high School,Other Christian,Self employed,C1,K 850-K 1674,Yes,19 – 24,"9:30  -  9:44,9:45  -  9:59,10:00  -  10:14,10:15  -  10:29,20:00  -  20:14,20:15  -  20:29,20:30  -  20:44,21:00  -  21:14,21:30  -  21:44,22:00  -  22:14"
21:00  -  21:14,82191079,North-Western,Solwezi,Urban,Female,1,None,C1,Completed high School,Other Christian,Self employed,C1,K 850-K 1674,Yes,19 – 24,"9:30  -  9:44,9:45  -  9:59,10:00  -  10:14,10:15  -  10:29,20:00  -  20:14,20:15  -  20:29,20:30  -  20:44,21:00  -  21:14,21:30  -  21:44,22:00  -  22:14"
22:00  -  22:14,82191079,North-Western,Solwezi,Urban,Female,1,None,C1,Completed high School,Other Christian,Self employed,C1,K 850-K 1674,Yes,19 – 24,"9:30  -  9:44,9:45  -  9:59,10:00  -  10:14,10:15  -  10:29,20:00  -  20:14,20:15  -  20:29,20:30  -  20:44,21:00  -  21:14,21:30  -  21:44,22:00  -  22:14"
20:30  -  20:44,82191079,North-Western,Solwezi,Urban,Female,1,None,C1,Completed high School,Other Christian,Self employed,C1,K 850-K 1674,Yes,19 – 24,"9:30  -  9:44,9:45  -  9:59,10:00  -  10:14,10:15  -  10:29,20:00  -  20:14,20:15  -  20:29,20:30  -  20:44,21:00  -  21:14,21:30  -  21:44,22:00  -  22:14"
20:15  -  20:29,82191079,North-Western,Solwezi,Urban,Female,1,None,C1,Completed high School,Other Christian,Self employed,C1,K 850-K 1674,Yes,19 – 24,"9:30  -  9:44,9:45  -  9:59,10:00  -  10:14,10:15  -  10:29,20:00  -  20:14,20:15  -  20:29,20:30  -  20:44,21:00  -  21:14,21:30  -  21:44,22:00  -  22:14"
4:15  -  4:29,82197832,North-Western,Solwezi,Urban,Female,0,None,C2,Some primary school,Other Christian,Unemployed [SEEKING A JOB],C2,Under K 849,Yes,25 – 34,"4:00  -  4:14,4:15  -  4:29,4:30  -  4:44,4:45  -  4:59"
4:00  -  4:14,82197832,North-Western,Solwezi,Urban,Female,0,None,C2,Some primary school,Other Christian,Unemployed [SEEKING A JOB],C2,Under K 849,Yes,25 – 34,"4:00  -  4:14,4:15  -  4:29,4:30  -  4:44,4:45  -  4:59"
4:45  -  4:59,82197832,North-Western,Solwezi,Urban,Female,0,None,C2,Some primary school,Other Christian,Unemployed [SEEKING A JOB],C2,Under K 849,Yes,25 – 34,"4:00  -  4:14,4:15  -  4:29,4:30  -  4:44,4:45  -  4:59"
4:30  -  4:44,82197832,North-Western,Solwezi,Urban,Female,0,None,C2,Some primary school,Other Christian,Unemployed [SEEKING A JOB],C2,Under K 849,Yes,25 – 34,"4:00  -  4:14,4:15  -  4:29,4:30  -  4:44,4:45  -  4:59"
6:15  -  6:29,82204036,North-Western,Solwezi,Urban,Male,2,One,AB,Some university,Other Christian,Working Full-Time,AB,"K 5,365  -  K 6,102",Yes,35 – 44,"6:00  -  6:14,6:15  -  6:29,6:30  -  6:44,6:45  -  6:59,14:00  -  14:14,14:15  -  14:29,14:30  -  14:44"
14:15  -  14:29,82204036,North-Western,Solwezi,Urban,Male,2,One,AB,Some university,Other Christian,Working Full-Time,AB,"K 5,365  -  K 6,102",Yes,35 – 44,"6:00  -  6:14,6:15  -  6:29,6:30  -  6:44,6:45  -  6:59,14:00  -  14:14,14:15  -  14:29,14:30  -  14:44"
6:45  -  6:59,82204036,North-Western,Solwezi,Urban,Male,2,One,AB,Some university,Other Christian,Working Full-Time,AB,"K 5,365  -  K 6,102",Yes,35 – 44,"6:00  -  6:14,6:15  -  6:29,6:30  -  6:44,6:45  -  6:59,14:00  -  14:14,14:15  -  14:29,14:30  -  14:44"
6:30  -  6:44,82204036,North-Western,Solwezi,Urban,Male,2,One,AB,Some university,Other Christian,Working Full-Time,AB,"K 5,365  -  K 6,102",Yes,35 – 44,"6:00  -  6:14,6:15  -  6:29,6:30  -  6:44,6:45  -  6:59,14:00  -  14:14,14:15  -  14:29,14:30  -  14:44"
14:30  -  14:44,82204036,North-Western,Solwezi,Urban,Male,2,One,AB,Some university,Other Christian,Working Full-Time,AB,"K 5,365  -  K 6,102",Yes,35 – 44,"6:00  -  6:14,6:15  -  6:29,6:30  -  6:44,6:45  -  6:59,14:00  -  14:14,14:15  -  14:29,14:30  -  14:44"
14:00  -  14:14,82204036,North-Western,Solwezi,Urban,Male,2,One,AB,Some university,Other Christian,Working Full-Time,AB,"K 5,365  -  K 6,102",Yes,35 – 44,"6:00  -  6:14,6:15  -  6:29,6:30  -  6:44,6:45  -  6:59,14:00  -  14:14,14:15  -  14:29,14:30  -  14:44"
6:00  -  6:14,82204036,North-Western,Solwezi,Urban,Male,2,One,AB,Some university,Other Christian,Working Full-Time,AB,"K 5,365  -  K 6,102",Yes,35 – 44,"6:00  -  6:14,6:15  -  6:29,6:30  -  6:44,6:45  -  6:59,14:00  -  14:14,14:15  -  14:29,14:30  -  14:44"
7:00  -  7:14,82267136,North-Western,Solwezi,Urban,Female,0,None,C1,Some high school,Other Christian,Self employed,C1,Under K 849,Yes,25 – 34,"6:30  -  6:44,6:45  -  6:59,7:00  -  7:14,12:00  -  12:14,12:15  -  12:29,21:00  -  21:14"
12:15  -  12:29,82267136,North-Western,Solwezi,Urban,Female,0,None,C1,Some high school,Other Christian,Self employed,C1,Under K 849,Yes,25 – 34,"6:30  -  6:44,6:45  -  6:59,7:00  -  7:14,12:00  -  12:14,12:15  -  12:29,21:00  -  21:14"
12:00  -  12:14,82267136,North-Western,Solwezi,Urban,Female,0,None,C1,Some high school,Other Christian,Self employed,C1,Under K 849,Yes,25 – 34,"6:30  -  6:44,6:45  -  6:59,7:00  -  7:14,12:00  -  12:14,12:15  -  12:29,21:00  -  21:14"
6:45  -  6:59,82267136,North-Western,Solwezi,Urban,Female,0,None,C1,Some high school,Other Christian,Self employed,C1,Under K 849,Yes,25 – 34,"6:30  -  6:44,6:45  -  6:59,7:00  -  7:14,12:00  -  12:14,12:15  -  12:29,21:00  -  21:14"
6:30  -  6:44,82267136,North-Western,Solwezi,Urban,Female,0,None,C1,Some high school,Other Christian,Self employed,C1,Under K 849,Yes,25 – 34,"6:30  -  6:44,6:45  -  6:59,7:00  -  7:14,12:00  -  12:14,12:15  -  12:29,21:00  -  21:14"
21:00  -  21:14,82267136,North-Western,Solwezi,Urban,Female,0,None,C1,Some high school,Other Christian,Self employed,C1,Under K 849,Yes,25 – 34,"6:30  -  6:44,6:45  -  6:59,7:00  -  7:14,12:00  -  12:14,12:15  -  12:29,21:00  -  21:14"
15:15  -  15:29,82276743,North-Western,Solwezi,Rural,Female,1,None,D,Some primary school,Other Christian,A subsistence farmer/fisherman,D,Under K 849,Yes,19 – 24,"15:00  -  15:14,15:15  -  15:29,15:30  -  15:44,15:45  -  15:59,16:00  -  16:14,16:15  -  16:29,16:30  -  16:44,16:45  -  16:59,17:00  -  17:14"
16:15  -  16:29,82276743,North-Western,Solwezi,Rural,Female,1,None,D,Some primary school,Other Christian,A subsistence farmer/fisherman,D,Under K 849,Yes,19 – 24,"15:00  -  15:14,15:15  -  15:29,15:30  -  15:44,15:45  -  15:59,16:00  -  16:14,16:15  -  16:29,16:30  -  16:44,16:45  -  16:59,17:00  -  17:14"
16:45  -  16:59,82276743,North-Western,Solwezi,Rural,Female,1,None,D,Some primary school,Other Christian,A subsistence farmer/fisherman,D,Under K 849,Yes,19 – 24,"15:00  -  15:14,15:15  -  15:29,15:30  -  15:44,15:45  -  15:59,16:00  -  16:14,16:15  -  16:29,16:30  -  16:44,16:45  -  16:59,17:00  -  17:14"
16:00  -  16:14,82276743,North-Western,Solwezi,Rural,Female,1,None,D,Some primary school,Other Christian,A subsistence farmer/fisherman,D,Under K 849,Yes,19 – 24,"15:00  -  15:14,15:15  -  15:29,15:30  -  15:44,15:45  -  15:59,16:00  -  16:14,16:15  -  16:29,16:30  -  16:44,16:45  -  16:59,17:00  -  17:14"
17:00  -  17:14,82276743,North-Western,Solwezi,Rural,Female,1,None,D,Some primary school,Other Christian,A subsistence farmer/fisherman,D,Under K 849,Yes,19 – 24,"15:00  -  15:14,15:15  -  15:29,15:30  -  15:44,15:45  -  15:59,16:00  -  16:14,16:15  -  16:29,16:30  -  16:44,16:45  -  16:59,17:00  -  17:14"
15:00  -  15:14,82276743,North-Western,Solwezi,Rural,Female,1,None,D,Some primary school,Other Christian,A subsistence farmer/fisherman,D,Under K 849,Yes,19 – 24,"15:00  -  15:14,15:15  -  15:29,15:30  -  15:44,15:45  -  15:59,16:00  -  16:14,16:15  -  16:29,16:30  -  16:44,16:45  -  16:59,17:00  -  17:14"
15:30  -  15:44,82276743,North-Western,Solwezi,Rural,Female,1,None,D,Some primary school,Other Christian,A subsistence farmer/fisherman,D,Under K 849,Yes,19 – 24,"15:00  -  15:14,15:15  -  15:29,15:30  -  15:44,15:45  -  15:59,16:00  -  16:14,16:15  -  16:29,16:30  -  16:44,16:45  -  16:59,17:00  -  17:14"
16:30  -  16:44,82276743,North-Western,Solwezi,Rural,Female,1,None,D,Some primary school,Other Christian,A subsistence farmer/fisherman,D,Under K 849,Yes,19 – 24,"15:00  -  15:14,15:15  -  15:29,15:30  -  15:44,15:45  -  15:59,16:00  -  16:14,16:15  -  16:29,16:30  -  16:44,16:45  -  16:59,17:00  -  17:14"
15:45  -  15:59,82276743,North-Western,Solwezi,Rural,Female,1,None,D,Some primary school,Other Christian,A subsistence farmer/fisherman,D,Under K 849,Yes,19 – 24,"15:00  -  15:14,15:15  -  15:29,15:30  -  15:44,15:45  -  15:59,16:00  -  16:14,16:15  -  16:29,16:30  -  16:44,16:45  -  16:59,17:00  -  17:14"
18:15  -  18:29,82282381,North-Western,Solwezi,Rural,Male,1,None,AB,Some university,Other Christian,Self employed,AB,"K 3,891  -  K 4,627",Yes,25 – 34,"6:00  -  6:14,13:00  -  13:14,13:15  -  13:29,17:45  -  17:59,18:00  -  18:14,18:15  -  18:29,21:00  -  21:14,21:15  -  21:29,21:30  -  21:44"
18:00  -  18:14,82282381,North-Western,Solwezi,Rural,Male,1,None,AB,Some university,Other Christian,Self employed,AB,"K 3,891  -  K 4,627",Yes,25 – 34,"6:00  -  6:14,13:00  -  13:14,13:15  -  13:29,17:45  -  17:59,18:00  -  18:14,18:15  -  18:29,21:00  -  21:14,21:15  -  21:29,21:30  -  21:44"
21:15  -  21:29,82282381,North-Western,Solwezi,Rural,Male,1,None,AB,Some university,Other Christian,Self employed,AB,"K 3,891  -  K 4,627",Yes,25 – 34,"6:00  -  6:14,13:00  -  13:14,13:15  -  13:29,17:45  -  17:59,18:00  -  18:14,18:15  -  18:29,21:00  -  21:14,21:15  -  21:29,21:30  -  21:44"
21:30  -  21:44,82282381,North-Western,Solwezi,Rural,Male,1,None,AB,Some university,Other Christian,Self employed,AB,"K 3,891  -  K 4,627",Yes,25 – 34,"6:00  -  6:14,13:00  -  13:14,13:15  -  13:29,17:45  -  17:59,18:00  -  18:14,18:15  -  18:29,21:00  -  21:14,21:15  -  21:29,21:30  -  21:44"
13:15  -  13:29,82282381,North-Western,Solwezi,Rural,Male,1,None,AB,Some university,Other Christian,Self employed,AB,"K 3,891  -  K 4,627",Yes,25 – 34,"6:00  -  6:14,13:00  -  13:14,13:15  -  13:29,17:45  -  17:59,18:00  -  18:14,18:15  -  18:29,21:00  -  21:14,21:15  -  21:29,21:30  -  21:44"
13:00  -  13:14,82282381,North-Western,Solwezi,Rural,Male,1,None,AB,Some university,Other Christian,Self employed,AB,"K 3,891  -  K 4,627",Yes,25 – 34,"6:00  -  6:14,13:00  -  13:14,13:15  -  13:29,17:45  -  17:59,18:00  -  18:14,18:15  -  18:29,21:00  -  21:14,21:15  -  21:29,21:30  -  21:44"
17:45  -  17:59,82282381,North-Western,Solwezi,Rural,Male,1,None,AB,Some university,Other Christian,Self employed,AB,"K 3,891  -  K 4,627",Yes,25 – 34,"6:00  -  6:14,13:00  -  13:14,13:15  -  13:29,17:45  -  17:59,18:00  -  18:14,18:15  -  18:29,21:00  -  21:14,21:15  -  21:29,21:30  -  21:44"
21:00  -  21:14,82282381,North-Western,Solwezi,Rural,Male,1,None,AB,Some university,Other Christian,Self employed,AB,"K 3,891  -  K 4,627",Yes,25 – 34,"6:00  -  6:14,13:00  -  13:14,13:15  -  13:29,17:45  -  17:59,18:00  -  18:14,18:15  -  18:29,21:00  -  21:14,21:15  -  21:29,21:30  -  21:44"
6:00  -  6:14,82282381,North-Western,Solwezi,Rural,Male,1,None,AB,Some university,Other Christian,Self employed,AB,"K 3,891  -  K 4,627",Yes,25 – 34,"6:00  -  6:14,13:00  -  13:14,13:15  -  13:29,17:45  -  17:59,18:00  -  18:14,18:15  -  18:29,21:00  -  21:14,21:15  -  21:29,21:30  -  21:44"
6:30  -  6:44,82287753,North-Western,Solwezi,Rural,Male,1,None,C1,Completed high School,Other Christian,A business owner,C1,"K 2,500   -  K 3,154",Yes,35 – 44,"6:00  -  6:14,6:15  -  6:29,6:30  -  6:44"
6:15  -  6:29,82287753,North-Western,Solwezi,Rural,Male,1,None,C1,Completed high School,Other Christian,A business owner,C1,"K 2,500   -  K 3,154",Yes,35 – 44,"6:00  -  6:14,6:15  -  6:29,6:30  -  6:44"
6:00  -  6:14,82287753,North-Western,Solwezi,Rural,Male,1,None,C1,Completed high School,Other Christian,A business owner,C1,"K 2,500   -  K 3,154",Yes,35 – 44,"6:00  -  6:14,6:15  -  6:29,6:30  -  6:44"
20:30  -  20:44,82308330,North-Western,Solwezi,Rural,Male,1,None,D,Some primary school,Other Christian,A subsistence farmer/fisherman,D,Under K 849,Yes,35 – 44,"20:00  -  20:14,20:15  -  20:29,20:30  -  20:44,20:45  -  20:59"
20:00  -  20:14,82308330,North-Western,Solwezi,Rural,Male,1,None,D,Some primary school,Other Christian,A subsistence farmer/fisherman,D,Under K 849,Yes,35 – 44,"20:00  -  20:14,20:15  -  20:29,20:30  -  20:44,20:45  -  20:59"
20:15  -  20:29,82308330,North-Western,Solwezi,Rural,Male,1,None,D,Some primary school,Other Christian,A subsistence farmer/fisherman,D,Under K 849,Yes,35 – 44,"20:00  -  20:14,20:15  -  20:29,20:30  -  20:44,20:45  -  20:59"
20:45  -  20:59,82308330,North-Western,Solwezi,Rural,Male,1,None,D,Some primary school,Other Christian,A subsistence farmer/fisherman,D,Under K 849,Yes,35 – 44,"20:00  -  20:14,20:15  -  20:29,20:30  -  20:44,20:45  -  20:59"
18:15  -  18:29,82380260,North-Western,Solwezi,Rural,Male,3,None,D,Some high school,Other Christian,A subsistence farmer/fisherman,D,K 850-K 1674,Yes,19 – 24,"6:00  -  6:14,6:15  -  6:29,13:00  -  13:14,18:00  -  18:14,18:15  -  18:29,18:30  -  18:44,18:45  -  18:59,19:00  -  19:14,19:15  -  19:29"
18:00  -  18:14,82380260,North-Western,Solwezi,Rural,Male,3,None,D,Some high school,Other Christian,A subsistence farmer/fisherman,D,K 850-K 1674,Yes,19 – 24,"6:00  -  6:14,6:15  -  6:29,13:00  -  13:14,18:00  -  18:14,18:15  -  18:29,18:30  -  18:44,18:45  -  18:59,19:00  -  19:14,19:15  -  19:29"
6:15  -  6:29,82380260,North-Western,Solwezi,Rural,Male,3,None,D,Some high school,Other Christian,A subsistence farmer/fisherman,D,K 850-K 1674,Yes,19 – 24,"6:00  -  6:14,6:15  -  6:29,13:00  -  13:14,18:00  -  18:14,18:15  -  18:29,18:30  -  18:44,18:45  -  18:59,19:00  -  19:14,19:15  -  19:29"
18:30  -  18:44,82380260,North-Western,Solwezi,Rural,Male,3,None,D,Some high school,Other Christian,A subsistence farmer/fisherman,D,K 850-K 1674,Yes,19 – 24,"6:00  -  6:14,6:15  -  6:29,13:00  -  13:14,18:00  -  18:14,18:15  -  18:29,18:30  -  18:44,18:45  -  18:59,19:00  -  19:14,19:15  -  19:29"
19:15  -  19:29,82380260,North-Western,Solwezi,Rural,Male,3,None,D,Some high school,Other Christian,A subsistence farmer/fisherman,D,K 850-K 1674,Yes,19 – 24,"6:00  -  6:14,6:15  -  6:29,13:00  -  13:14,18:00  -  18:14,18:15  -  18:29,18:30  -  18:44,18:45  -  18:59,19:00  -  19:14,19:15  -  19:29"
13:00  -  13:14,82380260,North-Western,Solwezi,Rural,Male,3,None,D,Some high school,Other Christian,A subsistence farmer/fisherman,D,K 850-K 1674,Yes,19 – 24,"6:00  -  6:14,6:15  -  6:29,13:00  -  13:14,18:00  -  18:14,18:15  -  18:29,18:30  -  18:44,18:45  -  18:59,19:00  -  19:14,19:15  -  19:29"
19:00  -  19:14,82380260,North-Western,Solwezi,Rural,Male,3,None,D,Some high school,Other Christian,A subsistence farmer/fisherman,D,K 850-K 1674,Yes,19 – 24,"6:00  -  6:14,6:15  -  6:29,13:00  -  13:14,18:00  -  18:14,18:15  -  18:29,18:30  -  18:44,18:45  -  18:59,19:00  -  19:14,19:15  -  19:29"
18:45  -  18:59,82380260,North-Western,Solwezi,Rural,Male,3,None,D,Some high school,Other Christian,A subsistence farmer/fisherman,D,K 850-K 1674,Yes,19 – 24,"6:00  -  6:14,6:15  -  6:29,13:00  -  13:14,18:00  -  18:14,18:15  -  18:29,18:30  -  18:44,18:45  -  18:59,19:00  -  19:14,19:15  -  19:29"
6:00  -  6:14,82380260,North-Western,Solwezi,Rural,Male,3,None,D,Some high school,Other Christian,A subsistence farmer/fisherman,D,K 850-K 1674,Yes,19 – 24,"6:00  -  6:14,6:15  -  6:29,13:00  -  13:14,18:00  -  18:14,18:15  -  18:29,18:30  -  18:44,18:45  -  18:59,19:00  -  19:14,19:15  -  19:29"
