Flava FM  Thursday analysis,SbjNum,Province,Districts,AREA TYPE,Gender,Number of Radio Sets,Number of Cars,LSM GROUP,Educational Qualification,Religion,Work Status,Social Class,Gross Monthly Income,Clothing P6M,Age Range,Flava FM  Thursday
14:00  -  14:14,60543321,Copperbelt,Kitwe,Urban,Male,2,One,C1,Primary school completed,Others,Unemployed [SEEKING A JOB],C1,"K 2,500   -  K 3,154",Yes,19 – 24,"14:00  -  14:14,14:45  -  14:59"
14:45  -  14:59,60543321,Copperbelt,Kitwe,Urban,Male,2,One,C1,Primary school completed,Others,Unemployed [SEEKING A JOB],C1,"K 2,500   -  K 3,154",Yes,19 – 24,"14:00  -  14:14,14:45  -  14:59"
5:00  -  5:14,82105100,Copperbelt,Kitwe,Urban,Female,1,None,C1,Some primary school,Other Christian,A business owner,C1,"K 1675- K2,499",Yes,45+,5:00  -  5:14
18:30  -  18:44,82181716,Copperbelt,Kitwe,Urban,Male,2,None,C1,Some high school,Other Christian,Student,C1,Under K 849,Yes,19 – 24,"15:00  -  15:14,15:15  -  15:29,15:30  -  15:44,15:45  -  15:59,16:00  -  16:14,16:15  -  16:29,16:30  -  16:44,16:45  -  16:59,17:00  -  17:14,17:15  -  17:29,17:30  -  17:44,17:45  -  17:59,18:00  -  18:14,18:15  -  18:29,18:30  -  18:44,18:45  -  18:59,19:00  -  19:14,19:15  -  19:29,19:30  -  19:44,19:45  -  19:59,20:00  -  20:14"
15:00  -  15:14,82181716,Copperbelt,Kitwe,Urban,Male,2,None,C1,Some high school,Other Christian,Student,C1,Under K 849,Yes,19 – 24,"15:00  -  15:14,15:15  -  15:29,15:30  -  15:44,15:45  -  15:59,16:00  -  16:14,16:15  -  16:29,16:30  -  16:44,16:45  -  16:59,17:00  -  17:14,17:15  -  17:29,17:30  -  17:44,17:45  -  17:59,18:00  -  18:14,18:15  -  18:29,18:30  -  18:44,18:45  -  18:59,19:00  -  19:14,19:15  -  19:29,19:30  -  19:44,19:45  -  19:59,20:00  -  20:14"
16:30  -  16:44,82181716,Copperbelt,Kitwe,Urban,Male,2,None,C1,Some high school,Other Christian,Student,C1,Under K 849,Yes,19 – 24,"15:00  -  15:14,15:15  -  15:29,15:30  -  15:44,15:45  -  15:59,16:00  -  16:14,16:15  -  16:29,16:30  -  16:44,16:45  -  16:59,17:00  -  17:14,17:15  -  17:29,17:30  -  17:44,17:45  -  17:59,18:00  -  18:14,18:15  -  18:29,18:30  -  18:44,18:45  -  18:59,19:00  -  19:14,19:15  -  19:29,19:30  -  19:44,19:45  -  19:59,20:00  -  20:14"
19:00  -  19:14,82181716,Copperbelt,Kitwe,Urban,Male,2,None,C1,Some high school,Other Christian,Student,C1,Under K 849,Yes,19 – 24,"15:00  -  15:14,15:15  -  15:29,15:30  -  15:44,15:45  -  15:59,16:00  -  16:14,16:15  -  16:29,16:30  -  16:44,16:45  -  16:59,17:00  -  17:14,17:15  -  17:29,17:30  -  17:44,17:45  -  17:59,18:00  -  18:14,18:15  -  18:29,18:30  -  18:44,18:45  -  18:59,19:00  -  19:14,19:15  -  19:29,19:30  -  19:44,19:45  -  19:59,20:00  -  20:14"
15:30  -  15:44,82181716,Copperbelt,Kitwe,Urban,Male,2,None,C1,Some high school,Other Christian,Student,C1,Under K 849,Yes,19 – 24,"15:00  -  15:14,15:15  -  15:29,15:30  -  15:44,15:45  -  15:59,16:00  -  16:14,16:15  -  16:29,16:30  -  16:44,16:45  -  16:59,17:00  -  17:14,17:15  -  17:29,17:30  -  17:44,17:45  -  17:59,18:00  -  18:14,18:15  -  18:29,18:30  -  18:44,18:45  -  18:59,19:00  -  19:14,19:15  -  19:29,19:30  -  19:44,19:45  -  19:59,20:00  -  20:14"
16:45  -  16:59,82181716,Copperbelt,Kitwe,Urban,Male,2,None,C1,Some high school,Other Christian,Student,C1,Under K 849,Yes,19 – 24,"15:00  -  15:14,15:15  -  15:29,15:30  -  15:44,15:45  -  15:59,16:00  -  16:14,16:15  -  16:29,16:30  -  16:44,16:45  -  16:59,17:00  -  17:14,17:15  -  17:29,17:30  -  17:44,17:45  -  17:59,18:00  -  18:14,18:15  -  18:29,18:30  -  18:44,18:45  -  18:59,19:00  -  19:14,19:15  -  19:29,19:30  -  19:44,19:45  -  19:59,20:00  -  20:14"
20:00  -  20:14,82181716,Copperbelt,Kitwe,Urban,Male,2,None,C1,Some high school,Other Christian,Student,C1,Under K 849,Yes,19 – 24,"15:00  -  15:14,15:15  -  15:29,15:30  -  15:44,15:45  -  15:59,16:00  -  16:14,16:15  -  16:29,16:30  -  16:44,16:45  -  16:59,17:00  -  17:14,17:15  -  17:29,17:30  -  17:44,17:45  -  17:59,18:00  -  18:14,18:15  -  18:29,18:30  -  18:44,18:45  -  18:59,19:00  -  19:14,19:15  -  19:29,19:30  -  19:44,19:45  -  19:59,20:00  -  20:14"
18:15  -  18:29,82181716,Copperbelt,Kitwe,Urban,Male,2,None,C1,Some high school,Other Christian,Student,C1,Under K 849,Yes,19 – 24,"15:00  -  15:14,15:15  -  15:29,15:30  -  15:44,15:45  -  15:59,16:00  -  16:14,16:15  -  16:29,16:30  -  16:44,16:45  -  16:59,17:00  -  17:14,17:15  -  17:29,17:30  -  17:44,17:45  -  17:59,18:00  -  18:14,18:15  -  18:29,18:30  -  18:44,18:45  -  18:59,19:00  -  19:14,19:15  -  19:29,19:30  -  19:44,19:45  -  19:59,20:00  -  20:14"
19:30  -  19:44,82181716,Copperbelt,Kitwe,Urban,Male,2,None,C1,Some high school,Other Christian,Student,C1,Under K 849,Yes,19 – 24,"15:00  -  15:14,15:15  -  15:29,15:30  -  15:44,15:45  -  15:59,16:00  -  16:14,16:15  -  16:29,16:30  -  16:44,16:45  -  16:59,17:00  -  17:14,17:15  -  17:29,17:30  -  17:44,17:45  -  17:59,18:00  -  18:14,18:15  -  18:29,18:30  -  18:44,18:45  -  18:59,19:00  -  19:14,19:15  -  19:29,19:30  -  19:44,19:45  -  19:59,20:00  -  20:14"
16:15  -  16:29,82181716,Copperbelt,Kitwe,Urban,Male,2,None,C1,Some high school,Other Christian,Student,C1,Under K 849,Yes,19 – 24,"15:00  -  15:14,15:15  -  15:29,15:30  -  15:44,15:45  -  15:59,16:00  -  16:14,16:15  -  16:29,16:30  -  16:44,16:45  -  16:59,17:00  -  17:14,17:15  -  17:29,17:30  -  17:44,17:45  -  17:59,18:00  -  18:14,18:15  -  18:29,18:30  -  18:44,18:45  -  18:59,19:00  -  19:14,19:15  -  19:29,19:30  -  19:44,19:45  -  19:59,20:00  -  20:14"
19:15  -  19:29,82181716,Copperbelt,Kitwe,Urban,Male,2,None,C1,Some high school,Other Christian,Student,C1,Under K 849,Yes,19 – 24,"15:00  -  15:14,15:15  -  15:29,15:30  -  15:44,15:45  -  15:59,16:00  -  16:14,16:15  -  16:29,16:30  -  16:44,16:45  -  16:59,17:00  -  17:14,17:15  -  17:29,17:30  -  17:44,17:45  -  17:59,18:00  -  18:14,18:15  -  18:29,18:30  -  18:44,18:45  -  18:59,19:00  -  19:14,19:15  -  19:29,19:30  -  19:44,19:45  -  19:59,20:00  -  20:14"
15:45  -  15:59,82181716,Copperbelt,Kitwe,Urban,Male,2,None,C1,Some high school,Other Christian,Student,C1,Under K 849,Yes,19 – 24,"15:00  -  15:14,15:15  -  15:29,15:30  -  15:44,15:45  -  15:59,16:00  -  16:14,16:15  -  16:29,16:30  -  16:44,16:45  -  16:59,17:00  -  17:14,17:15  -  17:29,17:30  -  17:44,17:45  -  17:59,18:00  -  18:14,18:15  -  18:29,18:30  -  18:44,18:45  -  18:59,19:00  -  19:14,19:15  -  19:29,19:30  -  19:44,19:45  -  19:59,20:00  -  20:14"
18:00  -  18:14,82181716,Copperbelt,Kitwe,Urban,Male,2,None,C1,Some high school,Other Christian,Student,C1,Under K 849,Yes,19 – 24,"15:00  -  15:14,15:15  -  15:29,15:30  -  15:44,15:45  -  15:59,16:00  -  16:14,16:15  -  16:29,16:30  -  16:44,16:45  -  16:59,17:00  -  17:14,17:15  -  17:29,17:30  -  17:44,17:45  -  17:59,18:00  -  18:14,18:15  -  18:29,18:30  -  18:44,18:45  -  18:59,19:00  -  19:14,19:15  -  19:29,19:30  -  19:44,19:45  -  19:59,20:00  -  20:14"
17:45  -  17:59,82181716,Copperbelt,Kitwe,Urban,Male,2,None,C1,Some high school,Other Christian,Student,C1,Under K 849,Yes,19 – 24,"15:00  -  15:14,15:15  -  15:29,15:30  -  15:44,15:45  -  15:59,16:00  -  16:14,16:15  -  16:29,16:30  -  16:44,16:45  -  16:59,17:00  -  17:14,17:15  -  17:29,17:30  -  17:44,17:45  -  17:59,18:00  -  18:14,18:15  -  18:29,18:30  -  18:44,18:45  -  18:59,19:00  -  19:14,19:15  -  19:29,19:30  -  19:44,19:45  -  19:59,20:00  -  20:14"
17:00  -  17:14,82181716,Copperbelt,Kitwe,Urban,Male,2,None,C1,Some high school,Other Christian,Student,C1,Under K 849,Yes,19 – 24,"15:00  -  15:14,15:15  -  15:29,15:30  -  15:44,15:45  -  15:59,16:00  -  16:14,16:15  -  16:29,16:30  -  16:44,16:45  -  16:59,17:00  -  17:14,17:15  -  17:29,17:30  -  17:44,17:45  -  17:59,18:00  -  18:14,18:15  -  18:29,18:30  -  18:44,18:45  -  18:59,19:00  -  19:14,19:15  -  19:29,19:30  -  19:44,19:45  -  19:59,20:00  -  20:14"
17:30  -  17:44,82181716,Copperbelt,Kitwe,Urban,Male,2,None,C1,Some high school,Other Christian,Student,C1,Under K 849,Yes,19 – 24,"15:00  -  15:14,15:15  -  15:29,15:30  -  15:44,15:45  -  15:59,16:00  -  16:14,16:15  -  16:29,16:30  -  16:44,16:45  -  16:59,17:00  -  17:14,17:15  -  17:29,17:30  -  17:44,17:45  -  17:59,18:00  -  18:14,18:15  -  18:29,18:30  -  18:44,18:45  -  18:59,19:00  -  19:14,19:15  -  19:29,19:30  -  19:44,19:45  -  19:59,20:00  -  20:14"
15:15  -  15:29,82181716,Copperbelt,Kitwe,Urban,Male,2,None,C1,Some high school,Other Christian,Student,C1,Under K 849,Yes,19 – 24,"15:00  -  15:14,15:15  -  15:29,15:30  -  15:44,15:45  -  15:59,16:00  -  16:14,16:15  -  16:29,16:30  -  16:44,16:45  -  16:59,17:00  -  17:14,17:15  -  17:29,17:30  -  17:44,17:45  -  17:59,18:00  -  18:14,18:15  -  18:29,18:30  -  18:44,18:45  -  18:59,19:00  -  19:14,19:15  -  19:29,19:30  -  19:44,19:45  -  19:59,20:00  -  20:14"
18:45  -  18:59,82181716,Copperbelt,Kitwe,Urban,Male,2,None,C1,Some high school,Other Christian,Student,C1,Under K 849,Yes,19 – 24,"15:00  -  15:14,15:15  -  15:29,15:30  -  15:44,15:45  -  15:59,16:00  -  16:14,16:15  -  16:29,16:30  -  16:44,16:45  -  16:59,17:00  -  17:14,17:15  -  17:29,17:30  -  17:44,17:45  -  17:59,18:00  -  18:14,18:15  -  18:29,18:30  -  18:44,18:45  -  18:59,19:00  -  19:14,19:15  -  19:29,19:30  -  19:44,19:45  -  19:59,20:00  -  20:14"
19:45  -  19:59,82181716,Copperbelt,Kitwe,Urban,Male,2,None,C1,Some high school,Other Christian,Student,C1,Under K 849,Yes,19 – 24,"15:00  -  15:14,15:15  -  15:29,15:30  -  15:44,15:45  -  15:59,16:00  -  16:14,16:15  -  16:29,16:30  -  16:44,16:45  -  16:59,17:00  -  17:14,17:15  -  17:29,17:30  -  17:44,17:45  -  17:59,18:00  -  18:14,18:15  -  18:29,18:30  -  18:44,18:45  -  18:59,19:00  -  19:14,19:15  -  19:29,19:30  -  19:44,19:45  -  19:59,20:00  -  20:14"
17:15  -  17:29,82181716,Copperbelt,Kitwe,Urban,Male,2,None,C1,Some high school,Other Christian,Student,C1,Under K 849,Yes,19 – 24,"15:00  -  15:14,15:15  -  15:29,15:30  -  15:44,15:45  -  15:59,16:00  -  16:14,16:15  -  16:29,16:30  -  16:44,16:45  -  16:59,17:00  -  17:14,17:15  -  17:29,17:30  -  17:44,17:45  -  17:59,18:00  -  18:14,18:15  -  18:29,18:30  -  18:44,18:45  -  18:59,19:00  -  19:14,19:15  -  19:29,19:30  -  19:44,19:45  -  19:59,20:00  -  20:14"
16:00  -  16:14,82181716,Copperbelt,Kitwe,Urban,Male,2,None,C1,Some high school,Other Christian,Student,C1,Under K 849,Yes,19 – 24,"15:00  -  15:14,15:15  -  15:29,15:30  -  15:44,15:45  -  15:59,16:00  -  16:14,16:15  -  16:29,16:30  -  16:44,16:45  -  16:59,17:00  -  17:14,17:15  -  17:29,17:30  -  17:44,17:45  -  17:59,18:00  -  18:14,18:15  -  18:29,18:30  -  18:44,18:45  -  18:59,19:00  -  19:14,19:15  -  19:29,19:30  -  19:44,19:45  -  19:59,20:00  -  20:14"
16:00  -  16:14,82183434,Copperbelt,Kitwe,Urban,Female,2,One,AB,Some university,Other Christian,Working Full-Time,AB,"K 5,365  -  K 6,102",Yes,25 – 34,16:00  -  16:14
6:00  -  6:14,82184233,Copperbelt,Kitwe,Urban,Female,2,None,C1,Some primary school,Other Christian,A business owner,C1,"K 1675- K2,499",Yes,35 – 44,6:00  -  6:14
6:00  -  6:14,82188309,Copperbelt,Kitwe,Urban,Female,2,One,C1,Some primary school,Other Christian,A business owner,C1,"K 3,155   -  K 3,890",Yes,35 – 44,6:00  -  6:14
9:00  -  9:14,82191573,Copperbelt,Kitwe,Urban,Female,1,None,C1,Some primary school,Other Christian,A business owner,C1,"K 3,891  -  K 4,627",Yes,35 – 44,9:00  -  9:14
5:00  -  5:14,82195184,Copperbelt,Kitwe,Urban,Female,1,None,C1,Some primary school,Other Christian,Unemployed [SEEKING A JOB],C1,K 850-K 1674,Yes,19 – 24,5:00  -  5:14
6:45  -  6:59,82203700,Copperbelt,Kitwe,Urban,Female,2,None,C1,Some university,Other Christian,A housewife/househusband,C1,"K 1675- K2,499",Yes,25 – 34,6:45  -  6:59
20:30  -  20:44,82205274,Copperbelt,Kitwe,Urban,Male,3,One,AB,University completed,Other Christian,Working Full-Time,AB,"K 14,632 -  K 17,499",Yes,35 – 44,"20:00  -  20:14,20:15  -  20:29,20:30  -  20:44"
20:00  -  20:14,82205274,Copperbelt,Kitwe,Urban,Male,3,One,AB,University completed,Other Christian,Working Full-Time,AB,"K 14,632 -  K 17,499",Yes,35 – 44,"20:00  -  20:14,20:15  -  20:29,20:30  -  20:44"
20:15  -  20:29,82205274,Copperbelt,Kitwe,Urban,Male,3,One,AB,University completed,Other Christian,Working Full-Time,AB,"K 14,632 -  K 17,499",Yes,35 – 44,"20:00  -  20:14,20:15  -  20:29,20:30  -  20:44"
14:00  -  14:14,82205276,Copperbelt,Kitwe,Urban,Female,3,None,C2,Completed high School,Other Christian,Unemployed [SEEKING A JOB],C2,"K 2,500   -  K 3,154",Yes,35 – 44,"13:00  -  13:14,13:15  -  13:29,13:30  -  13:44,13:45  -  13:59,14:00  -  14:14"
13:30  -  13:44,82205276,Copperbelt,Kitwe,Urban,Female,3,None,C2,Completed high School,Other Christian,Unemployed [SEEKING A JOB],C2,"K 2,500   -  K 3,154",Yes,35 – 44,"13:00  -  13:14,13:15  -  13:29,13:30  -  13:44,13:45  -  13:59,14:00  -  14:14"
13:45  -  13:59,82205276,Copperbelt,Kitwe,Urban,Female,3,None,C2,Completed high School,Other Christian,Unemployed [SEEKING A JOB],C2,"K 2,500   -  K 3,154",Yes,35 – 44,"13:00  -  13:14,13:15  -  13:29,13:30  -  13:44,13:45  -  13:59,14:00  -  14:14"
13:15  -  13:29,82205276,Copperbelt,Kitwe,Urban,Female,3,None,C2,Completed high School,Other Christian,Unemployed [SEEKING A JOB],C2,"K 2,500   -  K 3,154",Yes,35 – 44,"13:00  -  13:14,13:15  -  13:29,13:30  -  13:44,13:45  -  13:59,14:00  -  14:14"
13:00  -  13:14,82205276,Copperbelt,Kitwe,Urban,Female,3,None,C2,Completed high School,Other Christian,Unemployed [SEEKING A JOB],C2,"K 2,500   -  K 3,154",Yes,35 – 44,"13:00  -  13:14,13:15  -  13:29,13:30  -  13:44,13:45  -  13:59,14:00  -  14:14"
9:45  -  9:59,82205279,Copperbelt,Kitwe,Urban,Female,2,None,C2,Primary school completed,Other Christian,A subsistence farmer/fisherman,C2,"K 3,891  -  K 4,627",No,25 – 34,"9:00  -  9:14,9:15  -  9:29,9:30  -  9:44,9:45  -  9:59,10:00  -  10:14,10:15  -  10:29,10:30  -  10:44"
10:00  -  10:14,82205279,Copperbelt,Kitwe,Urban,Female,2,None,C2,Primary school completed,Other Christian,A subsistence farmer/fisherman,C2,"K 3,891  -  K 4,627",No,25 – 34,"9:00  -  9:14,9:15  -  9:29,9:30  -  9:44,9:45  -  9:59,10:00  -  10:14,10:15  -  10:29,10:30  -  10:44"
9:00  -  9:14,82205279,Copperbelt,Kitwe,Urban,Female,2,None,C2,Primary school completed,Other Christian,A subsistence farmer/fisherman,C2,"K 3,891  -  K 4,627",No,25 – 34,"9:00  -  9:14,9:15  -  9:29,9:30  -  9:44,9:45  -  9:59,10:00  -  10:14,10:15  -  10:29,10:30  -  10:44"
9:15  -  9:29,82205279,Copperbelt,Kitwe,Urban,Female,2,None,C2,Primary school completed,Other Christian,A subsistence farmer/fisherman,C2,"K 3,891  -  K 4,627",No,25 – 34,"9:00  -  9:14,9:15  -  9:29,9:30  -  9:44,9:45  -  9:59,10:00  -  10:14,10:15  -  10:29,10:30  -  10:44"
10:30  -  10:44,82205279,Copperbelt,Kitwe,Urban,Female,2,None,C2,Primary school completed,Other Christian,A subsistence farmer/fisherman,C2,"K 3,891  -  K 4,627",No,25 – 34,"9:00  -  9:14,9:15  -  9:29,9:30  -  9:44,9:45  -  9:59,10:00  -  10:14,10:15  -  10:29,10:30  -  10:44"
9:30  -  9:44,82205279,Copperbelt,Kitwe,Urban,Female,2,None,C2,Primary school completed,Other Christian,A subsistence farmer/fisherman,C2,"K 3,891  -  K 4,627",No,25 – 34,"9:00  -  9:14,9:15  -  9:29,9:30  -  9:44,9:45  -  9:59,10:00  -  10:14,10:15  -  10:29,10:30  -  10:44"
10:15  -  10:29,82205279,Copperbelt,Kitwe,Urban,Female,2,None,C2,Primary school completed,Other Christian,A subsistence farmer/fisherman,C2,"K 3,891  -  K 4,627",No,25 – 34,"9:00  -  9:14,9:15  -  9:29,9:30  -  9:44,9:45  -  9:59,10:00  -  10:14,10:15  -  10:29,10:30  -  10:44"
20:30  -  20:44,82205281,Copperbelt,Kitwe,Urban,Female,2,None,C2,Some high school,Other Christian,A housewife/househusband,C2,"K 4,628   -  K 5,364",Yes,25 – 34,"20:00  -  20:14,20:15  -  20:29,20:30  -  20:44"
20:00  -  20:14,82205281,Copperbelt,Kitwe,Urban,Female,2,None,C2,Some high school,Other Christian,A housewife/househusband,C2,"K 4,628   -  K 5,364",Yes,25 – 34,"20:00  -  20:14,20:15  -  20:29,20:30  -  20:44"
20:15  -  20:29,82205281,Copperbelt,Kitwe,Urban,Female,2,None,C2,Some high school,Other Christian,A housewife/househusband,C2,"K 4,628   -  K 5,364",Yes,25 – 34,"20:00  -  20:14,20:15  -  20:29,20:30  -  20:44"
10:45  -  10:59,82271219,Copperbelt,Ndola,Urban,Male,3,Two or More,AB,Some university,Other Christian,Working Full-Time,AB,"K 5,365  -  K 6,102",Yes,25 – 34,10:45  -  10:59
7:15  -  7:29,82278491,Copperbelt,Kitwe,Urban,Female,2,None,C1,Completed high School,Other Christian,Retired - voluntary scholarspensioners,C1,"K 2,500   -  K 3,154",Yes,35 – 44,7:15  -  7:29
20:30  -  20:44,82278964,Copperbelt,Kitwe,Urban,Female,1,None,C2,Completed high School,Other Christian,Unemployed [SEEKING A JOB],C2,Refusal [Do not show],No,19 – 24,"20:00  -  20:14,20:15  -  20:29,20:30  -  20:44,20:45  -  20:59,21:00  -  21:14,21:15  -  21:29,21:30  -  21:44,21:45  -  21:59,22:00  -  22:14,22:15  -  22:29,22:30  -  22:44,22:45  -  22:59,23:00  -  23:14,23:15  -  23:29,23:30  -  23:44"
23:30  -  23:44,82278964,Copperbelt,Kitwe,Urban,Female,1,None,C2,Completed high School,Other Christian,Unemployed [SEEKING A JOB],C2,Refusal [Do not show],No,19 – 24,"20:00  -  20:14,20:15  -  20:29,20:30  -  20:44,20:45  -  20:59,21:00  -  21:14,21:15  -  21:29,21:30  -  21:44,21:45  -  21:59,22:00  -  22:14,22:15  -  22:29,22:30  -  22:44,22:45  -  22:59,23:00  -  23:14,23:15  -  23:29,23:30  -  23:44"
21:30  -  21:44,82278964,Copperbelt,Kitwe,Urban,Female,1,None,C2,Completed high School,Other Christian,Unemployed [SEEKING A JOB],C2,Refusal [Do not show],No,19 – 24,"20:00  -  20:14,20:15  -  20:29,20:30  -  20:44,20:45  -  20:59,21:00  -  21:14,21:15  -  21:29,21:30  -  21:44,21:45  -  21:59,22:00  -  22:14,22:15  -  22:29,22:30  -  22:44,22:45  -  22:59,23:00  -  23:14,23:15  -  23:29,23:30  -  23:44"
21:45  -  21:59,82278964,Copperbelt,Kitwe,Urban,Female,1,None,C2,Completed high School,Other Christian,Unemployed [SEEKING A JOB],C2,Refusal [Do not show],No,19 – 24,"20:00  -  20:14,20:15  -  20:29,20:30  -  20:44,20:45  -  20:59,21:00  -  21:14,21:15  -  21:29,21:30  -  21:44,21:45  -  21:59,22:00  -  22:14,22:15  -  22:29,22:30  -  22:44,22:45  -  22:59,23:00  -  23:14,23:15  -  23:29,23:30  -  23:44"
22:15  -  22:29,82278964,Copperbelt,Kitwe,Urban,Female,1,None,C2,Completed high School,Other Christian,Unemployed [SEEKING A JOB],C2,Refusal [Do not show],No,19 – 24,"20:00  -  20:14,20:15  -  20:29,20:30  -  20:44,20:45  -  20:59,21:00  -  21:14,21:15  -  21:29,21:30  -  21:44,21:45  -  21:59,22:00  -  22:14,22:15  -  22:29,22:30  -  22:44,22:45  -  22:59,23:00  -  23:14,23:15  -  23:29,23:30  -  23:44"
22:30  -  22:44,82278964,Copperbelt,Kitwe,Urban,Female,1,None,C2,Completed high School,Other Christian,Unemployed [SEEKING A JOB],C2,Refusal [Do not show],No,19 – 24,"20:00  -  20:14,20:15  -  20:29,20:30  -  20:44,20:45  -  20:59,21:00  -  21:14,21:15  -  21:29,21:30  -  21:44,21:45  -  21:59,22:00  -  22:14,22:15  -  22:29,22:30  -  22:44,22:45  -  22:59,23:00  -  23:14,23:15  -  23:29,23:30  -  23:44"
21:15  -  21:29,82278964,Copperbelt,Kitwe,Urban,Female,1,None,C2,Completed high School,Other Christian,Unemployed [SEEKING A JOB],C2,Refusal [Do not show],No,19 – 24,"20:00  -  20:14,20:15  -  20:29,20:30  -  20:44,20:45  -  20:59,21:00  -  21:14,21:15  -  21:29,21:30  -  21:44,21:45  -  21:59,22:00  -  22:14,22:15  -  22:29,22:30  -  22:44,22:45  -  22:59,23:00  -  23:14,23:15  -  23:29,23:30  -  23:44"
22:00  -  22:14,82278964,Copperbelt,Kitwe,Urban,Female,1,None,C2,Completed high School,Other Christian,Unemployed [SEEKING A JOB],C2,Refusal [Do not show],No,19 – 24,"20:00  -  20:14,20:15  -  20:29,20:30  -  20:44,20:45  -  20:59,21:00  -  21:14,21:15  -  21:29,21:30  -  21:44,21:45  -  21:59,22:00  -  22:14,22:15  -  22:29,22:30  -  22:44,22:45  -  22:59,23:00  -  23:14,23:15  -  23:29,23:30  -  23:44"
23:15  -  23:29,82278964,Copperbelt,Kitwe,Urban,Female,1,None,C2,Completed high School,Other Christian,Unemployed [SEEKING A JOB],C2,Refusal [Do not show],No,19 – 24,"20:00  -  20:14,20:15  -  20:29,20:30  -  20:44,20:45  -  20:59,21:00  -  21:14,21:15  -  21:29,21:30  -  21:44,21:45  -  21:59,22:00  -  22:14,22:15  -  22:29,22:30  -  22:44,22:45  -  22:59,23:00  -  23:14,23:15  -  23:29,23:30  -  23:44"
23:00  -  23:14,82278964,Copperbelt,Kitwe,Urban,Female,1,None,C2,Completed high School,Other Christian,Unemployed [SEEKING A JOB],C2,Refusal [Do not show],No,19 – 24,"20:00  -  20:14,20:15  -  20:29,20:30  -  20:44,20:45  -  20:59,21:00  -  21:14,21:15  -  21:29,21:30  -  21:44,21:45  -  21:59,22:00  -  22:14,22:15  -  22:29,22:30  -  22:44,22:45  -  22:59,23:00  -  23:14,23:15  -  23:29,23:30  -  23:44"
20:45  -  20:59,82278964,Copperbelt,Kitwe,Urban,Female,1,None,C2,Completed high School,Other Christian,Unemployed [SEEKING A JOB],C2,Refusal [Do not show],No,19 – 24,"20:00  -  20:14,20:15  -  20:29,20:30  -  20:44,20:45  -  20:59,21:00  -  21:14,21:15  -  21:29,21:30  -  21:44,21:45  -  21:59,22:00  -  22:14,22:15  -  22:29,22:30  -  22:44,22:45  -  22:59,23:00  -  23:14,23:15  -  23:29,23:30  -  23:44"
20:00  -  20:14,82278964,Copperbelt,Kitwe,Urban,Female,1,None,C2,Completed high School,Other Christian,Unemployed [SEEKING A JOB],C2,Refusal [Do not show],No,19 – 24,"20:00  -  20:14,20:15  -  20:29,20:30  -  20:44,20:45  -  20:59,21:00  -  21:14,21:15  -  21:29,21:30  -  21:44,21:45  -  21:59,22:00  -  22:14,22:15  -  22:29,22:30  -  22:44,22:45  -  22:59,23:00  -  23:14,23:15  -  23:29,23:30  -  23:44"
20:15  -  20:29,82278964,Copperbelt,Kitwe,Urban,Female,1,None,C2,Completed high School,Other Christian,Unemployed [SEEKING A JOB],C2,Refusal [Do not show],No,19 – 24,"20:00  -  20:14,20:15  -  20:29,20:30  -  20:44,20:45  -  20:59,21:00  -  21:14,21:15  -  21:29,21:30  -  21:44,21:45  -  21:59,22:00  -  22:14,22:15  -  22:29,22:30  -  22:44,22:45  -  22:59,23:00  -  23:14,23:15  -  23:29,23:30  -  23:44"
21:00  -  21:14,82278964,Copperbelt,Kitwe,Urban,Female,1,None,C2,Completed high School,Other Christian,Unemployed [SEEKING A JOB],C2,Refusal [Do not show],No,19 – 24,"20:00  -  20:14,20:15  -  20:29,20:30  -  20:44,20:45  -  20:59,21:00  -  21:14,21:15  -  21:29,21:30  -  21:44,21:45  -  21:59,22:00  -  22:14,22:15  -  22:29,22:30  -  22:44,22:45  -  22:59,23:00  -  23:14,23:15  -  23:29,23:30  -  23:44"
22:45  -  22:59,82278964,Copperbelt,Kitwe,Urban,Female,1,None,C2,Completed high School,Other Christian,Unemployed [SEEKING A JOB],C2,Refusal [Do not show],No,19 – 24,"20:00  -  20:14,20:15  -  20:29,20:30  -  20:44,20:45  -  20:59,21:00  -  21:14,21:15  -  21:29,21:30  -  21:44,21:45  -  21:59,22:00  -  22:14,22:15  -  22:29,22:30  -  22:44,22:45  -  22:59,23:00  -  23:14,23:15  -  23:29,23:30  -  23:44"
18:00  -  18:14,82281434,Copperbelt,Kitwe,Urban,Female,1,None,C1,Some university,Other Christian,A housewife/househusband,C1,"K 1675- K2,499",Yes,19 – 24,18:00  -  18:14
10:30  -  10:44,82286032,Copperbelt,Kitwe,Urban,Female,1,None,C1,Some university,Other Christian,A business owner,C1,"K 2,500   -  K 3,154",Yes,25 – 34,10:30  -  10:44
16:30  -  16:44,82366370,Copperbelt,Kitwe,Urban,Female,1,None,C1,Some university,Other Christian,A business owner,C1,"K 1675- K2,499",Yes,35 – 44,16:30  -  16:44
10:00  -  10:14,82369480,Copperbelt,Kitwe,Urban,Female,1,None,C1,Some university,Other Christian,A business owner,C1,"K 2,500   -  K 3,154",Yes,25 – 34,10:00  -  10:14
16:00  -  16:14,82372511,Copperbelt,Kitwe,Urban,Female,1,None,C1,Some university,Other Christian,A housewife/househusband,C1,"K 1675- K2,499",Yes,25 – 34,16:00  -  16:14
19:00  -  19:14,82376054,Copperbelt,Kitwe,Urban,Female,2,None,C1,Some university,Other Christian,A business owner,C1,"K 2,500   -  K 3,154",Yes,25 – 34,19:00  -  19:14
16:15  -  16:29,82378692,Copperbelt,Kitwe,Urban,Male,3,None,C1,Completed high School,Other Christian,Working Full-Time,C1,"K 2,500   -  K 3,154",Yes,25 – 34,"16:00  -  16:14,16:15  -  16:29,16:30  -  16:44,16:45  -  16:59,17:00  -  17:14"
16:45  -  16:59,82378692,Copperbelt,Kitwe,Urban,Male,3,None,C1,Completed high School,Other Christian,Working Full-Time,C1,"K 2,500   -  K 3,154",Yes,25 – 34,"16:00  -  16:14,16:15  -  16:29,16:30  -  16:44,16:45  -  16:59,17:00  -  17:14"
17:00  -  17:14,82378692,Copperbelt,Kitwe,Urban,Male,3,None,C1,Completed high School,Other Christian,Working Full-Time,C1,"K 2,500   -  K 3,154",Yes,25 – 34,"16:00  -  16:14,16:15  -  16:29,16:30  -  16:44,16:45  -  16:59,17:00  -  17:14"
16:00  -  16:14,82378692,Copperbelt,Kitwe,Urban,Male,3,None,C1,Completed high School,Other Christian,Working Full-Time,C1,"K 2,500   -  K 3,154",Yes,25 – 34,"16:00  -  16:14,16:15  -  16:29,16:30  -  16:44,16:45  -  16:59,17:00  -  17:14"
16:30  -  16:44,82378692,Copperbelt,Kitwe,Urban,Male,3,None,C1,Completed high School,Other Christian,Working Full-Time,C1,"K 2,500   -  K 3,154",Yes,25 – 34,"16:00  -  16:14,16:15  -  16:29,16:30  -  16:44,16:45  -  16:59,17:00  -  17:14"
10:00  -  10:14,82456633,Copperbelt,Kitwe,Urban,Female,1,None,C1,Some university,Other Christian,Unemployed [SEEKING A JOB],C1,K 850-K 1674,Yes,25 – 34,10:00  -  10:14
6:00  -  6:14,82470053,Copperbelt,Ndola,Urban,Male,1,One,AB,University completed,Other Christian,Working Full-Time,AB,"K 7,893 -  K 11,261",Yes,25 – 34,"6:00  -  6:14,6:45  -  6:59"
6:45  -  6:59,82470053,Copperbelt,Ndola,Urban,Male,1,One,AB,University completed,Other Christian,Working Full-Time,AB,"K 7,893 -  K 11,261",Yes,25 – 34,"6:00  -  6:14,6:45  -  6:59"
