Kokoliko  Yesterday analysis,SbjNum,Province,Districts,AREA TYPE,Gender,Number of Radio Sets,Number of Cars,LSM GROUP,Educational Qualification,Religion,Work Status,Social Class,Gross Monthly Income,Clothing P6M,Age Range,Kokoliko  Yesterday
1:00  -  1:14,60531169,Copperbelt,Chilililabombwe,Urban,Male,2,One,AB,Completed high School,Others,Self employed,Do not know,Do not know,Yes,45+,"23:45  -  23:59,1:00  -  1:14"
23:45  -  23:59,60531169,Copperbelt,Chilililabombwe,Urban,Male,2,One,AB,Completed high School,Others,Self employed,Do not know,Do not know,Yes,45+,"23:45  -  23:59,1:00  -  1:14"
17:45  -  17:59,60554971,Copperbelt,Chingola,Urban,Male,1,None,C1,Completed high School,Other Christian,Self employed,C1,"K 6,103   -  K 7,892",Yes,45+,"17:15  -  17:29,17:30  -  17:44,17:45  -  17:59,18:00  -  18:14,18:15  -  18:29"
17:30  -  17:44,60554971,Copperbelt,Chingola,Urban,Male,1,None,C1,Completed high School,Other Christian,Self employed,C1,"K 6,103   -  K 7,892",Yes,45+,"17:15  -  17:29,17:30  -  17:44,17:45  -  17:59,18:00  -  18:14,18:15  -  18:29"
18:00  -  18:14,60554971,Copperbelt,Chingola,Urban,Male,1,None,C1,Completed high School,Other Christian,Self employed,C1,"K 6,103   -  K 7,892",Yes,45+,"17:15  -  17:29,17:30  -  17:44,17:45  -  17:59,18:00  -  18:14,18:15  -  18:29"
18:15  -  18:29,60554971,Copperbelt,Chingola,Urban,Male,1,None,C1,Completed high School,Other Christian,Self employed,C1,"K 6,103   -  K 7,892",Yes,45+,"17:15  -  17:29,17:30  -  17:44,17:45  -  17:59,18:00  -  18:14,18:15  -  18:29"
17:15  -  17:29,60554971,Copperbelt,Chingola,Urban,Male,1,None,C1,Completed high School,Other Christian,Self employed,C1,"K 6,103   -  K 7,892",Yes,45+,"17:15  -  17:29,17:30  -  17:44,17:45  -  17:59,18:00  -  18:14,18:15  -  18:29"
9:30  -  9:44,60559082,Copperbelt,Chingola,Urban,Female,1,None,C2,Some primary school,Other Christian,Self employed,No Income,Under K 849,Yes,35 – 44,"9:00  -  9:14,9:15  -  9:29,9:30  -  9:44,9:45  -  9:59"
9:45  -  9:59,60559082,Copperbelt,Chingola,Urban,Female,1,None,C2,Some primary school,Other Christian,Self employed,No Income,Under K 849,Yes,35 – 44,"9:00  -  9:14,9:15  -  9:29,9:30  -  9:44,9:45  -  9:59"
9:15  -  9:29,60559082,Copperbelt,Chingola,Urban,Female,1,None,C2,Some primary school,Other Christian,Self employed,No Income,Under K 849,Yes,35 – 44,"9:00  -  9:14,9:15  -  9:29,9:30  -  9:44,9:45  -  9:59"
9:00  -  9:14,60559082,Copperbelt,Chingola,Urban,Female,1,None,C2,Some primary school,Other Christian,Self employed,No Income,Under K 849,Yes,35 – 44,"9:00  -  9:14,9:15  -  9:29,9:30  -  9:44,9:45  -  9:59"
7:45  -  7:59,60578499,Copperbelt,Chingola,Rural,Male,1,None,C2,Completed high School,Roman Catholic,Unemployed [SEEKING A JOB],Do not know,Under K 849,Yes,19 – 24,"7:00  -  7:14,7:15  -  7:29,7:30  -  7:44,7:45  -  7:59"
7:30  -  7:44,60578499,Copperbelt,Chingola,Rural,Male,1,None,C2,Completed high School,Roman Catholic,Unemployed [SEEKING A JOB],Do not know,Under K 849,Yes,19 – 24,"7:00  -  7:14,7:15  -  7:29,7:30  -  7:44,7:45  -  7:59"
7:00  -  7:14,60578499,Copperbelt,Chingola,Rural,Male,1,None,C2,Completed high School,Roman Catholic,Unemployed [SEEKING A JOB],Do not know,Under K 849,Yes,19 – 24,"7:00  -  7:14,7:15  -  7:29,7:30  -  7:44,7:45  -  7:59"
7:15  -  7:29,60578499,Copperbelt,Chingola,Rural,Male,1,None,C2,Completed high School,Roman Catholic,Unemployed [SEEKING A JOB],Do not know,Under K 849,Yes,19 – 24,"7:00  -  7:14,7:15  -  7:29,7:30  -  7:44,7:45  -  7:59"
21:00  -  21:14,60582629,Copperbelt,Mufulira,Urban,Male,2,Two or More,AB,Completed high School,Anglican/Protestant,Self employed,Do not know,Do not know,Yes,35 – 44,"20:00  -  20:14,20:15  -  20:29,20:30  -  20:44,20:45  -  20:59,21:00  -  21:14,21:15  -  21:29,21:30  -  21:44,21:45  -  21:59,22:00  -  22:14,22:15  -  22:29,22:30  -  22:44,22:45  -  22:59,23:00  -  23:14,23:15  -  23:29,23:30  -  23:44,23:45  -  23:59"
23:30  -  23:44,60582629,Copperbelt,Mufulira,Urban,Male,2,Two or More,AB,Completed high School,Anglican/Protestant,Self employed,Do not know,Do not know,Yes,35 – 44,"20:00  -  20:14,20:15  -  20:29,20:30  -  20:44,20:45  -  20:59,21:00  -  21:14,21:15  -  21:29,21:30  -  21:44,21:45  -  21:59,22:00  -  22:14,22:15  -  22:29,22:30  -  22:44,22:45  -  22:59,23:00  -  23:14,23:15  -  23:29,23:30  -  23:44,23:45  -  23:59"
20:30  -  20:44,60582629,Copperbelt,Mufulira,Urban,Male,2,Two or More,AB,Completed high School,Anglican/Protestant,Self employed,Do not know,Do not know,Yes,35 – 44,"20:00  -  20:14,20:15  -  20:29,20:30  -  20:44,20:45  -  20:59,21:00  -  21:14,21:15  -  21:29,21:30  -  21:44,21:45  -  21:59,22:00  -  22:14,22:15  -  22:29,22:30  -  22:44,22:45  -  22:59,23:00  -  23:14,23:15  -  23:29,23:30  -  23:44,23:45  -  23:59"
21:30  -  21:44,60582629,Copperbelt,Mufulira,Urban,Male,2,Two or More,AB,Completed high School,Anglican/Protestant,Self employed,Do not know,Do not know,Yes,35 – 44,"20:00  -  20:14,20:15  -  20:29,20:30  -  20:44,20:45  -  20:59,21:00  -  21:14,21:15  -  21:29,21:30  -  21:44,21:45  -  21:59,22:00  -  22:14,22:15  -  22:29,22:30  -  22:44,22:45  -  22:59,23:00  -  23:14,23:15  -  23:29,23:30  -  23:44,23:45  -  23:59"
22:45  -  22:59,60582629,Copperbelt,Mufulira,Urban,Male,2,Two or More,AB,Completed high School,Anglican/Protestant,Self employed,Do not know,Do not know,Yes,35 – 44,"20:00  -  20:14,20:15  -  20:29,20:30  -  20:44,20:45  -  20:59,21:00  -  21:14,21:15  -  21:29,21:30  -  21:44,21:45  -  21:59,22:00  -  22:14,22:15  -  22:29,22:30  -  22:44,22:45  -  22:59,23:00  -  23:14,23:15  -  23:29,23:30  -  23:44,23:45  -  23:59"
21:45  -  21:59,60582629,Copperbelt,Mufulira,Urban,Male,2,Two or More,AB,Completed high School,Anglican/Protestant,Self employed,Do not know,Do not know,Yes,35 – 44,"20:00  -  20:14,20:15  -  20:29,20:30  -  20:44,20:45  -  20:59,21:00  -  21:14,21:15  -  21:29,21:30  -  21:44,21:45  -  21:59,22:00  -  22:14,22:15  -  22:29,22:30  -  22:44,22:45  -  22:59,23:00  -  23:14,23:15  -  23:29,23:30  -  23:44,23:45  -  23:59"
20:45  -  20:59,60582629,Copperbelt,Mufulira,Urban,Male,2,Two or More,AB,Completed high School,Anglican/Protestant,Self employed,Do not know,Do not know,Yes,35 – 44,"20:00  -  20:14,20:15  -  20:29,20:30  -  20:44,20:45  -  20:59,21:00  -  21:14,21:15  -  21:29,21:30  -  21:44,21:45  -  21:59,22:00  -  22:14,22:15  -  22:29,22:30  -  22:44,22:45  -  22:59,23:00  -  23:14,23:15  -  23:29,23:30  -  23:44,23:45  -  23:59"
22:15  -  22:29,60582629,Copperbelt,Mufulira,Urban,Male,2,Two or More,AB,Completed high School,Anglican/Protestant,Self employed,Do not know,Do not know,Yes,35 – 44,"20:00  -  20:14,20:15  -  20:29,20:30  -  20:44,20:45  -  20:59,21:00  -  21:14,21:15  -  21:29,21:30  -  21:44,21:45  -  21:59,22:00  -  22:14,22:15  -  22:29,22:30  -  22:44,22:45  -  22:59,23:00  -  23:14,23:15  -  23:29,23:30  -  23:44,23:45  -  23:59"
23:00  -  23:14,60582629,Copperbelt,Mufulira,Urban,Male,2,Two or More,AB,Completed high School,Anglican/Protestant,Self employed,Do not know,Do not know,Yes,35 – 44,"20:00  -  20:14,20:15  -  20:29,20:30  -  20:44,20:45  -  20:59,21:00  -  21:14,21:15  -  21:29,21:30  -  21:44,21:45  -  21:59,22:00  -  22:14,22:15  -  22:29,22:30  -  22:44,22:45  -  22:59,23:00  -  23:14,23:15  -  23:29,23:30  -  23:44,23:45  -  23:59"
23:15  -  23:29,60582629,Copperbelt,Mufulira,Urban,Male,2,Two or More,AB,Completed high School,Anglican/Protestant,Self employed,Do not know,Do not know,Yes,35 – 44,"20:00  -  20:14,20:15  -  20:29,20:30  -  20:44,20:45  -  20:59,21:00  -  21:14,21:15  -  21:29,21:30  -  21:44,21:45  -  21:59,22:00  -  22:14,22:15  -  22:29,22:30  -  22:44,22:45  -  22:59,23:00  -  23:14,23:15  -  23:29,23:30  -  23:44,23:45  -  23:59"
23:45  -  23:59,60582629,Copperbelt,Mufulira,Urban,Male,2,Two or More,AB,Completed high School,Anglican/Protestant,Self employed,Do not know,Do not know,Yes,35 – 44,"20:00  -  20:14,20:15  -  20:29,20:30  -  20:44,20:45  -  20:59,21:00  -  21:14,21:15  -  21:29,21:30  -  21:44,21:45  -  21:59,22:00  -  22:14,22:15  -  22:29,22:30  -  22:44,22:45  -  22:59,23:00  -  23:14,23:15  -  23:29,23:30  -  23:44,23:45  -  23:59"
20:15  -  20:29,60582629,Copperbelt,Mufulira,Urban,Male,2,Two or More,AB,Completed high School,Anglican/Protestant,Self employed,Do not know,Do not know,Yes,35 – 44,"20:00  -  20:14,20:15  -  20:29,20:30  -  20:44,20:45  -  20:59,21:00  -  21:14,21:15  -  21:29,21:30  -  21:44,21:45  -  21:59,22:00  -  22:14,22:15  -  22:29,22:30  -  22:44,22:45  -  22:59,23:00  -  23:14,23:15  -  23:29,23:30  -  23:44,23:45  -  23:59"
20:00  -  20:14,60582629,Copperbelt,Mufulira,Urban,Male,2,Two or More,AB,Completed high School,Anglican/Protestant,Self employed,Do not know,Do not know,Yes,35 – 44,"20:00  -  20:14,20:15  -  20:29,20:30  -  20:44,20:45  -  20:59,21:00  -  21:14,21:15  -  21:29,21:30  -  21:44,21:45  -  21:59,22:00  -  22:14,22:15  -  22:29,22:30  -  22:44,22:45  -  22:59,23:00  -  23:14,23:15  -  23:29,23:30  -  23:44,23:45  -  23:59"
22:00  -  22:14,60582629,Copperbelt,Mufulira,Urban,Male,2,Two or More,AB,Completed high School,Anglican/Protestant,Self employed,Do not know,Do not know,Yes,35 – 44,"20:00  -  20:14,20:15  -  20:29,20:30  -  20:44,20:45  -  20:59,21:00  -  21:14,21:15  -  21:29,21:30  -  21:44,21:45  -  21:59,22:00  -  22:14,22:15  -  22:29,22:30  -  22:44,22:45  -  22:59,23:00  -  23:14,23:15  -  23:29,23:30  -  23:44,23:45  -  23:59"
22:30  -  22:44,60582629,Copperbelt,Mufulira,Urban,Male,2,Two or More,AB,Completed high School,Anglican/Protestant,Self employed,Do not know,Do not know,Yes,35 – 44,"20:00  -  20:14,20:15  -  20:29,20:30  -  20:44,20:45  -  20:59,21:00  -  21:14,21:15  -  21:29,21:30  -  21:44,21:45  -  21:59,22:00  -  22:14,22:15  -  22:29,22:30  -  22:44,22:45  -  22:59,23:00  -  23:14,23:15  -  23:29,23:30  -  23:44,23:45  -  23:59"
21:15  -  21:29,60582629,Copperbelt,Mufulira,Urban,Male,2,Two or More,AB,Completed high School,Anglican/Protestant,Self employed,Do not know,Do not know,Yes,35 – 44,"20:00  -  20:14,20:15  -  20:29,20:30  -  20:44,20:45  -  20:59,21:00  -  21:14,21:15  -  21:29,21:30  -  21:44,21:45  -  21:59,22:00  -  22:14,22:15  -  22:29,22:30  -  22:44,22:45  -  22:59,23:00  -  23:14,23:15  -  23:29,23:30  -  23:44,23:45  -  23:59"
21:00  -  21:14,60600703,Copperbelt,Chilililabombwe,Urban,Female,2,One,C1,Completed high School,Other Christian,Refused/ don’t know (DON’T READ),Do not know,No Income,Yes,45+,"21:00  -  21:14,23:00  -  23:14"
23:00  -  23:14,60600703,Copperbelt,Chilililabombwe,Urban,Female,2,One,C1,Completed high School,Other Christian,Refused/ don’t know (DON’T READ),Do not know,No Income,Yes,45+,"21:00  -  21:14,23:00  -  23:14"
20:45  -  20:59,60601687,Copperbelt,Chingola,Rural,Female,1,None,D,Some primary school,Other Christian,Self employed,D,Under K 849,No,45+,"20:30  -  20:44,20:45  -  20:59,21:00  -  21:14,21:15  -  21:29"
21:00  -  21:14,60601687,Copperbelt,Chingola,Rural,Female,1,None,D,Some primary school,Other Christian,Self employed,D,Under K 849,No,45+,"20:30  -  20:44,20:45  -  20:59,21:00  -  21:14,21:15  -  21:29"
20:30  -  20:44,60601687,Copperbelt,Chingola,Rural,Female,1,None,D,Some primary school,Other Christian,Self employed,D,Under K 849,No,45+,"20:30  -  20:44,20:45  -  20:59,21:00  -  21:14,21:15  -  21:29"
21:15  -  21:29,60601687,Copperbelt,Chingola,Rural,Female,1,None,D,Some primary school,Other Christian,Self employed,D,Under K 849,No,45+,"20:30  -  20:44,20:45  -  20:59,21:00  -  21:14,21:15  -  21:29"
8:45  -  8:59,60602793,Copperbelt,Chingola,Rural,Female,2,None,C2,Some high school,Other Christian,Student,Do not know,Under K 849,Yes,15 – 18,"8:00  -  8:14,8:15  -  8:29,8:30  -  8:44,8:45  -  8:59,9:00  -  9:14,9:15  -  9:29,9:30  -  9:44,9:45  -  9:59,10:00  -  10:14"
8:30  -  8:44,60602793,Copperbelt,Chingola,Rural,Female,2,None,C2,Some high school,Other Christian,Student,Do not know,Under K 849,Yes,15 – 18,"8:00  -  8:14,8:15  -  8:29,8:30  -  8:44,8:45  -  8:59,9:00  -  9:14,9:15  -  9:29,9:30  -  9:44,9:45  -  9:59,10:00  -  10:14"
8:00  -  8:14,60602793,Copperbelt,Chingola,Rural,Female,2,None,C2,Some high school,Other Christian,Student,Do not know,Under K 849,Yes,15 – 18,"8:00  -  8:14,8:15  -  8:29,8:30  -  8:44,8:45  -  8:59,9:00  -  9:14,9:15  -  9:29,9:30  -  9:44,9:45  -  9:59,10:00  -  10:14"
9:30  -  9:44,60602793,Copperbelt,Chingola,Rural,Female,2,None,C2,Some high school,Other Christian,Student,Do not know,Under K 849,Yes,15 – 18,"8:00  -  8:14,8:15  -  8:29,8:30  -  8:44,8:45  -  8:59,9:00  -  9:14,9:15  -  9:29,9:30  -  9:44,9:45  -  9:59,10:00  -  10:14"
9:45  -  9:59,60602793,Copperbelt,Chingola,Rural,Female,2,None,C2,Some high school,Other Christian,Student,Do not know,Under K 849,Yes,15 – 18,"8:00  -  8:14,8:15  -  8:29,8:30  -  8:44,8:45  -  8:59,9:00  -  9:14,9:15  -  9:29,9:30  -  9:44,9:45  -  9:59,10:00  -  10:14"
10:00  -  10:14,60602793,Copperbelt,Chingola,Rural,Female,2,None,C2,Some high school,Other Christian,Student,Do not know,Under K 849,Yes,15 – 18,"8:00  -  8:14,8:15  -  8:29,8:30  -  8:44,8:45  -  8:59,9:00  -  9:14,9:15  -  9:29,9:30  -  9:44,9:45  -  9:59,10:00  -  10:14"
8:15  -  8:29,60602793,Copperbelt,Chingola,Rural,Female,2,None,C2,Some high school,Other Christian,Student,Do not know,Under K 849,Yes,15 – 18,"8:00  -  8:14,8:15  -  8:29,8:30  -  8:44,8:45  -  8:59,9:00  -  9:14,9:15  -  9:29,9:30  -  9:44,9:45  -  9:59,10:00  -  10:14"
9:00  -  9:14,60602793,Copperbelt,Chingola,Rural,Female,2,None,C2,Some high school,Other Christian,Student,Do not know,Under K 849,Yes,15 – 18,"8:00  -  8:14,8:15  -  8:29,8:30  -  8:44,8:45  -  8:59,9:00  -  9:14,9:15  -  9:29,9:30  -  9:44,9:45  -  9:59,10:00  -  10:14"
9:15  -  9:29,60602793,Copperbelt,Chingola,Rural,Female,2,None,C2,Some high school,Other Christian,Student,Do not know,Under K 849,Yes,15 – 18,"8:00  -  8:14,8:15  -  8:29,8:30  -  8:44,8:45  -  8:59,9:00  -  9:14,9:15  -  9:29,9:30  -  9:44,9:45  -  9:59,10:00  -  10:14"
17:00  -  17:14,60677659,Copperbelt,Chingola,Rural,Female,1,None,C2,Some high school,Other Christian,Student,Do not know,Under K 849,Yes,19 – 24,"16:00  -  16:14,16:15  -  16:29,16:30  -  16:44,16:45  -  16:59,17:00  -  17:14"
16:00  -  16:14,60677659,Copperbelt,Chingola,Rural,Female,1,None,C2,Some high school,Other Christian,Student,Do not know,Under K 849,Yes,19 – 24,"16:00  -  16:14,16:15  -  16:29,16:30  -  16:44,16:45  -  16:59,17:00  -  17:14"
16:15  -  16:29,60677659,Copperbelt,Chingola,Rural,Female,1,None,C2,Some high school,Other Christian,Student,Do not know,Under K 849,Yes,19 – 24,"16:00  -  16:14,16:15  -  16:29,16:30  -  16:44,16:45  -  16:59,17:00  -  17:14"
16:45  -  16:59,60677659,Copperbelt,Chingola,Rural,Female,1,None,C2,Some high school,Other Christian,Student,Do not know,Under K 849,Yes,19 – 24,"16:00  -  16:14,16:15  -  16:29,16:30  -  16:44,16:45  -  16:59,17:00  -  17:14"
16:30  -  16:44,60677659,Copperbelt,Chingola,Rural,Female,1,None,C2,Some high school,Other Christian,Student,Do not know,Under K 849,Yes,19 – 24,"16:00  -  16:14,16:15  -  16:29,16:30  -  16:44,16:45  -  16:59,17:00  -  17:14"
20:45  -  20:59,60707797,Copperbelt,Mufulira,Urban,Female,3,One,C1,Completed high School,Other Christian,Unemployed [SEEKING A JOB],Do not know,No Income,Yes,19 – 24,"20:30  -  20:44,20:45  -  20:59"
20:30  -  20:44,60707797,Copperbelt,Mufulira,Urban,Female,3,One,C1,Completed high School,Other Christian,Unemployed [SEEKING A JOB],Do not know,No Income,Yes,19 – 24,"20:30  -  20:44,20:45  -  20:59"
13:00  -  13:14,60712973,Copperbelt,Chingola,Urban,Male,1,Two or More,AB,Completed high School,Other Christian,Unemployed [SEEKING A JOB],Do not know,Under K 849,Yes,19 – 24,"12:00  -  12:14,12:15  -  12:29,12:30  -  12:44,12:45  -  12:59,13:00  -  13:14"
12:15  -  12:29,60712973,Copperbelt,Chingola,Urban,Male,1,Two or More,AB,Completed high School,Other Christian,Unemployed [SEEKING A JOB],Do not know,Under K 849,Yes,19 – 24,"12:00  -  12:14,12:15  -  12:29,12:30  -  12:44,12:45  -  12:59,13:00  -  13:14"
12:30  -  12:44,60712973,Copperbelt,Chingola,Urban,Male,1,Two or More,AB,Completed high School,Other Christian,Unemployed [SEEKING A JOB],Do not know,Under K 849,Yes,19 – 24,"12:00  -  12:14,12:15  -  12:29,12:30  -  12:44,12:45  -  12:59,13:00  -  13:14"
12:00  -  12:14,60712973,Copperbelt,Chingola,Urban,Male,1,Two or More,AB,Completed high School,Other Christian,Unemployed [SEEKING A JOB],Do not know,Under K 849,Yes,19 – 24,"12:00  -  12:14,12:15  -  12:29,12:30  -  12:44,12:45  -  12:59,13:00  -  13:14"
12:45  -  12:59,60712973,Copperbelt,Chingola,Urban,Male,1,Two or More,AB,Completed high School,Other Christian,Unemployed [SEEKING A JOB],Do not know,Under K 849,Yes,19 – 24,"12:00  -  12:14,12:15  -  12:29,12:30  -  12:44,12:45  -  12:59,13:00  -  13:14"
6:15  -  6:29,60712975,Copperbelt,Chingola,Urban,Female,1,None,C1,Primary school completed,Other Christian,Housewife,C2,Under K 849,Yes,19 – 24,"6:00  -  6:14,6:15  -  6:29,6:30  -  6:44,6:45  -  6:59,7:00  -  7:14"
6:45  -  6:59,60712975,Copperbelt,Chingola,Urban,Female,1,None,C1,Primary school completed,Other Christian,Housewife,C2,Under K 849,Yes,19 – 24,"6:00  -  6:14,6:15  -  6:29,6:30  -  6:44,6:45  -  6:59,7:00  -  7:14"
7:00  -  7:14,60712975,Copperbelt,Chingola,Urban,Female,1,None,C1,Primary school completed,Other Christian,Housewife,C2,Under K 849,Yes,19 – 24,"6:00  -  6:14,6:15  -  6:29,6:30  -  6:44,6:45  -  6:59,7:00  -  7:14"
6:00  -  6:14,60712975,Copperbelt,Chingola,Urban,Female,1,None,C1,Primary school completed,Other Christian,Housewife,C2,Under K 849,Yes,19 – 24,"6:00  -  6:14,6:15  -  6:29,6:30  -  6:44,6:45  -  6:59,7:00  -  7:14"
6:30  -  6:44,60712975,Copperbelt,Chingola,Urban,Female,1,None,C1,Primary school completed,Other Christian,Housewife,C2,Under K 849,Yes,19 – 24,"6:00  -  6:14,6:15  -  6:29,6:30  -  6:44,6:45  -  6:59,7:00  -  7:14"
9:30  -  9:44,60712976,Copperbelt,Chingola,Urban,Female,1,None,C1,Some high school,Other Christian,Housewife,No Income,Under K 849,Yes,25 – 34,"9:00  -  9:14,9:15  -  9:29,9:30  -  9:44,9:45  -  9:59,10:00  -  10:14,10:15  -  10:29,10:30  -  10:44"
9:45  -  9:59,60712976,Copperbelt,Chingola,Urban,Female,1,None,C1,Some high school,Other Christian,Housewife,No Income,Under K 849,Yes,25 – 34,"9:00  -  9:14,9:15  -  9:29,9:30  -  9:44,9:45  -  9:59,10:00  -  10:14,10:15  -  10:29,10:30  -  10:44"
10:00  -  10:14,60712976,Copperbelt,Chingola,Urban,Female,1,None,C1,Some high school,Other Christian,Housewife,No Income,Under K 849,Yes,25 – 34,"9:00  -  9:14,9:15  -  9:29,9:30  -  9:44,9:45  -  9:59,10:00  -  10:14,10:15  -  10:29,10:30  -  10:44"
10:30  -  10:44,60712976,Copperbelt,Chingola,Urban,Female,1,None,C1,Some high school,Other Christian,Housewife,No Income,Under K 849,Yes,25 – 34,"9:00  -  9:14,9:15  -  9:29,9:30  -  9:44,9:45  -  9:59,10:00  -  10:14,10:15  -  10:29,10:30  -  10:44"
9:00  -  9:14,60712976,Copperbelt,Chingola,Urban,Female,1,None,C1,Some high school,Other Christian,Housewife,No Income,Under K 849,Yes,25 – 34,"9:00  -  9:14,9:15  -  9:29,9:30  -  9:44,9:45  -  9:59,10:00  -  10:14,10:15  -  10:29,10:30  -  10:44"
9:15  -  9:29,60712976,Copperbelt,Chingola,Urban,Female,1,None,C1,Some high school,Other Christian,Housewife,No Income,Under K 849,Yes,25 – 34,"9:00  -  9:14,9:15  -  9:29,9:30  -  9:44,9:45  -  9:59,10:00  -  10:14,10:15  -  10:29,10:30  -  10:44"
10:15  -  10:29,60712976,Copperbelt,Chingola,Urban,Female,1,None,C1,Some high school,Other Christian,Housewife,No Income,Under K 849,Yes,25 – 34,"9:00  -  9:14,9:15  -  9:29,9:30  -  9:44,9:45  -  9:59,10:00  -  10:14,10:15  -  10:29,10:30  -  10:44"
13:00  -  13:14,60712979,Copperbelt,Chingola,Urban,Male,1,None,C1,Some high school,Other Christian,Self employed,D,"K 1675- K2,499",Yes,25 – 34,"12:30  -  12:44,12:45  -  12:59,13:00  -  13:14,13:15  -  13:29,13:30  -  13:44"
13:30  -  13:44,60712979,Copperbelt,Chingola,Urban,Male,1,None,C1,Some high school,Other Christian,Self employed,D,"K 1675- K2,499",Yes,25 – 34,"12:30  -  12:44,12:45  -  12:59,13:00  -  13:14,13:15  -  13:29,13:30  -  13:44"
12:30  -  12:44,60712979,Copperbelt,Chingola,Urban,Male,1,None,C1,Some high school,Other Christian,Self employed,D,"K 1675- K2,499",Yes,25 – 34,"12:30  -  12:44,12:45  -  12:59,13:00  -  13:14,13:15  -  13:29,13:30  -  13:44"
12:45  -  12:59,60712979,Copperbelt,Chingola,Urban,Male,1,None,C1,Some high school,Other Christian,Self employed,D,"K 1675- K2,499",Yes,25 – 34,"12:30  -  12:44,12:45  -  12:59,13:00  -  13:14,13:15  -  13:29,13:30  -  13:44"
13:15  -  13:29,60712979,Copperbelt,Chingola,Urban,Male,1,None,C1,Some high school,Other Christian,Self employed,D,"K 1675- K2,499",Yes,25 – 34,"12:30  -  12:44,12:45  -  12:59,13:00  -  13:14,13:15  -  13:29,13:30  -  13:44"
6:15  -  6:29,60751041,Copperbelt,Mufulira,Rural,Male,1,None,C2,Completed high School,Anglican/Protestant,Working Part-Time,Do not know,Do not know,Yes,19 – 24,"3:00  -  3:14,3:15  -  3:29,3:30  -  3:44,3:45  -  3:59,4:00  -  4:14,4:15  -  4:29,4:30  -  4:44,4:45  -  4:59,5:00  -  5:14,5:15  -  5:29,5:30  -  5:44,5:45  -  5:59,6:00  -  6:14,6:15  -  6:29,6:30  -  6:44,6:45  -  6:59,7:00  -  7:14,7:15  -  7:29,7:30  -  7:44,7:45  -  7:59,19:00  -  19:14,19:15  -  19:29,19:30  -  19:44,19:45  -  19:59,20:00  -  20:14,20:15  -  20:29,20:30  -  20:44,20:45  -  20:59,21:00  -  21:14,21:15  -  21:29,21:30  -  21:44,21:45  -  21:59,22:00  -  22:14,22:15  -  22:29,22:30  -  22:44,22:45  -  22:59,23:00  -  23:14,23:15  -  23:29,23:30  -  23:44,23:45  -  23:59,0:00  -  0:14,0:15  -  0:29,0:30  -  0:44,0:45  -  0:59,1:00  -  1:14,1:15  -  1:29,1:30  -  1:44,1:45  -  1:59,2:00  -  2:14,2:15  -  2:29,2:30  -  2:44,2:45  -  2:59"
21:00  -  21:14,60751041,Copperbelt,Mufulira,Rural,Male,1,None,C2,Completed high School,Anglican/Protestant,Working Part-Time,Do not know,Do not know,Yes,19 – 24,"3:00  -  3:14,3:15  -  3:29,3:30  -  3:44,3:45  -  3:59,4:00  -  4:14,4:15  -  4:29,4:30  -  4:44,4:45  -  4:59,5:00  -  5:14,5:15  -  5:29,5:30  -  5:44,5:45  -  5:59,6:00  -  6:14,6:15  -  6:29,6:30  -  6:44,6:45  -  6:59,7:00  -  7:14,7:15  -  7:29,7:30  -  7:44,7:45  -  7:59,19:00  -  19:14,19:15  -  19:29,19:30  -  19:44,19:45  -  19:59,20:00  -  20:14,20:15  -  20:29,20:30  -  20:44,20:45  -  20:59,21:00  -  21:14,21:15  -  21:29,21:30  -  21:44,21:45  -  21:59,22:00  -  22:14,22:15  -  22:29,22:30  -  22:44,22:45  -  22:59,23:00  -  23:14,23:15  -  23:29,23:30  -  23:44,23:45  -  23:59,0:00  -  0:14,0:15  -  0:29,0:30  -  0:44,0:45  -  0:59,1:00  -  1:14,1:15  -  1:29,1:30  -  1:44,1:45  -  1:59,2:00  -  2:14,2:15  -  2:29,2:30  -  2:44,2:45  -  2:59"
1:15  -  1:29,60751041,Copperbelt,Mufulira,Rural,Male,1,None,C2,Completed high School,Anglican/Protestant,Working Part-Time,Do not know,Do not know,Yes,19 – 24,"3:00  -  3:14,3:15  -  3:29,3:30  -  3:44,3:45  -  3:59,4:00  -  4:14,4:15  -  4:29,4:30  -  4:44,4:45  -  4:59,5:00  -  5:14,5:15  -  5:29,5:30  -  5:44,5:45  -  5:59,6:00  -  6:14,6:15  -  6:29,6:30  -  6:44,6:45  -  6:59,7:00  -  7:14,7:15  -  7:29,7:30  -  7:44,7:45  -  7:59,19:00  -  19:14,19:15  -  19:29,19:30  -  19:44,19:45  -  19:59,20:00  -  20:14,20:15  -  20:29,20:30  -  20:44,20:45  -  20:59,21:00  -  21:14,21:15  -  21:29,21:30  -  21:44,21:45  -  21:59,22:00  -  22:14,22:15  -  22:29,22:30  -  22:44,22:45  -  22:59,23:00  -  23:14,23:15  -  23:29,23:30  -  23:44,23:45  -  23:59,0:00  -  0:14,0:15  -  0:29,0:30  -  0:44,0:45  -  0:59,1:00  -  1:14,1:15  -  1:29,1:30  -  1:44,1:45  -  1:59,2:00  -  2:14,2:15  -  2:29,2:30  -  2:44,2:45  -  2:59"
2:45  -  2:59,60751041,Copperbelt,Mufulira,Rural,Male,1,None,C2,Completed high School,Anglican/Protestant,Working Part-Time,Do not know,Do not know,Yes,19 – 24,"3:00  -  3:14,3:15  -  3:29,3:30  -  3:44,3:45  -  3:59,4:00  -  4:14,4:15  -  4:29,4:30  -  4:44,4:45  -  4:59,5:00  -  5:14,5:15  -  5:29,5:30  -  5:44,5:45  -  5:59,6:00  -  6:14,6:15  -  6:29,6:30  -  6:44,6:45  -  6:59,7:00  -  7:14,7:15  -  7:29,7:30  -  7:44,7:45  -  7:59,19:00  -  19:14,19:15  -  19:29,19:30  -  19:44,19:45  -  19:59,20:00  -  20:14,20:15  -  20:29,20:30  -  20:44,20:45  -  20:59,21:00  -  21:14,21:15  -  21:29,21:30  -  21:44,21:45  -  21:59,22:00  -  22:14,22:15  -  22:29,22:30  -  22:44,22:45  -  22:59,23:00  -  23:14,23:15  -  23:29,23:30  -  23:44,23:45  -  23:59,0:00  -  0:14,0:15  -  0:29,0:30  -  0:44,0:45  -  0:59,1:00  -  1:14,1:15  -  1:29,1:30  -  1:44,1:45  -  1:59,2:00  -  2:14,2:15  -  2:29,2:30  -  2:44,2:45  -  2:59"
23:00  -  23:14,60751041,Copperbelt,Mufulira,Rural,Male,1,None,C2,Completed high School,Anglican/Protestant,Working Part-Time,Do not know,Do not know,Yes,19 – 24,"3:00  -  3:14,3:15  -  3:29,3:30  -  3:44,3:45  -  3:59,4:00  -  4:14,4:15  -  4:29,4:30  -  4:44,4:45  -  4:59,5:00  -  5:14,5:15  -  5:29,5:30  -  5:44,5:45  -  5:59,6:00  -  6:14,6:15  -  6:29,6:30  -  6:44,6:45  -  6:59,7:00  -  7:14,7:15  -  7:29,7:30  -  7:44,7:45  -  7:59,19:00  -  19:14,19:15  -  19:29,19:30  -  19:44,19:45  -  19:59,20:00  -  20:14,20:15  -  20:29,20:30  -  20:44,20:45  -  20:59,21:00  -  21:14,21:15  -  21:29,21:30  -  21:44,21:45  -  21:59,22:00  -  22:14,22:15  -  22:29,22:30  -  22:44,22:45  -  22:59,23:00  -  23:14,23:15  -  23:29,23:30  -  23:44,23:45  -  23:59,0:00  -  0:14,0:15  -  0:29,0:30  -  0:44,0:45  -  0:59,1:00  -  1:14,1:15  -  1:29,1:30  -  1:44,1:45  -  1:59,2:00  -  2:14,2:15  -  2:29,2:30  -  2:44,2:45  -  2:59"
23:45  -  23:59,60751041,Copperbelt,Mufulira,Rural,Male,1,None,C2,Completed high School,Anglican/Protestant,Working Part-Time,Do not know,Do not know,Yes,19 – 24,"3:00  -  3:14,3:15  -  3:29,3:30  -  3:44,3:45  -  3:59,4:00  -  4:14,4:15  -  4:29,4:30  -  4:44,4:45  -  4:59,5:00  -  5:14,5:15  -  5:29,5:30  -  5:44,5:45  -  5:59,6:00  -  6:14,6:15  -  6:29,6:30  -  6:44,6:45  -  6:59,7:00  -  7:14,7:15  -  7:29,7:30  -  7:44,7:45  -  7:59,19:00  -  19:14,19:15  -  19:29,19:30  -  19:44,19:45  -  19:59,20:00  -  20:14,20:15  -  20:29,20:30  -  20:44,20:45  -  20:59,21:00  -  21:14,21:15  -  21:29,21:30  -  21:44,21:45  -  21:59,22:00  -  22:14,22:15  -  22:29,22:30  -  22:44,22:45  -  22:59,23:00  -  23:14,23:15  -  23:29,23:30  -  23:44,23:45  -  23:59,0:00  -  0:14,0:15  -  0:29,0:30  -  0:44,0:45  -  0:59,1:00  -  1:14,1:15  -  1:29,1:30  -  1:44,1:45  -  1:59,2:00  -  2:14,2:15  -  2:29,2:30  -  2:44,2:45  -  2:59"
21:45  -  21:59,60751041,Copperbelt,Mufulira,Rural,Male,1,None,C2,Completed high School,Anglican/Protestant,Working Part-Time,Do not know,Do not know,Yes,19 – 24,"3:00  -  3:14,3:15  -  3:29,3:30  -  3:44,3:45  -  3:59,4:00  -  4:14,4:15  -  4:29,4:30  -  4:44,4:45  -  4:59,5:00  -  5:14,5:15  -  5:29,5:30  -  5:44,5:45  -  5:59,6:00  -  6:14,6:15  -  6:29,6:30  -  6:44,6:45  -  6:59,7:00  -  7:14,7:15  -  7:29,7:30  -  7:44,7:45  -  7:59,19:00  -  19:14,19:15  -  19:29,19:30  -  19:44,19:45  -  19:59,20:00  -  20:14,20:15  -  20:29,20:30  -  20:44,20:45  -  20:59,21:00  -  21:14,21:15  -  21:29,21:30  -  21:44,21:45  -  21:59,22:00  -  22:14,22:15  -  22:29,22:30  -  22:44,22:45  -  22:59,23:00  -  23:14,23:15  -  23:29,23:30  -  23:44,23:45  -  23:59,0:00  -  0:14,0:15  -  0:29,0:30  -  0:44,0:45  -  0:59,1:00  -  1:14,1:15  -  1:29,1:30  -  1:44,1:45  -  1:59,2:00  -  2:14,2:15  -  2:29,2:30  -  2:44,2:45  -  2:59"
20:00  -  20:14,60751041,Copperbelt,Mufulira,Rural,Male,1,None,C2,Completed high School,Anglican/Protestant,Working Part-Time,Do not know,Do not know,Yes,19 – 24,"3:00  -  3:14,3:15  -  3:29,3:30  -  3:44,3:45  -  3:59,4:00  -  4:14,4:15  -  4:29,4:30  -  4:44,4:45  -  4:59,5:00  -  5:14,5:15  -  5:29,5:30  -  5:44,5:45  -  5:59,6:00  -  6:14,6:15  -  6:29,6:30  -  6:44,6:45  -  6:59,7:00  -  7:14,7:15  -  7:29,7:30  -  7:44,7:45  -  7:59,19:00  -  19:14,19:15  -  19:29,19:30  -  19:44,19:45  -  19:59,20:00  -  20:14,20:15  -  20:29,20:30  -  20:44,20:45  -  20:59,21:00  -  21:14,21:15  -  21:29,21:30  -  21:44,21:45  -  21:59,22:00  -  22:14,22:15  -  22:29,22:30  -  22:44,22:45  -  22:59,23:00  -  23:14,23:15  -  23:29,23:30  -  23:44,23:45  -  23:59,0:00  -  0:14,0:15  -  0:29,0:30  -  0:44,0:45  -  0:59,1:00  -  1:14,1:15  -  1:29,1:30  -  1:44,1:45  -  1:59,2:00  -  2:14,2:15  -  2:29,2:30  -  2:44,2:45  -  2:59"
1:30  -  1:44,60751041,Copperbelt,Mufulira,Rural,Male,1,None,C2,Completed high School,Anglican/Protestant,Working Part-Time,Do not know,Do not know,Yes,19 – 24,"3:00  -  3:14,3:15  -  3:29,3:30  -  3:44,3:45  -  3:59,4:00  -  4:14,4:15  -  4:29,4:30  -  4:44,4:45  -  4:59,5:00  -  5:14,5:15  -  5:29,5:30  -  5:44,5:45  -  5:59,6:00  -  6:14,6:15  -  6:29,6:30  -  6:44,6:45  -  6:59,7:00  -  7:14,7:15  -  7:29,7:30  -  7:44,7:45  -  7:59,19:00  -  19:14,19:15  -  19:29,19:30  -  19:44,19:45  -  19:59,20:00  -  20:14,20:15  -  20:29,20:30  -  20:44,20:45  -  20:59,21:00  -  21:14,21:15  -  21:29,21:30  -  21:44,21:45  -  21:59,22:00  -  22:14,22:15  -  22:29,22:30  -  22:44,22:45  -  22:59,23:00  -  23:14,23:15  -  23:29,23:30  -  23:44,23:45  -  23:59,0:00  -  0:14,0:15  -  0:29,0:30  -  0:44,0:45  -  0:59,1:00  -  1:14,1:15  -  1:29,1:30  -  1:44,1:45  -  1:59,2:00  -  2:14,2:15  -  2:29,2:30  -  2:44,2:45  -  2:59"
1:45  -  1:59,60751041,Copperbelt,Mufulira,Rural,Male,1,None,C2,Completed high School,Anglican/Protestant,Working Part-Time,Do not know,Do not know,Yes,19 – 24,"3:00  -  3:14,3:15  -  3:29,3:30  -  3:44,3:45  -  3:59,4:00  -  4:14,4:15  -  4:29,4:30  -  4:44,4:45  -  4:59,5:00  -  5:14,5:15  -  5:29,5:30  -  5:44,5:45  -  5:59,6:00  -  6:14,6:15  -  6:29,6:30  -  6:44,6:45  -  6:59,7:00  -  7:14,7:15  -  7:29,7:30  -  7:44,7:45  -  7:59,19:00  -  19:14,19:15  -  19:29,19:30  -  19:44,19:45  -  19:59,20:00  -  20:14,20:15  -  20:29,20:30  -  20:44,20:45  -  20:59,21:00  -  21:14,21:15  -  21:29,21:30  -  21:44,21:45  -  21:59,22:00  -  22:14,22:15  -  22:29,22:30  -  22:44,22:45  -  22:59,23:00  -  23:14,23:15  -  23:29,23:30  -  23:44,23:45  -  23:59,0:00  -  0:14,0:15  -  0:29,0:30  -  0:44,0:45  -  0:59,1:00  -  1:14,1:15  -  1:29,1:30  -  1:44,1:45  -  1:59,2:00  -  2:14,2:15  -  2:29,2:30  -  2:44,2:45  -  2:59"
7:30  -  7:44,60751041,Copperbelt,Mufulira,Rural,Male,1,None,C2,Completed high School,Anglican/Protestant,Working Part-Time,Do not know,Do not know,Yes,19 – 24,"3:00  -  3:14,3:15  -  3:29,3:30  -  3:44,3:45  -  3:59,4:00  -  4:14,4:15  -  4:29,4:30  -  4:44,4:45  -  4:59,5:00  -  5:14,5:15  -  5:29,5:30  -  5:44,5:45  -  5:59,6:00  -  6:14,6:15  -  6:29,6:30  -  6:44,6:45  -  6:59,7:00  -  7:14,7:15  -  7:29,7:30  -  7:44,7:45  -  7:59,19:00  -  19:14,19:15  -  19:29,19:30  -  19:44,19:45  -  19:59,20:00  -  20:14,20:15  -  20:29,20:30  -  20:44,20:45  -  20:59,21:00  -  21:14,21:15  -  21:29,21:30  -  21:44,21:45  -  21:59,22:00  -  22:14,22:15  -  22:29,22:30  -  22:44,22:45  -  22:59,23:00  -  23:14,23:15  -  23:29,23:30  -  23:44,23:45  -  23:59,0:00  -  0:14,0:15  -  0:29,0:30  -  0:44,0:45  -  0:59,1:00  -  1:14,1:15  -  1:29,1:30  -  1:44,1:45  -  1:59,2:00  -  2:14,2:15  -  2:29,2:30  -  2:44,2:45  -  2:59"
22:30  -  22:44,60751041,Copperbelt,Mufulira,Rural,Male,1,None,C2,Completed high School,Anglican/Protestant,Working Part-Time,Do not know,Do not know,Yes,19 – 24,"3:00  -  3:14,3:15  -  3:29,3:30  -  3:44,3:45  -  3:59,4:00  -  4:14,4:15  -  4:29,4:30  -  4:44,4:45  -  4:59,5:00  -  5:14,5:15  -  5:29,5:30  -  5:44,5:45  -  5:59,6:00  -  6:14,6:15  -  6:29,6:30  -  6:44,6:45  -  6:59,7:00  -  7:14,7:15  -  7:29,7:30  -  7:44,7:45  -  7:59,19:00  -  19:14,19:15  -  19:29,19:30  -  19:44,19:45  -  19:59,20:00  -  20:14,20:15  -  20:29,20:30  -  20:44,20:45  -  20:59,21:00  -  21:14,21:15  -  21:29,21:30  -  21:44,21:45  -  21:59,22:00  -  22:14,22:15  -  22:29,22:30  -  22:44,22:45  -  22:59,23:00  -  23:14,23:15  -  23:29,23:30  -  23:44,23:45  -  23:59,0:00  -  0:14,0:15  -  0:29,0:30  -  0:44,0:45  -  0:59,1:00  -  1:14,1:15  -  1:29,1:30  -  1:44,1:45  -  1:59,2:00  -  2:14,2:15  -  2:29,2:30  -  2:44,2:45  -  2:59"
21:15  -  21:29,60751041,Copperbelt,Mufulira,Rural,Male,1,None,C2,Completed high School,Anglican/Protestant,Working Part-Time,Do not know,Do not know,Yes,19 – 24,"3:00  -  3:14,3:15  -  3:29,3:30  -  3:44,3:45  -  3:59,4:00  -  4:14,4:15  -  4:29,4:30  -  4:44,4:45  -  4:59,5:00  -  5:14,5:15  -  5:29,5:30  -  5:44,5:45  -  5:59,6:00  -  6:14,6:15  -  6:29,6:30  -  6:44,6:45  -  6:59,7:00  -  7:14,7:15  -  7:29,7:30  -  7:44,7:45  -  7:59,19:00  -  19:14,19:15  -  19:29,19:30  -  19:44,19:45  -  19:59,20:00  -  20:14,20:15  -  20:29,20:30  -  20:44,20:45  -  20:59,21:00  -  21:14,21:15  -  21:29,21:30  -  21:44,21:45  -  21:59,22:00  -  22:14,22:15  -  22:29,22:30  -  22:44,22:45  -  22:59,23:00  -  23:14,23:15  -  23:29,23:30  -  23:44,23:45  -  23:59,0:00  -  0:14,0:15  -  0:29,0:30  -  0:44,0:45  -  0:59,1:00  -  1:14,1:15  -  1:29,1:30  -  1:44,1:45  -  1:59,2:00  -  2:14,2:15  -  2:29,2:30  -  2:44,2:45  -  2:59"
0:30  -  0:44,60751041,Copperbelt,Mufulira,Rural,Male,1,None,C2,Completed high School,Anglican/Protestant,Working Part-Time,Do not know,Do not know,Yes,19 – 24,"3:00  -  3:14,3:15  -  3:29,3:30  -  3:44,3:45  -  3:59,4:00  -  4:14,4:15  -  4:29,4:30  -  4:44,4:45  -  4:59,5:00  -  5:14,5:15  -  5:29,5:30  -  5:44,5:45  -  5:59,6:00  -  6:14,6:15  -  6:29,6:30  -  6:44,6:45  -  6:59,7:00  -  7:14,7:15  -  7:29,7:30  -  7:44,7:45  -  7:59,19:00  -  19:14,19:15  -  19:29,19:30  -  19:44,19:45  -  19:59,20:00  -  20:14,20:15  -  20:29,20:30  -  20:44,20:45  -  20:59,21:00  -  21:14,21:15  -  21:29,21:30  -  21:44,21:45  -  21:59,22:00  -  22:14,22:15  -  22:29,22:30  -  22:44,22:45  -  22:59,23:00  -  23:14,23:15  -  23:29,23:30  -  23:44,23:45  -  23:59,0:00  -  0:14,0:15  -  0:29,0:30  -  0:44,0:45  -  0:59,1:00  -  1:14,1:15  -  1:29,1:30  -  1:44,1:45  -  1:59,2:00  -  2:14,2:15  -  2:29,2:30  -  2:44,2:45  -  2:59"
2:30  -  2:44,60751041,Copperbelt,Mufulira,Rural,Male,1,None,C2,Completed high School,Anglican/Protestant,Working Part-Time,Do not know,Do not know,Yes,19 – 24,"3:00  -  3:14,3:15  -  3:29,3:30  -  3:44,3:45  -  3:59,4:00  -  4:14,4:15  -  4:29,4:30  -  4:44,4:45  -  4:59,5:00  -  5:14,5:15  -  5:29,5:30  -  5:44,5:45  -  5:59,6:00  -  6:14,6:15  -  6:29,6:30  -  6:44,6:45  -  6:59,7:00  -  7:14,7:15  -  7:29,7:30  -  7:44,7:45  -  7:59,19:00  -  19:14,19:15  -  19:29,19:30  -  19:44,19:45  -  19:59,20:00  -  20:14,20:15  -  20:29,20:30  -  20:44,20:45  -  20:59,21:00  -  21:14,21:15  -  21:29,21:30  -  21:44,21:45  -  21:59,22:00  -  22:14,22:15  -  22:29,22:30  -  22:44,22:45  -  22:59,23:00  -  23:14,23:15  -  23:29,23:30  -  23:44,23:45  -  23:59,0:00  -  0:14,0:15  -  0:29,0:30  -  0:44,0:45  -  0:59,1:00  -  1:14,1:15  -  1:29,1:30  -  1:44,1:45  -  1:59,2:00  -  2:14,2:15  -  2:29,2:30  -  2:44,2:45  -  2:59"
20:45  -  20:59,60751041,Copperbelt,Mufulira,Rural,Male,1,None,C2,Completed high School,Anglican/Protestant,Working Part-Time,Do not know,Do not know,Yes,19 – 24,"3:00  -  3:14,3:15  -  3:29,3:30  -  3:44,3:45  -  3:59,4:00  -  4:14,4:15  -  4:29,4:30  -  4:44,4:45  -  4:59,5:00  -  5:14,5:15  -  5:29,5:30  -  5:44,5:45  -  5:59,6:00  -  6:14,6:15  -  6:29,6:30  -  6:44,6:45  -  6:59,7:00  -  7:14,7:15  -  7:29,7:30  -  7:44,7:45  -  7:59,19:00  -  19:14,19:15  -  19:29,19:30  -  19:44,19:45  -  19:59,20:00  -  20:14,20:15  -  20:29,20:30  -  20:44,20:45  -  20:59,21:00  -  21:14,21:15  -  21:29,21:30  -  21:44,21:45  -  21:59,22:00  -  22:14,22:15  -  22:29,22:30  -  22:44,22:45  -  22:59,23:00  -  23:14,23:15  -  23:29,23:30  -  23:44,23:45  -  23:59,0:00  -  0:14,0:15  -  0:29,0:30  -  0:44,0:45  -  0:59,1:00  -  1:14,1:15  -  1:29,1:30  -  1:44,1:45  -  1:59,2:00  -  2:14,2:15  -  2:29,2:30  -  2:44,2:45  -  2:59"
2:15  -  2:29,60751041,Copperbelt,Mufulira,Rural,Male,1,None,C2,Completed high School,Anglican/Protestant,Working Part-Time,Do not know,Do not know,Yes,19 – 24,"3:00  -  3:14,3:15  -  3:29,3:30  -  3:44,3:45  -  3:59,4:00  -  4:14,4:15  -  4:29,4:30  -  4:44,4:45  -  4:59,5:00  -  5:14,5:15  -  5:29,5:30  -  5:44,5:45  -  5:59,6:00  -  6:14,6:15  -  6:29,6:30  -  6:44,6:45  -  6:59,7:00  -  7:14,7:15  -  7:29,7:30  -  7:44,7:45  -  7:59,19:00  -  19:14,19:15  -  19:29,19:30  -  19:44,19:45  -  19:59,20:00  -  20:14,20:15  -  20:29,20:30  -  20:44,20:45  -  20:59,21:00  -  21:14,21:15  -  21:29,21:30  -  21:44,21:45  -  21:59,22:00  -  22:14,22:15  -  22:29,22:30  -  22:44,22:45  -  22:59,23:00  -  23:14,23:15  -  23:29,23:30  -  23:44,23:45  -  23:59,0:00  -  0:14,0:15  -  0:29,0:30  -  0:44,0:45  -  0:59,1:00  -  1:14,1:15  -  1:29,1:30  -  1:44,1:45  -  1:59,2:00  -  2:14,2:15  -  2:29,2:30  -  2:44,2:45  -  2:59"
4:15  -  4:29,60751041,Copperbelt,Mufulira,Rural,Male,1,None,C2,Completed high School,Anglican/Protestant,Working Part-Time,Do not know,Do not know,Yes,19 – 24,"3:00  -  3:14,3:15  -  3:29,3:30  -  3:44,3:45  -  3:59,4:00  -  4:14,4:15  -  4:29,4:30  -  4:44,4:45  -  4:59,5:00  -  5:14,5:15  -  5:29,5:30  -  5:44,5:45  -  5:59,6:00  -  6:14,6:15  -  6:29,6:30  -  6:44,6:45  -  6:59,7:00  -  7:14,7:15  -  7:29,7:30  -  7:44,7:45  -  7:59,19:00  -  19:14,19:15  -  19:29,19:30  -  19:44,19:45  -  19:59,20:00  -  20:14,20:15  -  20:29,20:30  -  20:44,20:45  -  20:59,21:00  -  21:14,21:15  -  21:29,21:30  -  21:44,21:45  -  21:59,22:00  -  22:14,22:15  -  22:29,22:30  -  22:44,22:45  -  22:59,23:00  -  23:14,23:15  -  23:29,23:30  -  23:44,23:45  -  23:59,0:00  -  0:14,0:15  -  0:29,0:30  -  0:44,0:45  -  0:59,1:00  -  1:14,1:15  -  1:29,1:30  -  1:44,1:45  -  1:59,2:00  -  2:14,2:15  -  2:29,2:30  -  2:44,2:45  -  2:59"
3:15  -  3:29,60751041,Copperbelt,Mufulira,Rural,Male,1,None,C2,Completed high School,Anglican/Protestant,Working Part-Time,Do not know,Do not know,Yes,19 – 24,"3:00  -  3:14,3:15  -  3:29,3:30  -  3:44,3:45  -  3:59,4:00  -  4:14,4:15  -  4:29,4:30  -  4:44,4:45  -  4:59,5:00  -  5:14,5:15  -  5:29,5:30  -  5:44,5:45  -  5:59,6:00  -  6:14,6:15  -  6:29,6:30  -  6:44,6:45  -  6:59,7:00  -  7:14,7:15  -  7:29,7:30  -  7:44,7:45  -  7:59,19:00  -  19:14,19:15  -  19:29,19:30  -  19:44,19:45  -  19:59,20:00  -  20:14,20:15  -  20:29,20:30  -  20:44,20:45  -  20:59,21:00  -  21:14,21:15  -  21:29,21:30  -  21:44,21:45  -  21:59,22:00  -  22:14,22:15  -  22:29,22:30  -  22:44,22:45  -  22:59,23:00  -  23:14,23:15  -  23:29,23:30  -  23:44,23:45  -  23:59,0:00  -  0:14,0:15  -  0:29,0:30  -  0:44,0:45  -  0:59,1:00  -  1:14,1:15  -  1:29,1:30  -  1:44,1:45  -  1:59,2:00  -  2:14,2:15  -  2:29,2:30  -  2:44,2:45  -  2:59"
23:15  -  23:29,60751041,Copperbelt,Mufulira,Rural,Male,1,None,C2,Completed high School,Anglican/Protestant,Working Part-Time,Do not know,Do not know,Yes,19 – 24,"3:00  -  3:14,3:15  -  3:29,3:30  -  3:44,3:45  -  3:59,4:00  -  4:14,4:15  -  4:29,4:30  -  4:44,4:45  -  4:59,5:00  -  5:14,5:15  -  5:29,5:30  -  5:44,5:45  -  5:59,6:00  -  6:14,6:15  -  6:29,6:30  -  6:44,6:45  -  6:59,7:00  -  7:14,7:15  -  7:29,7:30  -  7:44,7:45  -  7:59,19:00  -  19:14,19:15  -  19:29,19:30  -  19:44,19:45  -  19:59,20:00  -  20:14,20:15  -  20:29,20:30  -  20:44,20:45  -  20:59,21:00  -  21:14,21:15  -  21:29,21:30  -  21:44,21:45  -  21:59,22:00  -  22:14,22:15  -  22:29,22:30  -  22:44,22:45  -  22:59,23:00  -  23:14,23:15  -  23:29,23:30  -  23:44,23:45  -  23:59,0:00  -  0:14,0:15  -  0:29,0:30  -  0:44,0:45  -  0:59,1:00  -  1:14,1:15  -  1:29,1:30  -  1:44,1:45  -  1:59,2:00  -  2:14,2:15  -  2:29,2:30  -  2:44,2:45  -  2:59"
5:15  -  5:29,60751041,Copperbelt,Mufulira,Rural,Male,1,None,C2,Completed high School,Anglican/Protestant,Working Part-Time,Do not know,Do not know,Yes,19 – 24,"3:00  -  3:14,3:15  -  3:29,3:30  -  3:44,3:45  -  3:59,4:00  -  4:14,4:15  -  4:29,4:30  -  4:44,4:45  -  4:59,5:00  -  5:14,5:15  -  5:29,5:30  -  5:44,5:45  -  5:59,6:00  -  6:14,6:15  -  6:29,6:30  -  6:44,6:45  -  6:59,7:00  -  7:14,7:15  -  7:29,7:30  -  7:44,7:45  -  7:59,19:00  -  19:14,19:15  -  19:29,19:30  -  19:44,19:45  -  19:59,20:00  -  20:14,20:15  -  20:29,20:30  -  20:44,20:45  -  20:59,21:00  -  21:14,21:15  -  21:29,21:30  -  21:44,21:45  -  21:59,22:00  -  22:14,22:15  -  22:29,22:30  -  22:44,22:45  -  22:59,23:00  -  23:14,23:15  -  23:29,23:30  -  23:44,23:45  -  23:59,0:00  -  0:14,0:15  -  0:29,0:30  -  0:44,0:45  -  0:59,1:00  -  1:14,1:15  -  1:29,1:30  -  1:44,1:45  -  1:59,2:00  -  2:14,2:15  -  2:29,2:30  -  2:44,2:45  -  2:59"
6:00  -  6:14,60751041,Copperbelt,Mufulira,Rural,Male,1,None,C2,Completed high School,Anglican/Protestant,Working Part-Time,Do not know,Do not know,Yes,19 – 24,"3:00  -  3:14,3:15  -  3:29,3:30  -  3:44,3:45  -  3:59,4:00  -  4:14,4:15  -  4:29,4:30  -  4:44,4:45  -  4:59,5:00  -  5:14,5:15  -  5:29,5:30  -  5:44,5:45  -  5:59,6:00  -  6:14,6:15  -  6:29,6:30  -  6:44,6:45  -  6:59,7:00  -  7:14,7:15  -  7:29,7:30  -  7:44,7:45  -  7:59,19:00  -  19:14,19:15  -  19:29,19:30  -  19:44,19:45  -  19:59,20:00  -  20:14,20:15  -  20:29,20:30  -  20:44,20:45  -  20:59,21:00  -  21:14,21:15  -  21:29,21:30  -  21:44,21:45  -  21:59,22:00  -  22:14,22:15  -  22:29,22:30  -  22:44,22:45  -  22:59,23:00  -  23:14,23:15  -  23:29,23:30  -  23:44,23:45  -  23:59,0:00  -  0:14,0:15  -  0:29,0:30  -  0:44,0:45  -  0:59,1:00  -  1:14,1:15  -  1:29,1:30  -  1:44,1:45  -  1:59,2:00  -  2:14,2:15  -  2:29,2:30  -  2:44,2:45  -  2:59"
4:45  -  4:59,60751041,Copperbelt,Mufulira,Rural,Male,1,None,C2,Completed high School,Anglican/Protestant,Working Part-Time,Do not know,Do not know,Yes,19 – 24,"3:00  -  3:14,3:15  -  3:29,3:30  -  3:44,3:45  -  3:59,4:00  -  4:14,4:15  -  4:29,4:30  -  4:44,4:45  -  4:59,5:00  -  5:14,5:15  -  5:29,5:30  -  5:44,5:45  -  5:59,6:00  -  6:14,6:15  -  6:29,6:30  -  6:44,6:45  -  6:59,7:00  -  7:14,7:15  -  7:29,7:30  -  7:44,7:45  -  7:59,19:00  -  19:14,19:15  -  19:29,19:30  -  19:44,19:45  -  19:59,20:00  -  20:14,20:15  -  20:29,20:30  -  20:44,20:45  -  20:59,21:00  -  21:14,21:15  -  21:29,21:30  -  21:44,21:45  -  21:59,22:00  -  22:14,22:15  -  22:29,22:30  -  22:44,22:45  -  22:59,23:00  -  23:14,23:15  -  23:29,23:30  -  23:44,23:45  -  23:59,0:00  -  0:14,0:15  -  0:29,0:30  -  0:44,0:45  -  0:59,1:00  -  1:14,1:15  -  1:29,1:30  -  1:44,1:45  -  1:59,2:00  -  2:14,2:15  -  2:29,2:30  -  2:44,2:45  -  2:59"
4:30  -  4:44,60751041,Copperbelt,Mufulira,Rural,Male,1,None,C2,Completed high School,Anglican/Protestant,Working Part-Time,Do not know,Do not know,Yes,19 – 24,"3:00  -  3:14,3:15  -  3:29,3:30  -  3:44,3:45  -  3:59,4:00  -  4:14,4:15  -  4:29,4:30  -  4:44,4:45  -  4:59,5:00  -  5:14,5:15  -  5:29,5:30  -  5:44,5:45  -  5:59,6:00  -  6:14,6:15  -  6:29,6:30  -  6:44,6:45  -  6:59,7:00  -  7:14,7:15  -  7:29,7:30  -  7:44,7:45  -  7:59,19:00  -  19:14,19:15  -  19:29,19:30  -  19:44,19:45  -  19:59,20:00  -  20:14,20:15  -  20:29,20:30  -  20:44,20:45  -  20:59,21:00  -  21:14,21:15  -  21:29,21:30  -  21:44,21:45  -  21:59,22:00  -  22:14,22:15  -  22:29,22:30  -  22:44,22:45  -  22:59,23:00  -  23:14,23:15  -  23:29,23:30  -  23:44,23:45  -  23:59,0:00  -  0:14,0:15  -  0:29,0:30  -  0:44,0:45  -  0:59,1:00  -  1:14,1:15  -  1:29,1:30  -  1:44,1:45  -  1:59,2:00  -  2:14,2:15  -  2:29,2:30  -  2:44,2:45  -  2:59"
22:00  -  22:14,60751041,Copperbelt,Mufulira,Rural,Male,1,None,C2,Completed high School,Anglican/Protestant,Working Part-Time,Do not know,Do not know,Yes,19 – 24,"3:00  -  3:14,3:15  -  3:29,3:30  -  3:44,3:45  -  3:59,4:00  -  4:14,4:15  -  4:29,4:30  -  4:44,4:45  -  4:59,5:00  -  5:14,5:15  -  5:29,5:30  -  5:44,5:45  -  5:59,6:00  -  6:14,6:15  -  6:29,6:30  -  6:44,6:45  -  6:59,7:00  -  7:14,7:15  -  7:29,7:30  -  7:44,7:45  -  7:59,19:00  -  19:14,19:15  -  19:29,19:30  -  19:44,19:45  -  19:59,20:00  -  20:14,20:15  -  20:29,20:30  -  20:44,20:45  -  20:59,21:00  -  21:14,21:15  -  21:29,21:30  -  21:44,21:45  -  21:59,22:00  -  22:14,22:15  -  22:29,22:30  -  22:44,22:45  -  22:59,23:00  -  23:14,23:15  -  23:29,23:30  -  23:44,23:45  -  23:59,0:00  -  0:14,0:15  -  0:29,0:30  -  0:44,0:45  -  0:59,1:00  -  1:14,1:15  -  1:29,1:30  -  1:44,1:45  -  1:59,2:00  -  2:14,2:15  -  2:29,2:30  -  2:44,2:45  -  2:59"
19:30  -  19:44,60751041,Copperbelt,Mufulira,Rural,Male,1,None,C2,Completed high School,Anglican/Protestant,Working Part-Time,Do not know,Do not know,Yes,19 – 24,"3:00  -  3:14,3:15  -  3:29,3:30  -  3:44,3:45  -  3:59,4:00  -  4:14,4:15  -  4:29,4:30  -  4:44,4:45  -  4:59,5:00  -  5:14,5:15  -  5:29,5:30  -  5:44,5:45  -  5:59,6:00  -  6:14,6:15  -  6:29,6:30  -  6:44,6:45  -  6:59,7:00  -  7:14,7:15  -  7:29,7:30  -  7:44,7:45  -  7:59,19:00  -  19:14,19:15  -  19:29,19:30  -  19:44,19:45  -  19:59,20:00  -  20:14,20:15  -  20:29,20:30  -  20:44,20:45  -  20:59,21:00  -  21:14,21:15  -  21:29,21:30  -  21:44,21:45  -  21:59,22:00  -  22:14,22:15  -  22:29,22:30  -  22:44,22:45  -  22:59,23:00  -  23:14,23:15  -  23:29,23:30  -  23:44,23:45  -  23:59,0:00  -  0:14,0:15  -  0:29,0:30  -  0:44,0:45  -  0:59,1:00  -  1:14,1:15  -  1:29,1:30  -  1:44,1:45  -  1:59,2:00  -  2:14,2:15  -  2:29,2:30  -  2:44,2:45  -  2:59"
23:30  -  23:44,60751041,Copperbelt,Mufulira,Rural,Male,1,None,C2,Completed high School,Anglican/Protestant,Working Part-Time,Do not know,Do not know,Yes,19 – 24,"3:00  -  3:14,3:15  -  3:29,3:30  -  3:44,3:45  -  3:59,4:00  -  4:14,4:15  -  4:29,4:30  -  4:44,4:45  -  4:59,5:00  -  5:14,5:15  -  5:29,5:30  -  5:44,5:45  -  5:59,6:00  -  6:14,6:15  -  6:29,6:30  -  6:44,6:45  -  6:59,7:00  -  7:14,7:15  -  7:29,7:30  -  7:44,7:45  -  7:59,19:00  -  19:14,19:15  -  19:29,19:30  -  19:44,19:45  -  19:59,20:00  -  20:14,20:15  -  20:29,20:30  -  20:44,20:45  -  20:59,21:00  -  21:14,21:15  -  21:29,21:30  -  21:44,21:45  -  21:59,22:00  -  22:14,22:15  -  22:29,22:30  -  22:44,22:45  -  22:59,23:00  -  23:14,23:15  -  23:29,23:30  -  23:44,23:45  -  23:59,0:00  -  0:14,0:15  -  0:29,0:30  -  0:44,0:45  -  0:59,1:00  -  1:14,1:15  -  1:29,1:30  -  1:44,1:45  -  1:59,2:00  -  2:14,2:15  -  2:29,2:30  -  2:44,2:45  -  2:59"
19:00  -  19:14,60751041,Copperbelt,Mufulira,Rural,Male,1,None,C2,Completed high School,Anglican/Protestant,Working Part-Time,Do not know,Do not know,Yes,19 – 24,"3:00  -  3:14,3:15  -  3:29,3:30  -  3:44,3:45  -  3:59,4:00  -  4:14,4:15  -  4:29,4:30  -  4:44,4:45  -  4:59,5:00  -  5:14,5:15  -  5:29,5:30  -  5:44,5:45  -  5:59,6:00  -  6:14,6:15  -  6:29,6:30  -  6:44,6:45  -  6:59,7:00  -  7:14,7:15  -  7:29,7:30  -  7:44,7:45  -  7:59,19:00  -  19:14,19:15  -  19:29,19:30  -  19:44,19:45  -  19:59,20:00  -  20:14,20:15  -  20:29,20:30  -  20:44,20:45  -  20:59,21:00  -  21:14,21:15  -  21:29,21:30  -  21:44,21:45  -  21:59,22:00  -  22:14,22:15  -  22:29,22:30  -  22:44,22:45  -  22:59,23:00  -  23:14,23:15  -  23:29,23:30  -  23:44,23:45  -  23:59,0:00  -  0:14,0:15  -  0:29,0:30  -  0:44,0:45  -  0:59,1:00  -  1:14,1:15  -  1:29,1:30  -  1:44,1:45  -  1:59,2:00  -  2:14,2:15  -  2:29,2:30  -  2:44,2:45  -  2:59"
19:45  -  19:59,60751041,Copperbelt,Mufulira,Rural,Male,1,None,C2,Completed high School,Anglican/Protestant,Working Part-Time,Do not know,Do not know,Yes,19 – 24,"3:00  -  3:14,3:15  -  3:29,3:30  -  3:44,3:45  -  3:59,4:00  -  4:14,4:15  -  4:29,4:30  -  4:44,4:45  -  4:59,5:00  -  5:14,5:15  -  5:29,5:30  -  5:44,5:45  -  5:59,6:00  -  6:14,6:15  -  6:29,6:30  -  6:44,6:45  -  6:59,7:00  -  7:14,7:15  -  7:29,7:30  -  7:44,7:45  -  7:59,19:00  -  19:14,19:15  -  19:29,19:30  -  19:44,19:45  -  19:59,20:00  -  20:14,20:15  -  20:29,20:30  -  20:44,20:45  -  20:59,21:00  -  21:14,21:15  -  21:29,21:30  -  21:44,21:45  -  21:59,22:00  -  22:14,22:15  -  22:29,22:30  -  22:44,22:45  -  22:59,23:00  -  23:14,23:15  -  23:29,23:30  -  23:44,23:45  -  23:59,0:00  -  0:14,0:15  -  0:29,0:30  -  0:44,0:45  -  0:59,1:00  -  1:14,1:15  -  1:29,1:30  -  1:44,1:45  -  1:59,2:00  -  2:14,2:15  -  2:29,2:30  -  2:44,2:45  -  2:59"
20:30  -  20:44,60751041,Copperbelt,Mufulira,Rural,Male,1,None,C2,Completed high School,Anglican/Protestant,Working Part-Time,Do not know,Do not know,Yes,19 – 24,"3:00  -  3:14,3:15  -  3:29,3:30  -  3:44,3:45  -  3:59,4:00  -  4:14,4:15  -  4:29,4:30  -  4:44,4:45  -  4:59,5:00  -  5:14,5:15  -  5:29,5:30  -  5:44,5:45  -  5:59,6:00  -  6:14,6:15  -  6:29,6:30  -  6:44,6:45  -  6:59,7:00  -  7:14,7:15  -  7:29,7:30  -  7:44,7:45  -  7:59,19:00  -  19:14,19:15  -  19:29,19:30  -  19:44,19:45  -  19:59,20:00  -  20:14,20:15  -  20:29,20:30  -  20:44,20:45  -  20:59,21:00  -  21:14,21:15  -  21:29,21:30  -  21:44,21:45  -  21:59,22:00  -  22:14,22:15  -  22:29,22:30  -  22:44,22:45  -  22:59,23:00  -  23:14,23:15  -  23:29,23:30  -  23:44,23:45  -  23:59,0:00  -  0:14,0:15  -  0:29,0:30  -  0:44,0:45  -  0:59,1:00  -  1:14,1:15  -  1:29,1:30  -  1:44,1:45  -  1:59,2:00  -  2:14,2:15  -  2:29,2:30  -  2:44,2:45  -  2:59"
2:00  -  2:14,60751041,Copperbelt,Mufulira,Rural,Male,1,None,C2,Completed high School,Anglican/Protestant,Working Part-Time,Do not know,Do not know,Yes,19 – 24,"3:00  -  3:14,3:15  -  3:29,3:30  -  3:44,3:45  -  3:59,4:00  -  4:14,4:15  -  4:29,4:30  -  4:44,4:45  -  4:59,5:00  -  5:14,5:15  -  5:29,5:30  -  5:44,5:45  -  5:59,6:00  -  6:14,6:15  -  6:29,6:30  -  6:44,6:45  -  6:59,7:00  -  7:14,7:15  -  7:29,7:30  -  7:44,7:45  -  7:59,19:00  -  19:14,19:15  -  19:29,19:30  -  19:44,19:45  -  19:59,20:00  -  20:14,20:15  -  20:29,20:30  -  20:44,20:45  -  20:59,21:00  -  21:14,21:15  -  21:29,21:30  -  21:44,21:45  -  21:59,22:00  -  22:14,22:15  -  22:29,22:30  -  22:44,22:45  -  22:59,23:00  -  23:14,23:15  -  23:29,23:30  -  23:44,23:45  -  23:59,0:00  -  0:14,0:15  -  0:29,0:30  -  0:44,0:45  -  0:59,1:00  -  1:14,1:15  -  1:29,1:30  -  1:44,1:45  -  1:59,2:00  -  2:14,2:15  -  2:29,2:30  -  2:44,2:45  -  2:59"
6:45  -  6:59,60751041,Copperbelt,Mufulira,Rural,Male,1,None,C2,Completed high School,Anglican/Protestant,Working Part-Time,Do not know,Do not know,Yes,19 – 24,"3:00  -  3:14,3:15  -  3:29,3:30  -  3:44,3:45  -  3:59,4:00  -  4:14,4:15  -  4:29,4:30  -  4:44,4:45  -  4:59,5:00  -  5:14,5:15  -  5:29,5:30  -  5:44,5:45  -  5:59,6:00  -  6:14,6:15  -  6:29,6:30  -  6:44,6:45  -  6:59,7:00  -  7:14,7:15  -  7:29,7:30  -  7:44,7:45  -  7:59,19:00  -  19:14,19:15  -  19:29,19:30  -  19:44,19:45  -  19:59,20:00  -  20:14,20:15  -  20:29,20:30  -  20:44,20:45  -  20:59,21:00  -  21:14,21:15  -  21:29,21:30  -  21:44,21:45  -  21:59,22:00  -  22:14,22:15  -  22:29,22:30  -  22:44,22:45  -  22:59,23:00  -  23:14,23:15  -  23:29,23:30  -  23:44,23:45  -  23:59,0:00  -  0:14,0:15  -  0:29,0:30  -  0:44,0:45  -  0:59,1:00  -  1:14,1:15  -  1:29,1:30  -  1:44,1:45  -  1:59,2:00  -  2:14,2:15  -  2:29,2:30  -  2:44,2:45  -  2:59"
1:00  -  1:14,60751041,Copperbelt,Mufulira,Rural,Male,1,None,C2,Completed high School,Anglican/Protestant,Working Part-Time,Do not know,Do not know,Yes,19 – 24,"3:00  -  3:14,3:15  -  3:29,3:30  -  3:44,3:45  -  3:59,4:00  -  4:14,4:15  -  4:29,4:30  -  4:44,4:45  -  4:59,5:00  -  5:14,5:15  -  5:29,5:30  -  5:44,5:45  -  5:59,6:00  -  6:14,6:15  -  6:29,6:30  -  6:44,6:45  -  6:59,7:00  -  7:14,7:15  -  7:29,7:30  -  7:44,7:45  -  7:59,19:00  -  19:14,19:15  -  19:29,19:30  -  19:44,19:45  -  19:59,20:00  -  20:14,20:15  -  20:29,20:30  -  20:44,20:45  -  20:59,21:00  -  21:14,21:15  -  21:29,21:30  -  21:44,21:45  -  21:59,22:00  -  22:14,22:15  -  22:29,22:30  -  22:44,22:45  -  22:59,23:00  -  23:14,23:15  -  23:29,23:30  -  23:44,23:45  -  23:59,0:00  -  0:14,0:15  -  0:29,0:30  -  0:44,0:45  -  0:59,1:00  -  1:14,1:15  -  1:29,1:30  -  1:44,1:45  -  1:59,2:00  -  2:14,2:15  -  2:29,2:30  -  2:44,2:45  -  2:59"
0:00  -  0:14,60751041,Copperbelt,Mufulira,Rural,Male,1,None,C2,Completed high School,Anglican/Protestant,Working Part-Time,Do not know,Do not know,Yes,19 – 24,"3:00  -  3:14,3:15  -  3:29,3:30  -  3:44,3:45  -  3:59,4:00  -  4:14,4:15  -  4:29,4:30  -  4:44,4:45  -  4:59,5:00  -  5:14,5:15  -  5:29,5:30  -  5:44,5:45  -  5:59,6:00  -  6:14,6:15  -  6:29,6:30  -  6:44,6:45  -  6:59,7:00  -  7:14,7:15  -  7:29,7:30  -  7:44,7:45  -  7:59,19:00  -  19:14,19:15  -  19:29,19:30  -  19:44,19:45  -  19:59,20:00  -  20:14,20:15  -  20:29,20:30  -  20:44,20:45  -  20:59,21:00  -  21:14,21:15  -  21:29,21:30  -  21:44,21:45  -  21:59,22:00  -  22:14,22:15  -  22:29,22:30  -  22:44,22:45  -  22:59,23:00  -  23:14,23:15  -  23:29,23:30  -  23:44,23:45  -  23:59,0:00  -  0:14,0:15  -  0:29,0:30  -  0:44,0:45  -  0:59,1:00  -  1:14,1:15  -  1:29,1:30  -  1:44,1:45  -  1:59,2:00  -  2:14,2:15  -  2:29,2:30  -  2:44,2:45  -  2:59"
19:15  -  19:29,60751041,Copperbelt,Mufulira,Rural,Male,1,None,C2,Completed high School,Anglican/Protestant,Working Part-Time,Do not know,Do not know,Yes,19 – 24,"3:00  -  3:14,3:15  -  3:29,3:30  -  3:44,3:45  -  3:59,4:00  -  4:14,4:15  -  4:29,4:30  -  4:44,4:45  -  4:59,5:00  -  5:14,5:15  -  5:29,5:30  -  5:44,5:45  -  5:59,6:00  -  6:14,6:15  -  6:29,6:30  -  6:44,6:45  -  6:59,7:00  -  7:14,7:15  -  7:29,7:30  -  7:44,7:45  -  7:59,19:00  -  19:14,19:15  -  19:29,19:30  -  19:44,19:45  -  19:59,20:00  -  20:14,20:15  -  20:29,20:30  -  20:44,20:45  -  20:59,21:00  -  21:14,21:15  -  21:29,21:30  -  21:44,21:45  -  21:59,22:00  -  22:14,22:15  -  22:29,22:30  -  22:44,22:45  -  22:59,23:00  -  23:14,23:15  -  23:29,23:30  -  23:44,23:45  -  23:59,0:00  -  0:14,0:15  -  0:29,0:30  -  0:44,0:45  -  0:59,1:00  -  1:14,1:15  -  1:29,1:30  -  1:44,1:45  -  1:59,2:00  -  2:14,2:15  -  2:29,2:30  -  2:44,2:45  -  2:59"
22:15  -  22:29,60751041,Copperbelt,Mufulira,Rural,Male,1,None,C2,Completed high School,Anglican/Protestant,Working Part-Time,Do not know,Do not know,Yes,19 – 24,"3:00  -  3:14,3:15  -  3:29,3:30  -  3:44,3:45  -  3:59,4:00  -  4:14,4:15  -  4:29,4:30  -  4:44,4:45  -  4:59,5:00  -  5:14,5:15  -  5:29,5:30  -  5:44,5:45  -  5:59,6:00  -  6:14,6:15  -  6:29,6:30  -  6:44,6:45  -  6:59,7:00  -  7:14,7:15  -  7:29,7:30  -  7:44,7:45  -  7:59,19:00  -  19:14,19:15  -  19:29,19:30  -  19:44,19:45  -  19:59,20:00  -  20:14,20:15  -  20:29,20:30  -  20:44,20:45  -  20:59,21:00  -  21:14,21:15  -  21:29,21:30  -  21:44,21:45  -  21:59,22:00  -  22:14,22:15  -  22:29,22:30  -  22:44,22:45  -  22:59,23:00  -  23:14,23:15  -  23:29,23:30  -  23:44,23:45  -  23:59,0:00  -  0:14,0:15  -  0:29,0:30  -  0:44,0:45  -  0:59,1:00  -  1:14,1:15  -  1:29,1:30  -  1:44,1:45  -  1:59,2:00  -  2:14,2:15  -  2:29,2:30  -  2:44,2:45  -  2:59"
6:30  -  6:44,60751041,Copperbelt,Mufulira,Rural,Male,1,None,C2,Completed high School,Anglican/Protestant,Working Part-Time,Do not know,Do not know,Yes,19 – 24,"3:00  -  3:14,3:15  -  3:29,3:30  -  3:44,3:45  -  3:59,4:00  -  4:14,4:15  -  4:29,4:30  -  4:44,4:45  -  4:59,5:00  -  5:14,5:15  -  5:29,5:30  -  5:44,5:45  -  5:59,6:00  -  6:14,6:15  -  6:29,6:30  -  6:44,6:45  -  6:59,7:00  -  7:14,7:15  -  7:29,7:30  -  7:44,7:45  -  7:59,19:00  -  19:14,19:15  -  19:29,19:30  -  19:44,19:45  -  19:59,20:00  -  20:14,20:15  -  20:29,20:30  -  20:44,20:45  -  20:59,21:00  -  21:14,21:15  -  21:29,21:30  -  21:44,21:45  -  21:59,22:00  -  22:14,22:15  -  22:29,22:30  -  22:44,22:45  -  22:59,23:00  -  23:14,23:15  -  23:29,23:30  -  23:44,23:45  -  23:59,0:00  -  0:14,0:15  -  0:29,0:30  -  0:44,0:45  -  0:59,1:00  -  1:14,1:15  -  1:29,1:30  -  1:44,1:45  -  1:59,2:00  -  2:14,2:15  -  2:29,2:30  -  2:44,2:45  -  2:59"
4:00  -  4:14,60751041,Copperbelt,Mufulira,Rural,Male,1,None,C2,Completed high School,Anglican/Protestant,Working Part-Time,Do not know,Do not know,Yes,19 – 24,"3:00  -  3:14,3:15  -  3:29,3:30  -  3:44,3:45  -  3:59,4:00  -  4:14,4:15  -  4:29,4:30  -  4:44,4:45  -  4:59,5:00  -  5:14,5:15  -  5:29,5:30  -  5:44,5:45  -  5:59,6:00  -  6:14,6:15  -  6:29,6:30  -  6:44,6:45  -  6:59,7:00  -  7:14,7:15  -  7:29,7:30  -  7:44,7:45  -  7:59,19:00  -  19:14,19:15  -  19:29,19:30  -  19:44,19:45  -  19:59,20:00  -  20:14,20:15  -  20:29,20:30  -  20:44,20:45  -  20:59,21:00  -  21:14,21:15  -  21:29,21:30  -  21:44,21:45  -  21:59,22:00  -  22:14,22:15  -  22:29,22:30  -  22:44,22:45  -  22:59,23:00  -  23:14,23:15  -  23:29,23:30  -  23:44,23:45  -  23:59,0:00  -  0:14,0:15  -  0:29,0:30  -  0:44,0:45  -  0:59,1:00  -  1:14,1:15  -  1:29,1:30  -  1:44,1:45  -  1:59,2:00  -  2:14,2:15  -  2:29,2:30  -  2:44,2:45  -  2:59"
5:30  -  5:44,60751041,Copperbelt,Mufulira,Rural,Male,1,None,C2,Completed high School,Anglican/Protestant,Working Part-Time,Do not know,Do not know,Yes,19 – 24,"3:00  -  3:14,3:15  -  3:29,3:30  -  3:44,3:45  -  3:59,4:00  -  4:14,4:15  -  4:29,4:30  -  4:44,4:45  -  4:59,5:00  -  5:14,5:15  -  5:29,5:30  -  5:44,5:45  -  5:59,6:00  -  6:14,6:15  -  6:29,6:30  -  6:44,6:45  -  6:59,7:00  -  7:14,7:15  -  7:29,7:30  -  7:44,7:45  -  7:59,19:00  -  19:14,19:15  -  19:29,19:30  -  19:44,19:45  -  19:59,20:00  -  20:14,20:15  -  20:29,20:30  -  20:44,20:45  -  20:59,21:00  -  21:14,21:15  -  21:29,21:30  -  21:44,21:45  -  21:59,22:00  -  22:14,22:15  -  22:29,22:30  -  22:44,22:45  -  22:59,23:00  -  23:14,23:15  -  23:29,23:30  -  23:44,23:45  -  23:59,0:00  -  0:14,0:15  -  0:29,0:30  -  0:44,0:45  -  0:59,1:00  -  1:14,1:15  -  1:29,1:30  -  1:44,1:45  -  1:59,2:00  -  2:14,2:15  -  2:29,2:30  -  2:44,2:45  -  2:59"
21:30  -  21:44,60751041,Copperbelt,Mufulira,Rural,Male,1,None,C2,Completed high School,Anglican/Protestant,Working Part-Time,Do not know,Do not know,Yes,19 – 24,"3:00  -  3:14,3:15  -  3:29,3:30  -  3:44,3:45  -  3:59,4:00  -  4:14,4:15  -  4:29,4:30  -  4:44,4:45  -  4:59,5:00  -  5:14,5:15  -  5:29,5:30  -  5:44,5:45  -  5:59,6:00  -  6:14,6:15  -  6:29,6:30  -  6:44,6:45  -  6:59,7:00  -  7:14,7:15  -  7:29,7:30  -  7:44,7:45  -  7:59,19:00  -  19:14,19:15  -  19:29,19:30  -  19:44,19:45  -  19:59,20:00  -  20:14,20:15  -  20:29,20:30  -  20:44,20:45  -  20:59,21:00  -  21:14,21:15  -  21:29,21:30  -  21:44,21:45  -  21:59,22:00  -  22:14,22:15  -  22:29,22:30  -  22:44,22:45  -  22:59,23:00  -  23:14,23:15  -  23:29,23:30  -  23:44,23:45  -  23:59,0:00  -  0:14,0:15  -  0:29,0:30  -  0:44,0:45  -  0:59,1:00  -  1:14,1:15  -  1:29,1:30  -  1:44,1:45  -  1:59,2:00  -  2:14,2:15  -  2:29,2:30  -  2:44,2:45  -  2:59"
7:15  -  7:29,60751041,Copperbelt,Mufulira,Rural,Male,1,None,C2,Completed high School,Anglican/Protestant,Working Part-Time,Do not know,Do not know,Yes,19 – 24,"3:00  -  3:14,3:15  -  3:29,3:30  -  3:44,3:45  -  3:59,4:00  -  4:14,4:15  -  4:29,4:30  -  4:44,4:45  -  4:59,5:00  -  5:14,5:15  -  5:29,5:30  -  5:44,5:45  -  5:59,6:00  -  6:14,6:15  -  6:29,6:30  -  6:44,6:45  -  6:59,7:00  -  7:14,7:15  -  7:29,7:30  -  7:44,7:45  -  7:59,19:00  -  19:14,19:15  -  19:29,19:30  -  19:44,19:45  -  19:59,20:00  -  20:14,20:15  -  20:29,20:30  -  20:44,20:45  -  20:59,21:00  -  21:14,21:15  -  21:29,21:30  -  21:44,21:45  -  21:59,22:00  -  22:14,22:15  -  22:29,22:30  -  22:44,22:45  -  22:59,23:00  -  23:14,23:15  -  23:29,23:30  -  23:44,23:45  -  23:59,0:00  -  0:14,0:15  -  0:29,0:30  -  0:44,0:45  -  0:59,1:00  -  1:14,1:15  -  1:29,1:30  -  1:44,1:45  -  1:59,2:00  -  2:14,2:15  -  2:29,2:30  -  2:44,2:45  -  2:59"
22:45  -  22:59,60751041,Copperbelt,Mufulira,Rural,Male,1,None,C2,Completed high School,Anglican/Protestant,Working Part-Time,Do not know,Do not know,Yes,19 – 24,"3:00  -  3:14,3:15  -  3:29,3:30  -  3:44,3:45  -  3:59,4:00  -  4:14,4:15  -  4:29,4:30  -  4:44,4:45  -  4:59,5:00  -  5:14,5:15  -  5:29,5:30  -  5:44,5:45  -  5:59,6:00  -  6:14,6:15  -  6:29,6:30  -  6:44,6:45  -  6:59,7:00  -  7:14,7:15  -  7:29,7:30  -  7:44,7:45  -  7:59,19:00  -  19:14,19:15  -  19:29,19:30  -  19:44,19:45  -  19:59,20:00  -  20:14,20:15  -  20:29,20:30  -  20:44,20:45  -  20:59,21:00  -  21:14,21:15  -  21:29,21:30  -  21:44,21:45  -  21:59,22:00  -  22:14,22:15  -  22:29,22:30  -  22:44,22:45  -  22:59,23:00  -  23:14,23:15  -  23:29,23:30  -  23:44,23:45  -  23:59,0:00  -  0:14,0:15  -  0:29,0:30  -  0:44,0:45  -  0:59,1:00  -  1:14,1:15  -  1:29,1:30  -  1:44,1:45  -  1:59,2:00  -  2:14,2:15  -  2:29,2:30  -  2:44,2:45  -  2:59"
0:15  -  0:29,60751041,Copperbelt,Mufulira,Rural,Male,1,None,C2,Completed high School,Anglican/Protestant,Working Part-Time,Do not know,Do not know,Yes,19 – 24,"3:00  -  3:14,3:15  -  3:29,3:30  -  3:44,3:45  -  3:59,4:00  -  4:14,4:15  -  4:29,4:30  -  4:44,4:45  -  4:59,5:00  -  5:14,5:15  -  5:29,5:30  -  5:44,5:45  -  5:59,6:00  -  6:14,6:15  -  6:29,6:30  -  6:44,6:45  -  6:59,7:00  -  7:14,7:15  -  7:29,7:30  -  7:44,7:45  -  7:59,19:00  -  19:14,19:15  -  19:29,19:30  -  19:44,19:45  -  19:59,20:00  -  20:14,20:15  -  20:29,20:30  -  20:44,20:45  -  20:59,21:00  -  21:14,21:15  -  21:29,21:30  -  21:44,21:45  -  21:59,22:00  -  22:14,22:15  -  22:29,22:30  -  22:44,22:45  -  22:59,23:00  -  23:14,23:15  -  23:29,23:30  -  23:44,23:45  -  23:59,0:00  -  0:14,0:15  -  0:29,0:30  -  0:44,0:45  -  0:59,1:00  -  1:14,1:15  -  1:29,1:30  -  1:44,1:45  -  1:59,2:00  -  2:14,2:15  -  2:29,2:30  -  2:44,2:45  -  2:59"
5:45  -  5:59,60751041,Copperbelt,Mufulira,Rural,Male,1,None,C2,Completed high School,Anglican/Protestant,Working Part-Time,Do not know,Do not know,Yes,19 – 24,"3:00  -  3:14,3:15  -  3:29,3:30  -  3:44,3:45  -  3:59,4:00  -  4:14,4:15  -  4:29,4:30  -  4:44,4:45  -  4:59,5:00  -  5:14,5:15  -  5:29,5:30  -  5:44,5:45  -  5:59,6:00  -  6:14,6:15  -  6:29,6:30  -  6:44,6:45  -  6:59,7:00  -  7:14,7:15  -  7:29,7:30  -  7:44,7:45  -  7:59,19:00  -  19:14,19:15  -  19:29,19:30  -  19:44,19:45  -  19:59,20:00  -  20:14,20:15  -  20:29,20:30  -  20:44,20:45  -  20:59,21:00  -  21:14,21:15  -  21:29,21:30  -  21:44,21:45  -  21:59,22:00  -  22:14,22:15  -  22:29,22:30  -  22:44,22:45  -  22:59,23:00  -  23:14,23:15  -  23:29,23:30  -  23:44,23:45  -  23:59,0:00  -  0:14,0:15  -  0:29,0:30  -  0:44,0:45  -  0:59,1:00  -  1:14,1:15  -  1:29,1:30  -  1:44,1:45  -  1:59,2:00  -  2:14,2:15  -  2:29,2:30  -  2:44,2:45  -  2:59"
7:45  -  7:59,60751041,Copperbelt,Mufulira,Rural,Male,1,None,C2,Completed high School,Anglican/Protestant,Working Part-Time,Do not know,Do not know,Yes,19 – 24,"3:00  -  3:14,3:15  -  3:29,3:30  -  3:44,3:45  -  3:59,4:00  -  4:14,4:15  -  4:29,4:30  -  4:44,4:45  -  4:59,5:00  -  5:14,5:15  -  5:29,5:30  -  5:44,5:45  -  5:59,6:00  -  6:14,6:15  -  6:29,6:30  -  6:44,6:45  -  6:59,7:00  -  7:14,7:15  -  7:29,7:30  -  7:44,7:45  -  7:59,19:00  -  19:14,19:15  -  19:29,19:30  -  19:44,19:45  -  19:59,20:00  -  20:14,20:15  -  20:29,20:30  -  20:44,20:45  -  20:59,21:00  -  21:14,21:15  -  21:29,21:30  -  21:44,21:45  -  21:59,22:00  -  22:14,22:15  -  22:29,22:30  -  22:44,22:45  -  22:59,23:00  -  23:14,23:15  -  23:29,23:30  -  23:44,23:45  -  23:59,0:00  -  0:14,0:15  -  0:29,0:30  -  0:44,0:45  -  0:59,1:00  -  1:14,1:15  -  1:29,1:30  -  1:44,1:45  -  1:59,2:00  -  2:14,2:15  -  2:29,2:30  -  2:44,2:45  -  2:59"
0:45  -  0:59,60751041,Copperbelt,Mufulira,Rural,Male,1,None,C2,Completed high School,Anglican/Protestant,Working Part-Time,Do not know,Do not know,Yes,19 – 24,"3:00  -  3:14,3:15  -  3:29,3:30  -  3:44,3:45  -  3:59,4:00  -  4:14,4:15  -  4:29,4:30  -  4:44,4:45  -  4:59,5:00  -  5:14,5:15  -  5:29,5:30  -  5:44,5:45  -  5:59,6:00  -  6:14,6:15  -  6:29,6:30  -  6:44,6:45  -  6:59,7:00  -  7:14,7:15  -  7:29,7:30  -  7:44,7:45  -  7:59,19:00  -  19:14,19:15  -  19:29,19:30  -  19:44,19:45  -  19:59,20:00  -  20:14,20:15  -  20:29,20:30  -  20:44,20:45  -  20:59,21:00  -  21:14,21:15  -  21:29,21:30  -  21:44,21:45  -  21:59,22:00  -  22:14,22:15  -  22:29,22:30  -  22:44,22:45  -  22:59,23:00  -  23:14,23:15  -  23:29,23:30  -  23:44,23:45  -  23:59,0:00  -  0:14,0:15  -  0:29,0:30  -  0:44,0:45  -  0:59,1:00  -  1:14,1:15  -  1:29,1:30  -  1:44,1:45  -  1:59,2:00  -  2:14,2:15  -  2:29,2:30  -  2:44,2:45  -  2:59"
7:00  -  7:14,60751041,Copperbelt,Mufulira,Rural,Male,1,None,C2,Completed high School,Anglican/Protestant,Working Part-Time,Do not know,Do not know,Yes,19 – 24,"3:00  -  3:14,3:15  -  3:29,3:30  -  3:44,3:45  -  3:59,4:00  -  4:14,4:15  -  4:29,4:30  -  4:44,4:45  -  4:59,5:00  -  5:14,5:15  -  5:29,5:30  -  5:44,5:45  -  5:59,6:00  -  6:14,6:15  -  6:29,6:30  -  6:44,6:45  -  6:59,7:00  -  7:14,7:15  -  7:29,7:30  -  7:44,7:45  -  7:59,19:00  -  19:14,19:15  -  19:29,19:30  -  19:44,19:45  -  19:59,20:00  -  20:14,20:15  -  20:29,20:30  -  20:44,20:45  -  20:59,21:00  -  21:14,21:15  -  21:29,21:30  -  21:44,21:45  -  21:59,22:00  -  22:14,22:15  -  22:29,22:30  -  22:44,22:45  -  22:59,23:00  -  23:14,23:15  -  23:29,23:30  -  23:44,23:45  -  23:59,0:00  -  0:14,0:15  -  0:29,0:30  -  0:44,0:45  -  0:59,1:00  -  1:14,1:15  -  1:29,1:30  -  1:44,1:45  -  1:59,2:00  -  2:14,2:15  -  2:29,2:30  -  2:44,2:45  -  2:59"
5:00  -  5:14,60751041,Copperbelt,Mufulira,Rural,Male,1,None,C2,Completed high School,Anglican/Protestant,Working Part-Time,Do not know,Do not know,Yes,19 – 24,"3:00  -  3:14,3:15  -  3:29,3:30  -  3:44,3:45  -  3:59,4:00  -  4:14,4:15  -  4:29,4:30  -  4:44,4:45  -  4:59,5:00  -  5:14,5:15  -  5:29,5:30  -  5:44,5:45  -  5:59,6:00  -  6:14,6:15  -  6:29,6:30  -  6:44,6:45  -  6:59,7:00  -  7:14,7:15  -  7:29,7:30  -  7:44,7:45  -  7:59,19:00  -  19:14,19:15  -  19:29,19:30  -  19:44,19:45  -  19:59,20:00  -  20:14,20:15  -  20:29,20:30  -  20:44,20:45  -  20:59,21:00  -  21:14,21:15  -  21:29,21:30  -  21:44,21:45  -  21:59,22:00  -  22:14,22:15  -  22:29,22:30  -  22:44,22:45  -  22:59,23:00  -  23:14,23:15  -  23:29,23:30  -  23:44,23:45  -  23:59,0:00  -  0:14,0:15  -  0:29,0:30  -  0:44,0:45  -  0:59,1:00  -  1:14,1:15  -  1:29,1:30  -  1:44,1:45  -  1:59,2:00  -  2:14,2:15  -  2:29,2:30  -  2:44,2:45  -  2:59"
3:45  -  3:59,60751041,Copperbelt,Mufulira,Rural,Male,1,None,C2,Completed high School,Anglican/Protestant,Working Part-Time,Do not know,Do not know,Yes,19 – 24,"3:00  -  3:14,3:15  -  3:29,3:30  -  3:44,3:45  -  3:59,4:00  -  4:14,4:15  -  4:29,4:30  -  4:44,4:45  -  4:59,5:00  -  5:14,5:15  -  5:29,5:30  -  5:44,5:45  -  5:59,6:00  -  6:14,6:15  -  6:29,6:30  -  6:44,6:45  -  6:59,7:00  -  7:14,7:15  -  7:29,7:30  -  7:44,7:45  -  7:59,19:00  -  19:14,19:15  -  19:29,19:30  -  19:44,19:45  -  19:59,20:00  -  20:14,20:15  -  20:29,20:30  -  20:44,20:45  -  20:59,21:00  -  21:14,21:15  -  21:29,21:30  -  21:44,21:45  -  21:59,22:00  -  22:14,22:15  -  22:29,22:30  -  22:44,22:45  -  22:59,23:00  -  23:14,23:15  -  23:29,23:30  -  23:44,23:45  -  23:59,0:00  -  0:14,0:15  -  0:29,0:30  -  0:44,0:45  -  0:59,1:00  -  1:14,1:15  -  1:29,1:30  -  1:44,1:45  -  1:59,2:00  -  2:14,2:15  -  2:29,2:30  -  2:44,2:45  -  2:59"
3:00  -  3:14,60751041,Copperbelt,Mufulira,Rural,Male,1,None,C2,Completed high School,Anglican/Protestant,Working Part-Time,Do not know,Do not know,Yes,19 – 24,"3:00  -  3:14,3:15  -  3:29,3:30  -  3:44,3:45  -  3:59,4:00  -  4:14,4:15  -  4:29,4:30  -  4:44,4:45  -  4:59,5:00  -  5:14,5:15  -  5:29,5:30  -  5:44,5:45  -  5:59,6:00  -  6:14,6:15  -  6:29,6:30  -  6:44,6:45  -  6:59,7:00  -  7:14,7:15  -  7:29,7:30  -  7:44,7:45  -  7:59,19:00  -  19:14,19:15  -  19:29,19:30  -  19:44,19:45  -  19:59,20:00  -  20:14,20:15  -  20:29,20:30  -  20:44,20:45  -  20:59,21:00  -  21:14,21:15  -  21:29,21:30  -  21:44,21:45  -  21:59,22:00  -  22:14,22:15  -  22:29,22:30  -  22:44,22:45  -  22:59,23:00  -  23:14,23:15  -  23:29,23:30  -  23:44,23:45  -  23:59,0:00  -  0:14,0:15  -  0:29,0:30  -  0:44,0:45  -  0:59,1:00  -  1:14,1:15  -  1:29,1:30  -  1:44,1:45  -  1:59,2:00  -  2:14,2:15  -  2:29,2:30  -  2:44,2:45  -  2:59"
20:15  -  20:29,60751041,Copperbelt,Mufulira,Rural,Male,1,None,C2,Completed high School,Anglican/Protestant,Working Part-Time,Do not know,Do not know,Yes,19 – 24,"3:00  -  3:14,3:15  -  3:29,3:30  -  3:44,3:45  -  3:59,4:00  -  4:14,4:15  -  4:29,4:30  -  4:44,4:45  -  4:59,5:00  -  5:14,5:15  -  5:29,5:30  -  5:44,5:45  -  5:59,6:00  -  6:14,6:15  -  6:29,6:30  -  6:44,6:45  -  6:59,7:00  -  7:14,7:15  -  7:29,7:30  -  7:44,7:45  -  7:59,19:00  -  19:14,19:15  -  19:29,19:30  -  19:44,19:45  -  19:59,20:00  -  20:14,20:15  -  20:29,20:30  -  20:44,20:45  -  20:59,21:00  -  21:14,21:15  -  21:29,21:30  -  21:44,21:45  -  21:59,22:00  -  22:14,22:15  -  22:29,22:30  -  22:44,22:45  -  22:59,23:00  -  23:14,23:15  -  23:29,23:30  -  23:44,23:45  -  23:59,0:00  -  0:14,0:15  -  0:29,0:30  -  0:44,0:45  -  0:59,1:00  -  1:14,1:15  -  1:29,1:30  -  1:44,1:45  -  1:59,2:00  -  2:14,2:15  -  2:29,2:30  -  2:44,2:45  -  2:59"
3:30  -  3:44,60751041,Copperbelt,Mufulira,Rural,Male,1,None,C2,Completed high School,Anglican/Protestant,Working Part-Time,Do not know,Do not know,Yes,19 – 24,"3:00  -  3:14,3:15  -  3:29,3:30  -  3:44,3:45  -  3:59,4:00  -  4:14,4:15  -  4:29,4:30  -  4:44,4:45  -  4:59,5:00  -  5:14,5:15  -  5:29,5:30  -  5:44,5:45  -  5:59,6:00  -  6:14,6:15  -  6:29,6:30  -  6:44,6:45  -  6:59,7:00  -  7:14,7:15  -  7:29,7:30  -  7:44,7:45  -  7:59,19:00  -  19:14,19:15  -  19:29,19:30  -  19:44,19:45  -  19:59,20:00  -  20:14,20:15  -  20:29,20:30  -  20:44,20:45  -  20:59,21:00  -  21:14,21:15  -  21:29,21:30  -  21:44,21:45  -  21:59,22:00  -  22:14,22:15  -  22:29,22:30  -  22:44,22:45  -  22:59,23:00  -  23:14,23:15  -  23:29,23:30  -  23:44,23:45  -  23:59,0:00  -  0:14,0:15  -  0:29,0:30  -  0:44,0:45  -  0:59,1:00  -  1:14,1:15  -  1:29,1:30  -  1:44,1:45  -  1:59,2:00  -  2:14,2:15  -  2:29,2:30  -  2:44,2:45  -  2:59"
21:00  -  21:14,60753398,Copperbelt,Chingola,Rural,Female,1,None,D,Some primary school,Roman Catholic,Housewife,D,Under K 849,No,35 – 44,"19:00  -  19:14,19:15  -  19:29,19:30  -  19:44,19:45  -  19:59,20:00  -  20:14,20:15  -  20:29,20:30  -  20:44,20:45  -  20:59,21:00  -  21:14,21:15  -  21:29,21:30  -  21:44,21:45  -  21:59,22:00  -  22:14"
19:45  -  19:59,60753398,Copperbelt,Chingola,Rural,Female,1,None,D,Some primary school,Roman Catholic,Housewife,D,Under K 849,No,35 – 44,"19:00  -  19:14,19:15  -  19:29,19:30  -  19:44,19:45  -  19:59,20:00  -  20:14,20:15  -  20:29,20:30  -  20:44,20:45  -  20:59,21:00  -  21:14,21:15  -  21:29,21:30  -  21:44,21:45  -  21:59,22:00  -  22:14"
19:00  -  19:14,60753398,Copperbelt,Chingola,Rural,Female,1,None,D,Some primary school,Roman Catholic,Housewife,D,Under K 849,No,35 – 44,"19:00  -  19:14,19:15  -  19:29,19:30  -  19:44,19:45  -  19:59,20:00  -  20:14,20:15  -  20:29,20:30  -  20:44,20:45  -  20:59,21:00  -  21:14,21:15  -  21:29,21:30  -  21:44,21:45  -  21:59,22:00  -  22:14"
20:30  -  20:44,60753398,Copperbelt,Chingola,Rural,Female,1,None,D,Some primary school,Roman Catholic,Housewife,D,Under K 849,No,35 – 44,"19:00  -  19:14,19:15  -  19:29,19:30  -  19:44,19:45  -  19:59,20:00  -  20:14,20:15  -  20:29,20:30  -  20:44,20:45  -  20:59,21:00  -  21:14,21:15  -  21:29,21:30  -  21:44,21:45  -  21:59,22:00  -  22:14"
21:30  -  21:44,60753398,Copperbelt,Chingola,Rural,Female,1,None,D,Some primary school,Roman Catholic,Housewife,D,Under K 849,No,35 – 44,"19:00  -  19:14,19:15  -  19:29,19:30  -  19:44,19:45  -  19:59,20:00  -  20:14,20:15  -  20:29,20:30  -  20:44,20:45  -  20:59,21:00  -  21:14,21:15  -  21:29,21:30  -  21:44,21:45  -  21:59,22:00  -  22:14"
21:45  -  21:59,60753398,Copperbelt,Chingola,Rural,Female,1,None,D,Some primary school,Roman Catholic,Housewife,D,Under K 849,No,35 – 44,"19:00  -  19:14,19:15  -  19:29,19:30  -  19:44,19:45  -  19:59,20:00  -  20:14,20:15  -  20:29,20:30  -  20:44,20:45  -  20:59,21:00  -  21:14,21:15  -  21:29,21:30  -  21:44,21:45  -  21:59,22:00  -  22:14"
20:45  -  20:59,60753398,Copperbelt,Chingola,Rural,Female,1,None,D,Some primary school,Roman Catholic,Housewife,D,Under K 849,No,35 – 44,"19:00  -  19:14,19:15  -  19:29,19:30  -  19:44,19:45  -  19:59,20:00  -  20:14,20:15  -  20:29,20:30  -  20:44,20:45  -  20:59,21:00  -  21:14,21:15  -  21:29,21:30  -  21:44,21:45  -  21:59,22:00  -  22:14"
19:15  -  19:29,60753398,Copperbelt,Chingola,Rural,Female,1,None,D,Some primary school,Roman Catholic,Housewife,D,Under K 849,No,35 – 44,"19:00  -  19:14,19:15  -  19:29,19:30  -  19:44,19:45  -  19:59,20:00  -  20:14,20:15  -  20:29,20:30  -  20:44,20:45  -  20:59,21:00  -  21:14,21:15  -  21:29,21:30  -  21:44,21:45  -  21:59,22:00  -  22:14"
20:15  -  20:29,60753398,Copperbelt,Chingola,Rural,Female,1,None,D,Some primary school,Roman Catholic,Housewife,D,Under K 849,No,35 – 44,"19:00  -  19:14,19:15  -  19:29,19:30  -  19:44,19:45  -  19:59,20:00  -  20:14,20:15  -  20:29,20:30  -  20:44,20:45  -  20:59,21:00  -  21:14,21:15  -  21:29,21:30  -  21:44,21:45  -  21:59,22:00  -  22:14"
20:00  -  20:14,60753398,Copperbelt,Chingola,Rural,Female,1,None,D,Some primary school,Roman Catholic,Housewife,D,Under K 849,No,35 – 44,"19:00  -  19:14,19:15  -  19:29,19:30  -  19:44,19:45  -  19:59,20:00  -  20:14,20:15  -  20:29,20:30  -  20:44,20:45  -  20:59,21:00  -  21:14,21:15  -  21:29,21:30  -  21:44,21:45  -  21:59,22:00  -  22:14"
22:00  -  22:14,60753398,Copperbelt,Chingola,Rural,Female,1,None,D,Some primary school,Roman Catholic,Housewife,D,Under K 849,No,35 – 44,"19:00  -  19:14,19:15  -  19:29,19:30  -  19:44,19:45  -  19:59,20:00  -  20:14,20:15  -  20:29,20:30  -  20:44,20:45  -  20:59,21:00  -  21:14,21:15  -  21:29,21:30  -  21:44,21:45  -  21:59,22:00  -  22:14"
19:30  -  19:44,60753398,Copperbelt,Chingola,Rural,Female,1,None,D,Some primary school,Roman Catholic,Housewife,D,Under K 849,No,35 – 44,"19:00  -  19:14,19:15  -  19:29,19:30  -  19:44,19:45  -  19:59,20:00  -  20:14,20:15  -  20:29,20:30  -  20:44,20:45  -  20:59,21:00  -  21:14,21:15  -  21:29,21:30  -  21:44,21:45  -  21:59,22:00  -  22:14"
21:15  -  21:29,60753398,Copperbelt,Chingola,Rural,Female,1,None,D,Some primary school,Roman Catholic,Housewife,D,Under K 849,No,35 – 44,"19:00  -  19:14,19:15  -  19:29,19:30  -  19:44,19:45  -  19:59,20:00  -  20:14,20:15  -  20:29,20:30  -  20:44,20:45  -  20:59,21:00  -  21:14,21:15  -  21:29,21:30  -  21:44,21:45  -  21:59,22:00  -  22:14"
11:45  -  11:59,60781397,Copperbelt,Chingola,Urban,Female,1,None,C1,Some university,Other Christian,Working Full-Time,Do not know,Do not know,Yes,45+,"11:00  -  11:14,11:15  -  11:29,11:30  -  11:44,11:45  -  11:59,12:00  -  12:14,12:15  -  12:29,12:30  -  12:44,12:45  -  12:59"
12:15  -  12:29,60781397,Copperbelt,Chingola,Urban,Female,1,None,C1,Some university,Other Christian,Working Full-Time,Do not know,Do not know,Yes,45+,"11:00  -  11:14,11:15  -  11:29,11:30  -  11:44,11:45  -  11:59,12:00  -  12:14,12:15  -  12:29,12:30  -  12:44,12:45  -  12:59"
12:30  -  12:44,60781397,Copperbelt,Chingola,Urban,Female,1,None,C1,Some university,Other Christian,Working Full-Time,Do not know,Do not know,Yes,45+,"11:00  -  11:14,11:15  -  11:29,11:30  -  11:44,11:45  -  11:59,12:00  -  12:14,12:15  -  12:29,12:30  -  12:44,12:45  -  12:59"
12:00  -  12:14,60781397,Copperbelt,Chingola,Urban,Female,1,None,C1,Some university,Other Christian,Working Full-Time,Do not know,Do not know,Yes,45+,"11:00  -  11:14,11:15  -  11:29,11:30  -  11:44,11:45  -  11:59,12:00  -  12:14,12:15  -  12:29,12:30  -  12:44,12:45  -  12:59"
11:15  -  11:29,60781397,Copperbelt,Chingola,Urban,Female,1,None,C1,Some university,Other Christian,Working Full-Time,Do not know,Do not know,Yes,45+,"11:00  -  11:14,11:15  -  11:29,11:30  -  11:44,11:45  -  11:59,12:00  -  12:14,12:15  -  12:29,12:30  -  12:44,12:45  -  12:59"
12:45  -  12:59,60781397,Copperbelt,Chingola,Urban,Female,1,None,C1,Some university,Other Christian,Working Full-Time,Do not know,Do not know,Yes,45+,"11:00  -  11:14,11:15  -  11:29,11:30  -  11:44,11:45  -  11:59,12:00  -  12:14,12:15  -  12:29,12:30  -  12:44,12:45  -  12:59"
11:00  -  11:14,60781397,Copperbelt,Chingola,Urban,Female,1,None,C1,Some university,Other Christian,Working Full-Time,Do not know,Do not know,Yes,45+,"11:00  -  11:14,11:15  -  11:29,11:30  -  11:44,11:45  -  11:59,12:00  -  12:14,12:15  -  12:29,12:30  -  12:44,12:45  -  12:59"
11:30  -  11:44,60781397,Copperbelt,Chingola,Urban,Female,1,None,C1,Some university,Other Christian,Working Full-Time,Do not know,Do not know,Yes,45+,"11:00  -  11:14,11:15  -  11:29,11:30  -  11:44,11:45  -  11:59,12:00  -  12:14,12:15  -  12:29,12:30  -  12:44,12:45  -  12:59"
15:00  -  15:14,60784146,Copperbelt,Chingola,Urban,Female,2,None,C1,No formal education,Other Christian,Working Full-Time,Do not know,Do not know,Yes,45+,"14:00  -  14:14,14:15  -  14:29,14:30  -  14:44,14:45  -  14:59,15:00  -  15:14,15:15  -  15:29,15:30  -  15:44,15:45  -  15:59"
14:00  -  14:14,60784146,Copperbelt,Chingola,Urban,Female,2,None,C1,No formal education,Other Christian,Working Full-Time,Do not know,Do not know,Yes,45+,"14:00  -  14:14,14:15  -  14:29,14:30  -  14:44,14:45  -  14:59,15:00  -  15:14,15:15  -  15:29,15:30  -  15:44,15:45  -  15:59"
14:15  -  14:29,60784146,Copperbelt,Chingola,Urban,Female,2,None,C1,No formal education,Other Christian,Working Full-Time,Do not know,Do not know,Yes,45+,"14:00  -  14:14,14:15  -  14:29,14:30  -  14:44,14:45  -  14:59,15:00  -  15:14,15:15  -  15:29,15:30  -  15:44,15:45  -  15:59"
15:30  -  15:44,60784146,Copperbelt,Chingola,Urban,Female,2,None,C1,No formal education,Other Christian,Working Full-Time,Do not know,Do not know,Yes,45+,"14:00  -  14:14,14:15  -  14:29,14:30  -  14:44,14:45  -  14:59,15:00  -  15:14,15:15  -  15:29,15:30  -  15:44,15:45  -  15:59"
15:45  -  15:59,60784146,Copperbelt,Chingola,Urban,Female,2,None,C1,No formal education,Other Christian,Working Full-Time,Do not know,Do not know,Yes,45+,"14:00  -  14:14,14:15  -  14:29,14:30  -  14:44,14:45  -  14:59,15:00  -  15:14,15:15  -  15:29,15:30  -  15:44,15:45  -  15:59"
15:15  -  15:29,60784146,Copperbelt,Chingola,Urban,Female,2,None,C1,No formal education,Other Christian,Working Full-Time,Do not know,Do not know,Yes,45+,"14:00  -  14:14,14:15  -  14:29,14:30  -  14:44,14:45  -  14:59,15:00  -  15:14,15:15  -  15:29,15:30  -  15:44,15:45  -  15:59"
14:30  -  14:44,60784146,Copperbelt,Chingola,Urban,Female,2,None,C1,No formal education,Other Christian,Working Full-Time,Do not know,Do not know,Yes,45+,"14:00  -  14:14,14:15  -  14:29,14:30  -  14:44,14:45  -  14:59,15:00  -  15:14,15:15  -  15:29,15:30  -  15:44,15:45  -  15:59"
14:45  -  14:59,60784146,Copperbelt,Chingola,Urban,Female,2,None,C1,No formal education,Other Christian,Working Full-Time,Do not know,Do not know,Yes,45+,"14:00  -  14:14,14:15  -  14:29,14:30  -  14:44,14:45  -  14:59,15:00  -  15:14,15:15  -  15:29,15:30  -  15:44,15:45  -  15:59"
10:45  -  10:59,60848523,Copperbelt,Chingola,Urban,Female,2,None,C1,Some primary school,Other Christian,Housewife,Do not know,Do not know,No,45+,"10:00  -  10:14,10:15  -  10:29,10:30  -  10:44,10:45  -  10:59,11:00  -  11:14"
10:00  -  10:14,60848523,Copperbelt,Chingola,Urban,Female,2,None,C1,Some primary school,Other Christian,Housewife,Do not know,Do not know,No,45+,"10:00  -  10:14,10:15  -  10:29,10:30  -  10:44,10:45  -  10:59,11:00  -  11:14"
10:30  -  10:44,60848523,Copperbelt,Chingola,Urban,Female,2,None,C1,Some primary school,Other Christian,Housewife,Do not know,Do not know,No,45+,"10:00  -  10:14,10:15  -  10:29,10:30  -  10:44,10:45  -  10:59,11:00  -  11:14"
11:00  -  11:14,60848523,Copperbelt,Chingola,Urban,Female,2,None,C1,Some primary school,Other Christian,Housewife,Do not know,Do not know,No,45+,"10:00  -  10:14,10:15  -  10:29,10:30  -  10:44,10:45  -  10:59,11:00  -  11:14"
10:15  -  10:29,60848523,Copperbelt,Chingola,Urban,Female,2,None,C1,Some primary school,Other Christian,Housewife,Do not know,Do not know,No,45+,"10:00  -  10:14,10:15  -  10:29,10:30  -  10:44,10:45  -  10:59,11:00  -  11:14"
15:00  -  15:14,60848524,Copperbelt,Chingola,Urban,Female,2,None,C2,Some primary school,Other Christian,Self employed,C2,"K 2,500   -  K 3,154",Yes,35 – 44,"15:00  -  15:14,15:15  -  15:29,15:30  -  15:44,15:45  -  15:59,16:00  -  16:14,16:15  -  16:29,16:30  -  16:44,16:45  -  16:59"
16:00  -  16:14,60848524,Copperbelt,Chingola,Urban,Female,2,None,C2,Some primary school,Other Christian,Self employed,C2,"K 2,500   -  K 3,154",Yes,35 – 44,"15:00  -  15:14,15:15  -  15:29,15:30  -  15:44,15:45  -  15:59,16:00  -  16:14,16:15  -  16:29,16:30  -  16:44,16:45  -  16:59"
15:45  -  15:59,60848524,Copperbelt,Chingola,Urban,Female,2,None,C2,Some primary school,Other Christian,Self employed,C2,"K 2,500   -  K 3,154",Yes,35 – 44,"15:00  -  15:14,15:15  -  15:29,15:30  -  15:44,15:45  -  15:59,16:00  -  16:14,16:15  -  16:29,16:30  -  16:44,16:45  -  16:59"
15:30  -  15:44,60848524,Copperbelt,Chingola,Urban,Female,2,None,C2,Some primary school,Other Christian,Self employed,C2,"K 2,500   -  K 3,154",Yes,35 – 44,"15:00  -  15:14,15:15  -  15:29,15:30  -  15:44,15:45  -  15:59,16:00  -  16:14,16:15  -  16:29,16:30  -  16:44,16:45  -  16:59"
16:15  -  16:29,60848524,Copperbelt,Chingola,Urban,Female,2,None,C2,Some primary school,Other Christian,Self employed,C2,"K 2,500   -  K 3,154",Yes,35 – 44,"15:00  -  15:14,15:15  -  15:29,15:30  -  15:44,15:45  -  15:59,16:00  -  16:14,16:15  -  16:29,16:30  -  16:44,16:45  -  16:59"
15:15  -  15:29,60848524,Copperbelt,Chingola,Urban,Female,2,None,C2,Some primary school,Other Christian,Self employed,C2,"K 2,500   -  K 3,154",Yes,35 – 44,"15:00  -  15:14,15:15  -  15:29,15:30  -  15:44,15:45  -  15:59,16:00  -  16:14,16:15  -  16:29,16:30  -  16:44,16:45  -  16:59"
16:45  -  16:59,60848524,Copperbelt,Chingola,Urban,Female,2,None,C2,Some primary school,Other Christian,Self employed,C2,"K 2,500   -  K 3,154",Yes,35 – 44,"15:00  -  15:14,15:15  -  15:29,15:30  -  15:44,15:45  -  15:59,16:00  -  16:14,16:15  -  16:29,16:30  -  16:44,16:45  -  16:59"
16:30  -  16:44,60848524,Copperbelt,Chingola,Urban,Female,2,None,C2,Some primary school,Other Christian,Self employed,C2,"K 2,500   -  K 3,154",Yes,35 – 44,"15:00  -  15:14,15:15  -  15:29,15:30  -  15:44,15:45  -  15:59,16:00  -  16:14,16:15  -  16:29,16:30  -  16:44,16:45  -  16:59"
