Nothern FM  Tuesday analysis,SbjNum,Province,Districts,AREA TYPE,Gender,Number of Radio Sets,Number of Cars,LSM GROUP,Educational Qualification,Religion,Work Status,Social Class,Gross Monthly Income,Clothing P6M,Age Range,Nothern FM  Tuesday
5:00  -  5:14,134846716,Northern,Kasama,Urban,Female,2,,D,Primary,Christian,Not employed,D,Under K 849,,45+,"5:00  -  5:14,9:00  -  9:14,13:30  -  13:44,17:15  -  17:29,,,,,,,,,,,,,,,,,,,,,,,,,,,,,,,,,,,,,,,,,,,,,,,,,,,,,,,,,,,,,,,,,,,,,,,,,,,,,,,,,,,,,,,,,,,,"
13:30  -  13:44,134846716,Northern,Kasama,Urban,Female,2,,D,Primary,Christian,Not employed,D,Under K 849,,45+,"5:00  -  5:14,9:00  -  9:14,13:30  -  13:44,17:15  -  17:29,,,,,,,,,,,,,,,,,,,,,,,,,,,,,,,,,,,,,,,,,,,,,,,,,,,,,,,,,,,,,,,,,,,,,,,,,,,,,,,,,,,,,,,,,,,,"
17:15  -  17:29,134846716,Northern,Kasama,Urban,Female,2,,D,Primary,Christian,Not employed,D,Under K 849,,45+,"5:00  -  5:14,9:00  -  9:14,13:30  -  13:44,17:15  -  17:29,,,,,,,,,,,,,,,,,,,,,,,,,,,,,,,,,,,,,,,,,,,,,,,,,,,,,,,,,,,,,,,,,,,,,,,,,,,,,,,,,,,,,,,,,,,,"
9:00  -  9:14,134846716,Northern,Kasama,Urban,Female,2,,D,Primary,Christian,Not employed,D,Under K 849,,45+,"5:00  -  5:14,9:00  -  9:14,13:30  -  13:44,17:15  -  17:29,,,,,,,,,,,,,,,,,,,,,,,,,,,,,,,,,,,,,,,,,,,,,,,,,,,,,,,,,,,,,,,,,,,,,,,,,,,,,,,,,,,,,,,,,,,,"
19:00  -  19:14,134878485,Northern,Kasama,Rural,Male,1,,D,Primary,Christian,Employed for cash,D,Under K 849,,25 – 34,"12:30  -  12:44,19:00  -  19:14,23:15  -  23:29,,,,,,,,,,,,,,,,,,,,,,,,,,,,,,,,,,,,,,,,,,,,,,,,,,,,,,,,,,,,,,,,,,,,,,,,,,,,,,,,,,,,,,,,,,,,,"
23:15  -  23:29,134878485,Northern,Kasama,Rural,Male,1,,D,Primary,Christian,Employed for cash,D,Under K 849,,25 – 34,"12:30  -  12:44,19:00  -  19:14,23:15  -  23:29,,,,,,,,,,,,,,,,,,,,,,,,,,,,,,,,,,,,,,,,,,,,,,,,,,,,,,,,,,,,,,,,,,,,,,,,,,,,,,,,,,,,,,,,,,,,,"
12:30  -  12:44,134878485,Northern,Kasama,Rural,Male,1,,D,Primary,Christian,Employed for cash,D,Under K 849,,25 – 34,"12:30  -  12:44,19:00  -  19:14,23:15  -  23:29,,,,,,,,,,,,,,,,,,,,,,,,,,,,,,,,,,,,,,,,,,,,,,,,,,,,,,,,,,,,,,,,,,,,,,,,,,,,,,,,,,,,,,,,,,,,,"
7:00  -  7:14,134846714,Northern,Kasama,Urban,Female,2,,D,Primary,Christian,Not employed,D,Under K 849,,45+,"7:00  -  7:14,12:00  -  12:14,15:15  -  15:29,,,,,,,,,,,,,,,,,,,,,,,,,,,,,,,,,,,,,,,,,,,,,,,,,,,,,,,,,,,,,,,,,,,,,,,,,,,,,,,,,,,,,,,,,,,,,"
15:15  -  15:29,134846714,Northern,Kasama,Urban,Female,2,,D,Primary,Christian,Not employed,D,Under K 849,,45+,"7:00  -  7:14,12:00  -  12:14,15:15  -  15:29,,,,,,,,,,,,,,,,,,,,,,,,,,,,,,,,,,,,,,,,,,,,,,,,,,,,,,,,,,,,,,,,,,,,,,,,,,,,,,,,,,,,,,,,,,,,,"
12:00  -  12:14,134846714,Northern,Kasama,Urban,Female,2,,D,Primary,Christian,Not employed,D,Under K 849,,45+,"7:00  -  7:14,12:00  -  12:14,15:15  -  15:29,,,,,,,,,,,,,,,,,,,,,,,,,,,,,,,,,,,,,,,,,,,,,,,,,,,,,,,,,,,,,,,,,,,,,,,,,,,,,,,,,,,,,,,,,,,,,"
18:00  -  18:14,134763870,Northern,Mungwi,Urban,Male,1,,D,Primary,Christian,Employed for cash,D,Under K 849,,19 – 24,"10:00  -  10:14,12:00  -  12:14,18:00  -  18:14,,,,,,,,,,,,,,,,,,,,,,,,,,,,,,,,,,,,,,,,,,,,,,,,,,,,,,,,,,,,,,,,,,,,,,,,,,,,,,,,,,,,,,,,,,,,,"
10:00  -  10:14,134763870,Northern,Mungwi,Urban,Male,1,,D,Primary,Christian,Employed for cash,D,Under K 849,,19 – 24,"10:00  -  10:14,12:00  -  12:14,18:00  -  18:14,,,,,,,,,,,,,,,,,,,,,,,,,,,,,,,,,,,,,,,,,,,,,,,,,,,,,,,,,,,,,,,,,,,,,,,,,,,,,,,,,,,,,,,,,,,,,"
12:00  -  12:14,134763870,Northern,Mungwi,Urban,Male,1,,D,Primary,Christian,Employed for cash,D,Under K 849,,19 – 24,"10:00  -  10:14,12:00  -  12:14,18:00  -  18:14,,,,,,,,,,,,,,,,,,,,,,,,,,,,,,,,,,,,,,,,,,,,,,,,,,,,,,,,,,,,,,,,,,,,,,,,,,,,,,,,,,,,,,,,,,,,,"
16:15  -  16:29,134914389,Northern,Kasama,Rural,Female,2,,D,Primary,Christian,Employed for cash,D,Under K 849,,19 – 24,"14:45  -  14:59,16:15  -  16:29,17:30  -  17:44,,,,,,,,,,,,,,,,,,,,,,,,,,,,,,,,,,,,,,,,,,,,,,,,,,,,,,,,,,,,,,,,,,,,,,,,,,,,,,,,,,,,,,,,,,,,,"
14:45  -  14:59,134914389,Northern,Kasama,Rural,Female,2,,D,Primary,Christian,Employed for cash,D,Under K 849,,19 – 24,"14:45  -  14:59,16:15  -  16:29,17:30  -  17:44,,,,,,,,,,,,,,,,,,,,,,,,,,,,,,,,,,,,,,,,,,,,,,,,,,,,,,,,,,,,,,,,,,,,,,,,,,,,,,,,,,,,,,,,,,,,,"
17:30  -  17:44,134914389,Northern,Kasama,Rural,Female,2,,D,Primary,Christian,Employed for cash,D,Under K 849,,19 – 24,"14:45  -  14:59,16:15  -  16:29,17:30  -  17:44,,,,,,,,,,,,,,,,,,,,,,,,,,,,,,,,,,,,,,,,,,,,,,,,,,,,,,,,,,,,,,,,,,,,,,,,,,,,,,,,,,,,,,,,,,,,,"
21:00  -  21:14,134952739,Northern,Kasama,Rural,Female,2,,D,Primary,Christian,Employed for cash,D,Under K 849,,25 – 34,"15:30  -  15:44,20:30  -  20:44,21:00  -  21:14,,,,,,,,,,,,,,,,,,,,,,,,,,,,,,,,,,,,,,,,,,,,,,,,,,,,,,,,,,,,,,,,,,,,,,,,,,,,,,,,,,,,,,,,,,,,,"
20:30  -  20:44,134952739,Northern,Kasama,Rural,Female,2,,D,Primary,Christian,Employed for cash,D,Under K 849,,25 – 34,"15:30  -  15:44,20:30  -  20:44,21:00  -  21:14,,,,,,,,,,,,,,,,,,,,,,,,,,,,,,,,,,,,,,,,,,,,,,,,,,,,,,,,,,,,,,,,,,,,,,,,,,,,,,,,,,,,,,,,,,,,,"
15:30  -  15:44,134952739,Northern,Kasama,Rural,Female,2,,D,Primary,Christian,Employed for cash,D,Under K 849,,25 – 34,"15:30  -  15:44,20:30  -  20:44,21:00  -  21:14,,,,,,,,,,,,,,,,,,,,,,,,,,,,,,,,,,,,,,,,,,,,,,,,,,,,,,,,,,,,,,,,,,,,,,,,,,,,,,,,,,,,,,,,,,,,,"
19:15  -  19:29,135076018,Northern,Kasama,Rural,Female,2,,D,Secondary,Christian,Employed for cash,D,Under K 849,,25 – 34,"10:00  -  10:14,13:30  -  13:44,18:30  -  18:44,18:45  -  18:59,19:00  -  19:14,19:15  -  19:29,20:00  -  20:14,20:15  -  20:29,,,,,,,,,,,,,,,,,,,,,,,,,,,,,,,,,,,,,,,,,,,,,,,,,,,,,,,,,,,,,,,,,,,,,,,,,,,,,,,,,,,,,,,,"
19:00  -  19:14,135076018,Northern,Kasama,Rural,Female,2,,D,Secondary,Christian,Employed for cash,D,Under K 849,,25 – 34,"10:00  -  10:14,13:30  -  13:44,18:30  -  18:44,18:45  -  18:59,19:00  -  19:14,19:15  -  19:29,20:00  -  20:14,20:15  -  20:29,,,,,,,,,,,,,,,,,,,,,,,,,,,,,,,,,,,,,,,,,,,,,,,,,,,,,,,,,,,,,,,,,,,,,,,,,,,,,,,,,,,,,,,,"
13:30  -  13:44,135076018,Northern,Kasama,Rural,Female,2,,D,Secondary,Christian,Employed for cash,D,Under K 849,,25 – 34,"10:00  -  10:14,13:30  -  13:44,18:30  -  18:44,18:45  -  18:59,19:00  -  19:14,19:15  -  19:29,20:00  -  20:14,20:15  -  20:29,,,,,,,,,,,,,,,,,,,,,,,,,,,,,,,,,,,,,,,,,,,,,,,,,,,,,,,,,,,,,,,,,,,,,,,,,,,,,,,,,,,,,,,,"
20:00  -  20:14,135076018,Northern,Kasama,Rural,Female,2,,D,Secondary,Christian,Employed for cash,D,Under K 849,,25 – 34,"10:00  -  10:14,13:30  -  13:44,18:30  -  18:44,18:45  -  18:59,19:00  -  19:14,19:15  -  19:29,20:00  -  20:14,20:15  -  20:29,,,,,,,,,,,,,,,,,,,,,,,,,,,,,,,,,,,,,,,,,,,,,,,,,,,,,,,,,,,,,,,,,,,,,,,,,,,,,,,,,,,,,,,,"
20:15  -  20:29,135076018,Northern,Kasama,Rural,Female,2,,D,Secondary,Christian,Employed for cash,D,Under K 849,,25 – 34,"10:00  -  10:14,13:30  -  13:44,18:30  -  18:44,18:45  -  18:59,19:00  -  19:14,19:15  -  19:29,20:00  -  20:14,20:15  -  20:29,,,,,,,,,,,,,,,,,,,,,,,,,,,,,,,,,,,,,,,,,,,,,,,,,,,,,,,,,,,,,,,,,,,,,,,,,,,,,,,,,,,,,,,,"
18:45  -  18:59,135076018,Northern,Kasama,Rural,Female,2,,D,Secondary,Christian,Employed for cash,D,Under K 849,,25 – 34,"10:00  -  10:14,13:30  -  13:44,18:30  -  18:44,18:45  -  18:59,19:00  -  19:14,19:15  -  19:29,20:00  -  20:14,20:15  -  20:29,,,,,,,,,,,,,,,,,,,,,,,,,,,,,,,,,,,,,,,,,,,,,,,,,,,,,,,,,,,,,,,,,,,,,,,,,,,,,,,,,,,,,,,,"
18:30  -  18:44,135076018,Northern,Kasama,Rural,Female,2,,D,Secondary,Christian,Employed for cash,D,Under K 849,,25 – 34,"10:00  -  10:14,13:30  -  13:44,18:30  -  18:44,18:45  -  18:59,19:00  -  19:14,19:15  -  19:29,20:00  -  20:14,20:15  -  20:29,,,,,,,,,,,,,,,,,,,,,,,,,,,,,,,,,,,,,,,,,,,,,,,,,,,,,,,,,,,,,,,,,,,,,,,,,,,,,,,,,,,,,,,,"
10:00  -  10:14,135076018,Northern,Kasama,Rural,Female,2,,D,Secondary,Christian,Employed for cash,D,Under K 849,,25 – 34,"10:00  -  10:14,13:30  -  13:44,18:30  -  18:44,18:45  -  18:59,19:00  -  19:14,19:15  -  19:29,20:00  -  20:14,20:15  -  20:29,,,,,,,,,,,,,,,,,,,,,,,,,,,,,,,,,,,,,,,,,,,,,,,,,,,,,,,,,,,,,,,,,,,,,,,,,,,,,,,,,,,,,,,,"
16:15  -  16:29,134846719,Northern,Kasama,Urban,Female,1,,D,Primary,Christian,Not employed,D,Under K 849,,25 – 34,"10:30  -  10:44,16:15  -  16:29,20:30  -  20:44,,,,,,,,,,,,,,,,,,,,,,,,,,,,,,,,,,,,,,,,,,,,,,,,,,,,,,,,,,,,,,,,,,,,,,,,,,,,,,,,,,,,,,,,,,,,,"
20:30  -  20:44,134846719,Northern,Kasama,Urban,Female,1,,D,Primary,Christian,Not employed,D,Under K 849,,25 – 34,"10:30  -  10:44,16:15  -  16:29,20:30  -  20:44,,,,,,,,,,,,,,,,,,,,,,,,,,,,,,,,,,,,,,,,,,,,,,,,,,,,,,,,,,,,,,,,,,,,,,,,,,,,,,,,,,,,,,,,,,,,,"
10:30  -  10:44,134846719,Northern,Kasama,Urban,Female,1,,D,Primary,Christian,Not employed,D,Under K 849,,25 – 34,"10:30  -  10:44,16:15  -  16:29,20:30  -  20:44,,,,,,,,,,,,,,,,,,,,,,,,,,,,,,,,,,,,,,,,,,,,,,,,,,,,,,,,,,,,,,,,,,,,,,,,,,,,,,,,,,,,,,,,,,,,,"
23:15  -  23:29,134846720,Northern,Kasama,Urban,Male,1,,D,Primary,Christian,Employed for cash,D,Under K 849,,35 – 44,"5:00  -  5:14,17:15  -  17:29,21:00  -  21:14,23:15  -  23:29,,,,,,,,,,,,,,,,,,,,,,,,,,,,,,,,,,,,,,,,,,,,,,,,,,,,,,,,,,,,,,,,,,,,,,,,,,,,,,,,,,,,,,,,,,,,"
21:00  -  21:14,134846720,Northern,Kasama,Urban,Male,1,,D,Primary,Christian,Employed for cash,D,Under K 849,,35 – 44,"5:00  -  5:14,17:15  -  17:29,21:00  -  21:14,23:15  -  23:29,,,,,,,,,,,,,,,,,,,,,,,,,,,,,,,,,,,,,,,,,,,,,,,,,,,,,,,,,,,,,,,,,,,,,,,,,,,,,,,,,,,,,,,,,,,,"
5:00  -  5:14,134846720,Northern,Kasama,Urban,Male,1,,D,Primary,Christian,Employed for cash,D,Under K 849,,35 – 44,"5:00  -  5:14,17:15  -  17:29,21:00  -  21:14,23:15  -  23:29,,,,,,,,,,,,,,,,,,,,,,,,,,,,,,,,,,,,,,,,,,,,,,,,,,,,,,,,,,,,,,,,,,,,,,,,,,,,,,,,,,,,,,,,,,,,"
17:15  -  17:29,134846720,Northern,Kasama,Urban,Male,1,,D,Primary,Christian,Employed for cash,D,Under K 849,,35 – 44,"5:00  -  5:14,17:15  -  17:29,21:00  -  21:14,23:15  -  23:29,,,,,,,,,,,,,,,,,,,,,,,,,,,,,,,,,,,,,,,,,,,,,,,,,,,,,,,,,,,,,,,,,,,,,,,,,,,,,,,,,,,,,,,,,,,,"
8:30  -  8:44,134711585,Northern,Mungwi,Urban,Female,3,,D,Secondary,Christian,Employed for cash,D,Under K 849,,25 – 34,"8:30  -  8:44,18:30  -  18:44,20:00  -  20:14,,,,,,,,,,,,,,,,,,,,,,,,,,,,,,,,,,,,,,,,,,,,,,,,,,,,,,,,,,,,,,,,,,,,,,,,,,,,,,,,,,,,,,,,,,,,,"
18:30  -  18:44,134711585,Northern,Mungwi,Urban,Female,3,,D,Secondary,Christian,Employed for cash,D,Under K 849,,25 – 34,"8:30  -  8:44,18:30  -  18:44,20:00  -  20:14,,,,,,,,,,,,,,,,,,,,,,,,,,,,,,,,,,,,,,,,,,,,,,,,,,,,,,,,,,,,,,,,,,,,,,,,,,,,,,,,,,,,,,,,,,,,,"
20:00  -  20:14,134711585,Northern,Mungwi,Urban,Female,3,,D,Secondary,Christian,Employed for cash,D,Under K 849,,25 – 34,"8:30  -  8:44,18:30  -  18:44,20:00  -  20:14,,,,,,,,,,,,,,,,,,,,,,,,,,,,,,,,,,,,,,,,,,,,,,,,,,,,,,,,,,,,,,,,,,,,,,,,,,,,,,,,,,,,,,,,,,,,,"
16:15  -  16:29,134817316,Northern,Mungwi,Rural,Male,1,,D,Secondary,Christian,Not employed,D,Under K 849,,15 – 18,"16:00  -  16:14,16:15  -  16:29,16:30  -  16:44,16:45  -  16:59,,,,,,,,,,,,,,,,,,,,,,,,,,,,,,,,,,,,,,,,,,,,,,,,,,,,,,,,,,,,,,,,,,,,,,,,,,,,,,,,,,,,,,,,,,,,"
16:45  -  16:59,134817316,Northern,Mungwi,Rural,Male,1,,D,Secondary,Christian,Not employed,D,Under K 849,,15 – 18,"16:00  -  16:14,16:15  -  16:29,16:30  -  16:44,16:45  -  16:59,,,,,,,,,,,,,,,,,,,,,,,,,,,,,,,,,,,,,,,,,,,,,,,,,,,,,,,,,,,,,,,,,,,,,,,,,,,,,,,,,,,,,,,,,,,,"
16:00  -  16:14,134817316,Northern,Mungwi,Rural,Male,1,,D,Secondary,Christian,Not employed,D,Under K 849,,15 – 18,"16:00  -  16:14,16:15  -  16:29,16:30  -  16:44,16:45  -  16:59,,,,,,,,,,,,,,,,,,,,,,,,,,,,,,,,,,,,,,,,,,,,,,,,,,,,,,,,,,,,,,,,,,,,,,,,,,,,,,,,,,,,,,,,,,,,"
16:30  -  16:44,134817316,Northern,Mungwi,Rural,Male,1,,D,Secondary,Christian,Not employed,D,Under K 849,,15 – 18,"16:00  -  16:14,16:15  -  16:29,16:30  -  16:44,16:45  -  16:59,,,,,,,,,,,,,,,,,,,,,,,,,,,,,,,,,,,,,,,,,,,,,,,,,,,,,,,,,,,,,,,,,,,,,,,,,,,,,,,,,,,,,,,,,,,,"
21:00  -  21:14,134952737,Northern,Kasama,Rural,Female,1,,D,Secondary,Christian,Not employed,D,Under K 849,,15 – 18,"8:00  -  8:14,15:30  -  15:44,21:00  -  21:14,,,,,,,,,,,,,,,,,,,,,,,,,,,,,,,,,,,,,,,,,,,,,,,,,,,,,,,,,,,,,,,,,,,,,,,,,,,,,,,,,,,,,,,,,,,,,"
8:00  -  8:14,134952737,Northern,Kasama,Rural,Female,1,,D,Secondary,Christian,Not employed,D,Under K 849,,15 – 18,"8:00  -  8:14,15:30  -  15:44,21:00  -  21:14,,,,,,,,,,,,,,,,,,,,,,,,,,,,,,,,,,,,,,,,,,,,,,,,,,,,,,,,,,,,,,,,,,,,,,,,,,,,,,,,,,,,,,,,,,,,,"
15:30  -  15:44,134952737,Northern,Kasama,Rural,Female,1,,D,Secondary,Christian,Not employed,D,Under K 849,,15 – 18,"8:00  -  8:14,15:30  -  15:44,21:00  -  21:14,,,,,,,,,,,,,,,,,,,,,,,,,,,,,,,,,,,,,,,,,,,,,,,,,,,,,,,,,,,,,,,,,,,,,,,,,,,,,,,,,,,,,,,,,,,,,"
15:15  -  15:29,134914394,Northern,Kasama,Rural,Female,2,,D,Primary,Christian,Employed for cash,D,Under K 849,,35 – 44,"11:00  -  11:14,15:15  -  15:29,18:30  -  18:44,20:45  -  20:59,,,,,,,,,,,,,,,,,,,,,,,,,,,,,,,,,,,,,,,,,,,,,,,,,,,,,,,,,,,,,,,,,,,,,,,,,,,,,,,,,,,,,,,,,,,,"
11:00  -  11:14,134914394,Northern,Kasama,Rural,Female,2,,D,Primary,Christian,Employed for cash,D,Under K 849,,35 – 44,"11:00  -  11:14,15:15  -  15:29,18:30  -  18:44,20:45  -  20:59,,,,,,,,,,,,,,,,,,,,,,,,,,,,,,,,,,,,,,,,,,,,,,,,,,,,,,,,,,,,,,,,,,,,,,,,,,,,,,,,,,,,,,,,,,,,"
18:30  -  18:44,134914394,Northern,Kasama,Rural,Female,2,,D,Primary,Christian,Employed for cash,D,Under K 849,,35 – 44,"11:00  -  11:14,15:15  -  15:29,18:30  -  18:44,20:45  -  20:59,,,,,,,,,,,,,,,,,,,,,,,,,,,,,,,,,,,,,,,,,,,,,,,,,,,,,,,,,,,,,,,,,,,,,,,,,,,,,,,,,,,,,,,,,,,,"
20:45  -  20:59,134914394,Northern,Kasama,Rural,Female,2,,D,Primary,Christian,Employed for cash,D,Under K 849,,35 – 44,"11:00  -  11:14,15:15  -  15:29,18:30  -  18:44,20:45  -  20:59,,,,,,,,,,,,,,,,,,,,,,,,,,,,,,,,,,,,,,,,,,,,,,,,,,,,,,,,,,,,,,,,,,,,,,,,,,,,,,,,,,,,,,,,,,,,"
15:15  -  15:29,134754151,Northern,Mungwi,Rural,Male,1,,D,Primary,Christian,Employed for cash,D,Under K 849,,25 – 34,"15:00  -  15:14,15:15  -  15:29,15:30  -  15:44,15:45  -  15:59,16:00  -  16:14,,,,,,,,,,,,,,,,,,,,,,,,,,,,,,,,,,,,,,,,,,,,,,,,,,,,,,,,,,,,,,,,,,,,,,,,,,,,,,,,,,,,,,,,,,,"
15:45  -  15:59,134754151,Northern,Mungwi,Rural,Male,1,,D,Primary,Christian,Employed for cash,D,Under K 849,,25 – 34,"15:00  -  15:14,15:15  -  15:29,15:30  -  15:44,15:45  -  15:59,16:00  -  16:14,,,,,,,,,,,,,,,,,,,,,,,,,,,,,,,,,,,,,,,,,,,,,,,,,,,,,,,,,,,,,,,,,,,,,,,,,,,,,,,,,,,,,,,,,,,"
15:00  -  15:14,134754151,Northern,Mungwi,Rural,Male,1,,D,Primary,Christian,Employed for cash,D,Under K 849,,25 – 34,"15:00  -  15:14,15:15  -  15:29,15:30  -  15:44,15:45  -  15:59,16:00  -  16:14,,,,,,,,,,,,,,,,,,,,,,,,,,,,,,,,,,,,,,,,,,,,,,,,,,,,,,,,,,,,,,,,,,,,,,,,,,,,,,,,,,,,,,,,,,,"
16:00  -  16:14,134754151,Northern,Mungwi,Rural,Male,1,,D,Primary,Christian,Employed for cash,D,Under K 849,,25 – 34,"15:00  -  15:14,15:15  -  15:29,15:30  -  15:44,15:45  -  15:59,16:00  -  16:14,,,,,,,,,,,,,,,,,,,,,,,,,,,,,,,,,,,,,,,,,,,,,,,,,,,,,,,,,,,,,,,,,,,,,,,,,,,,,,,,,,,,,,,,,,,"
15:30  -  15:44,134754151,Northern,Mungwi,Rural,Male,1,,D,Primary,Christian,Employed for cash,D,Under K 849,,25 – 34,"15:00  -  15:14,15:15  -  15:29,15:30  -  15:44,15:45  -  15:59,16:00  -  16:14,,,,,,,,,,,,,,,,,,,,,,,,,,,,,,,,,,,,,,,,,,,,,,,,,,,,,,,,,,,,,,,,,,,,,,,,,,,,,,,,,,,,,,,,,,,"
20:45  -  20:59,134711515,Northern,Mungwi,Urban,Male,1,,D,Secondary,Christian,Employed for cash,D,Under K 849,,25 – 34,"19:45  -  19:59,20:00  -  20:14,20:15  -  20:29,20:30  -  20:44,20:45  -  20:59,21:00  -  21:14,21:15  -  21:29,21:30  -  21:44,,,,,,,,,,,,,,,,,,,,,,,,,,,,,,,,,,,,,,,,,,,,,,,,,,,,,,,,,,,,,,,,,,,,,,,,,,,,,,,,,,,,,,,,"
21:15  -  21:29,134711515,Northern,Mungwi,Urban,Male,1,,D,Secondary,Christian,Employed for cash,D,Under K 849,,25 – 34,"19:45  -  19:59,20:00  -  20:14,20:15  -  20:29,20:30  -  20:44,20:45  -  20:59,21:00  -  21:14,21:15  -  21:29,21:30  -  21:44,,,,,,,,,,,,,,,,,,,,,,,,,,,,,,,,,,,,,,,,,,,,,,,,,,,,,,,,,,,,,,,,,,,,,,,,,,,,,,,,,,,,,,,,"
20:15  -  20:29,134711515,Northern,Mungwi,Urban,Male,1,,D,Secondary,Christian,Employed for cash,D,Under K 849,,25 – 34,"19:45  -  19:59,20:00  -  20:14,20:15  -  20:29,20:30  -  20:44,20:45  -  20:59,21:00  -  21:14,21:15  -  21:29,21:30  -  21:44,,,,,,,,,,,,,,,,,,,,,,,,,,,,,,,,,,,,,,,,,,,,,,,,,,,,,,,,,,,,,,,,,,,,,,,,,,,,,,,,,,,,,,,,"
20:00  -  20:14,134711515,Northern,Mungwi,Urban,Male,1,,D,Secondary,Christian,Employed for cash,D,Under K 849,,25 – 34,"19:45  -  19:59,20:00  -  20:14,20:15  -  20:29,20:30  -  20:44,20:45  -  20:59,21:00  -  21:14,21:15  -  21:29,21:30  -  21:44,,,,,,,,,,,,,,,,,,,,,,,,,,,,,,,,,,,,,,,,,,,,,,,,,,,,,,,,,,,,,,,,,,,,,,,,,,,,,,,,,,,,,,,,"
19:45  -  19:59,134711515,Northern,Mungwi,Urban,Male,1,,D,Secondary,Christian,Employed for cash,D,Under K 849,,25 – 34,"19:45  -  19:59,20:00  -  20:14,20:15  -  20:29,20:30  -  20:44,20:45  -  20:59,21:00  -  21:14,21:15  -  21:29,21:30  -  21:44,,,,,,,,,,,,,,,,,,,,,,,,,,,,,,,,,,,,,,,,,,,,,,,,,,,,,,,,,,,,,,,,,,,,,,,,,,,,,,,,,,,,,,,,"
20:30  -  20:44,134711515,Northern,Mungwi,Urban,Male,1,,D,Secondary,Christian,Employed for cash,D,Under K 849,,25 – 34,"19:45  -  19:59,20:00  -  20:14,20:15  -  20:29,20:30  -  20:44,20:45  -  20:59,21:00  -  21:14,21:15  -  21:29,21:30  -  21:44,,,,,,,,,,,,,,,,,,,,,,,,,,,,,,,,,,,,,,,,,,,,,,,,,,,,,,,,,,,,,,,,,,,,,,,,,,,,,,,,,,,,,,,,"
21:30  -  21:44,134711515,Northern,Mungwi,Urban,Male,1,,D,Secondary,Christian,Employed for cash,D,Under K 849,,25 – 34,"19:45  -  19:59,20:00  -  20:14,20:15  -  20:29,20:30  -  20:44,20:45  -  20:59,21:00  -  21:14,21:15  -  21:29,21:30  -  21:44,,,,,,,,,,,,,,,,,,,,,,,,,,,,,,,,,,,,,,,,,,,,,,,,,,,,,,,,,,,,,,,,,,,,,,,,,,,,,,,,,,,,,,,,"
21:00  -  21:14,134711515,Northern,Mungwi,Urban,Male,1,,D,Secondary,Christian,Employed for cash,D,Under K 849,,25 – 34,"19:45  -  19:59,20:00  -  20:14,20:15  -  20:29,20:30  -  20:44,20:45  -  20:59,21:00  -  21:14,21:15  -  21:29,21:30  -  21:44,,,,,,,,,,,,,,,,,,,,,,,,,,,,,,,,,,,,,,,,,,,,,,,,,,,,,,,,,,,,,,,,,,,,,,,,,,,,,,,,,,,,,,,,"
8:30  -  8:44,134763865,Northern,Mungwi,Rural,Male,1,,D,Secondary,Christian,Employed for cash,D,Under K 849,,25 – 34,"5:00  -  5:14,8:30  -  8:44,17:00  -  17:14,,,,,,,,,,,,,,,,,,,,,,,,,,,,,,,,,,,,,,,,,,,,,,,,,,,,,,,,,,,,,,,,,,,,,,,,,,,,,,,,,,,,,,,,,,,,,"
5:00  -  5:14,134763865,Northern,Mungwi,Rural,Male,1,,D,Secondary,Christian,Employed for cash,D,Under K 849,,25 – 34,"5:00  -  5:14,8:30  -  8:44,17:00  -  17:14,,,,,,,,,,,,,,,,,,,,,,,,,,,,,,,,,,,,,,,,,,,,,,,,,,,,,,,,,,,,,,,,,,,,,,,,,,,,,,,,,,,,,,,,,,,,,"
17:00  -  17:14,134763865,Northern,Mungwi,Rural,Male,1,,D,Secondary,Christian,Employed for cash,D,Under K 849,,25 – 34,"5:00  -  5:14,8:30  -  8:44,17:00  -  17:14,,,,,,,,,,,,,,,,,,,,,,,,,,,,,,,,,,,,,,,,,,,,,,,,,,,,,,,,,,,,,,,,,,,,,,,,,,,,,,,,,,,,,,,,,,,,,"
7:00  -  7:14,134844980,Northern,Kasama,Urban,Female,1,,D,Secondary,Christian,Not employed,D,Under K 849,,19 – 24,"6:45  -  6:59,7:00  -  7:14,7:15  -  7:29,7:30  -  7:44,7:45  -  7:59,8:00  -  8:14,,,,,,,,,,,,,,,,,,,,,,,,,,,,,,,,,,,,,,,,,,,,,,,,,,,,,,,,,,,,,,,,,,,,,,,,,,,,,,,,,,,,,,,,,,"
7:30  -  7:44,134844980,Northern,Kasama,Urban,Female,1,,D,Secondary,Christian,Not employed,D,Under K 849,,19 – 24,"6:45  -  6:59,7:00  -  7:14,7:15  -  7:29,7:30  -  7:44,7:45  -  7:59,8:00  -  8:14,,,,,,,,,,,,,,,,,,,,,,,,,,,,,,,,,,,,,,,,,,,,,,,,,,,,,,,,,,,,,,,,,,,,,,,,,,,,,,,,,,,,,,,,,,"
7:45  -  7:59,134844980,Northern,Kasama,Urban,Female,1,,D,Secondary,Christian,Not employed,D,Under K 849,,19 – 24,"6:45  -  6:59,7:00  -  7:14,7:15  -  7:29,7:30  -  7:44,7:45  -  7:59,8:00  -  8:14,,,,,,,,,,,,,,,,,,,,,,,,,,,,,,,,,,,,,,,,,,,,,,,,,,,,,,,,,,,,,,,,,,,,,,,,,,,,,,,,,,,,,,,,,,"
8:00  -  8:14,134844980,Northern,Kasama,Urban,Female,1,,D,Secondary,Christian,Not employed,D,Under K 849,,19 – 24,"6:45  -  6:59,7:00  -  7:14,7:15  -  7:29,7:30  -  7:44,7:45  -  7:59,8:00  -  8:14,,,,,,,,,,,,,,,,,,,,,,,,,,,,,,,,,,,,,,,,,,,,,,,,,,,,,,,,,,,,,,,,,,,,,,,,,,,,,,,,,,,,,,,,,,"
7:15  -  7:29,134844980,Northern,Kasama,Urban,Female,1,,D,Secondary,Christian,Not employed,D,Under K 849,,19 – 24,"6:45  -  6:59,7:00  -  7:14,7:15  -  7:29,7:30  -  7:44,7:45  -  7:59,8:00  -  8:14,,,,,,,,,,,,,,,,,,,,,,,,,,,,,,,,,,,,,,,,,,,,,,,,,,,,,,,,,,,,,,,,,,,,,,,,,,,,,,,,,,,,,,,,,,"
6:45  -  6:59,134844980,Northern,Kasama,Urban,Female,1,,D,Secondary,Christian,Not employed,D,Under K 849,,19 – 24,"6:45  -  6:59,7:00  -  7:14,7:15  -  7:29,7:30  -  7:44,7:45  -  7:59,8:00  -  8:14,,,,,,,,,,,,,,,,,,,,,,,,,,,,,,,,,,,,,,,,,,,,,,,,,,,,,,,,,,,,,,,,,,,,,,,,,,,,,,,,,,,,,,,,,,"
12:00  -  12:14,134912580,Northern,Kasama,Rural,Female,1,,D,Secondary,Christian,Not employed,D,Under K 849,,19 – 24,"8:00  -  8:14,8:15  -  8:29,8:30  -  8:44,8:45  -  8:59,12:00  -  12:14,12:15  -  12:29,12:30  -  12:44,12:45  -  12:59,,,,,,,,,,,,,,,,,,,,,,,,,,,,,,,,,,,,,,,,,,,,,,,,,,,,,,,,,,,,,,,,,,,,,,,,,,,,,,,,,,,,,,,,"
8:15  -  8:29,134912580,Northern,Kasama,Rural,Female,1,,D,Secondary,Christian,Not employed,D,Under K 849,,19 – 24,"8:00  -  8:14,8:15  -  8:29,8:30  -  8:44,8:45  -  8:59,12:00  -  12:14,12:15  -  12:29,12:30  -  12:44,12:45  -  12:59,,,,,,,,,,,,,,,,,,,,,,,,,,,,,,,,,,,,,,,,,,,,,,,,,,,,,,,,,,,,,,,,,,,,,,,,,,,,,,,,,,,,,,,,"
12:15  -  12:29,134912580,Northern,Kasama,Rural,Female,1,,D,Secondary,Christian,Not employed,D,Under K 849,,19 – 24,"8:00  -  8:14,8:15  -  8:29,8:30  -  8:44,8:45  -  8:59,12:00  -  12:14,12:15  -  12:29,12:30  -  12:44,12:45  -  12:59,,,,,,,,,,,,,,,,,,,,,,,,,,,,,,,,,,,,,,,,,,,,,,,,,,,,,,,,,,,,,,,,,,,,,,,,,,,,,,,,,,,,,,,,"
8:00  -  8:14,134912580,Northern,Kasama,Rural,Female,1,,D,Secondary,Christian,Not employed,D,Under K 849,,19 – 24,"8:00  -  8:14,8:15  -  8:29,8:30  -  8:44,8:45  -  8:59,12:00  -  12:14,12:15  -  12:29,12:30  -  12:44,12:45  -  12:59,,,,,,,,,,,,,,,,,,,,,,,,,,,,,,,,,,,,,,,,,,,,,,,,,,,,,,,,,,,,,,,,,,,,,,,,,,,,,,,,,,,,,,,,"
12:45  -  12:59,134912580,Northern,Kasama,Rural,Female,1,,D,Secondary,Christian,Not employed,D,Under K 849,,19 – 24,"8:00  -  8:14,8:15  -  8:29,8:30  -  8:44,8:45  -  8:59,12:00  -  12:14,12:15  -  12:29,12:30  -  12:44,12:45  -  12:59,,,,,,,,,,,,,,,,,,,,,,,,,,,,,,,,,,,,,,,,,,,,,,,,,,,,,,,,,,,,,,,,,,,,,,,,,,,,,,,,,,,,,,,,"
8:30  -  8:44,134912580,Northern,Kasama,Rural,Female,1,,D,Secondary,Christian,Not employed,D,Under K 849,,19 – 24,"8:00  -  8:14,8:15  -  8:29,8:30  -  8:44,8:45  -  8:59,12:00  -  12:14,12:15  -  12:29,12:30  -  12:44,12:45  -  12:59,,,,,,,,,,,,,,,,,,,,,,,,,,,,,,,,,,,,,,,,,,,,,,,,,,,,,,,,,,,,,,,,,,,,,,,,,,,,,,,,,,,,,,,,"
8:45  -  8:59,134912580,Northern,Kasama,Rural,Female,1,,D,Secondary,Christian,Not employed,D,Under K 849,,19 – 24,"8:00  -  8:14,8:15  -  8:29,8:30  -  8:44,8:45  -  8:59,12:00  -  12:14,12:15  -  12:29,12:30  -  12:44,12:45  -  12:59,,,,,,,,,,,,,,,,,,,,,,,,,,,,,,,,,,,,,,,,,,,,,,,,,,,,,,,,,,,,,,,,,,,,,,,,,,,,,,,,,,,,,,,,"
12:30  -  12:44,134912580,Northern,Kasama,Rural,Female,1,,D,Secondary,Christian,Not employed,D,Under K 849,,19 – 24,"8:00  -  8:14,8:15  -  8:29,8:30  -  8:44,8:45  -  8:59,12:00  -  12:14,12:15  -  12:29,12:30  -  12:44,12:45  -  12:59,,,,,,,,,,,,,,,,,,,,,,,,,,,,,,,,,,,,,,,,,,,,,,,,,,,,,,,,,,,,,,,,,,,,,,,,,,,,,,,,,,,,,,,,"
11:00  -  11:14,134590200,Northern,Mungwi,Rural,Male,2,,D,Secondary,Christian,Not employed,D,Under K 849,,19 – 24,"11:00  -  11:14,,,,,,,,,,,,,,,,,,,,,,,,,,,,,,,,,,,,,,,,,,,,,,,,,,,,,,,,,,,,,,,,,,,,,,,,,,,,,,,,,,,,,,,,,,,,,,,"
14:45  -  14:59,134623255,Northern,Mungwi,Rural,Female,1,,D,Primary,Christian,Employed for cash,D,Under K 849,,35 – 44,"14:15  -  14:29,14:30  -  14:44,14:45  -  14:59,15:15  -  15:29,,,,,,,,,,,,,,,,,,,,,,,,,,,,,,,,,,,,,,,,,,,,,,,,,,,,,,,,,,,,,,,,,,,,,,,,,,,,,,,,,,,,,,,,,,,,"
14:30  -  14:44,134623255,Northern,Mungwi,Rural,Female,1,,D,Primary,Christian,Employed for cash,D,Under K 849,,35 – 44,"14:15  -  14:29,14:30  -  14:44,14:45  -  14:59,15:15  -  15:29,,,,,,,,,,,,,,,,,,,,,,,,,,,,,,,,,,,,,,,,,,,,,,,,,,,,,,,,,,,,,,,,,,,,,,,,,,,,,,,,,,,,,,,,,,,,"
15:15  -  15:29,134623255,Northern,Mungwi,Rural,Female,1,,D,Primary,Christian,Employed for cash,D,Under K 849,,35 – 44,"14:15  -  14:29,14:30  -  14:44,14:45  -  14:59,15:15  -  15:29,,,,,,,,,,,,,,,,,,,,,,,,,,,,,,,,,,,,,,,,,,,,,,,,,,,,,,,,,,,,,,,,,,,,,,,,,,,,,,,,,,,,,,,,,,,,"
14:15  -  14:29,134623255,Northern,Mungwi,Rural,Female,1,,D,Primary,Christian,Employed for cash,D,Under K 849,,35 – 44,"14:15  -  14:29,14:30  -  14:44,14:45  -  14:59,15:15  -  15:29,,,,,,,,,,,,,,,,,,,,,,,,,,,,,,,,,,,,,,,,,,,,,,,,,,,,,,,,,,,,,,,,,,,,,,,,,,,,,,,,,,,,,,,,,,,,"
20:45  -  20:59,134624311,Northern,Mungwi,Rural,Male,1,,D,Secondary,Christian,Employed for cash,D,Under K 849,,35 – 44,"20:15  -  20:29,20:45  -  20:59,21:00  -  21:14,21:15  -  21:29,21:30  -  21:44,,,,,,,,,,,,,,,,,,,,,,,,,,,,,,,,,,,,,,,,,,,,,,,,,,,,,,,,,,,,,,,,,,,,,,,,,,,,,,,,,,,,,,,,,,,"
21:15  -  21:29,134624311,Northern,Mungwi,Rural,Male,1,,D,Secondary,Christian,Employed for cash,D,Under K 849,,35 – 44,"20:15  -  20:29,20:45  -  20:59,21:00  -  21:14,21:15  -  21:29,21:30  -  21:44,,,,,,,,,,,,,,,,,,,,,,,,,,,,,,,,,,,,,,,,,,,,,,,,,,,,,,,,,,,,,,,,,,,,,,,,,,,,,,,,,,,,,,,,,,,"
20:15  -  20:29,134624311,Northern,Mungwi,Rural,Male,1,,D,Secondary,Christian,Employed for cash,D,Under K 849,,35 – 44,"20:15  -  20:29,20:45  -  20:59,21:00  -  21:14,21:15  -  21:29,21:30  -  21:44,,,,,,,,,,,,,,,,,,,,,,,,,,,,,,,,,,,,,,,,,,,,,,,,,,,,,,,,,,,,,,,,,,,,,,,,,,,,,,,,,,,,,,,,,,,"
21:30  -  21:44,134624311,Northern,Mungwi,Rural,Male,1,,D,Secondary,Christian,Employed for cash,D,Under K 849,,35 – 44,"20:15  -  20:29,20:45  -  20:59,21:00  -  21:14,21:15  -  21:29,21:30  -  21:44,,,,,,,,,,,,,,,,,,,,,,,,,,,,,,,,,,,,,,,,,,,,,,,,,,,,,,,,,,,,,,,,,,,,,,,,,,,,,,,,,,,,,,,,,,,"
21:00  -  21:14,134624311,Northern,Mungwi,Rural,Male,1,,D,Secondary,Christian,Employed for cash,D,Under K 849,,35 – 44,"20:15  -  20:29,20:45  -  20:59,21:00  -  21:14,21:15  -  21:29,21:30  -  21:44,,,,,,,,,,,,,,,,,,,,,,,,,,,,,,,,,,,,,,,,,,,,,,,,,,,,,,,,,,,,,,,,,,,,,,,,,,,,,,,,,,,,,,,,,,,"
5:15  -  5:29,134624313,Northern,Mungwi,Rural,Female,1,,D,Secondary,Christian,Employed for cash,D,Under K 849,,19 – 24,"4:45  -  4:59,5:00  -  5:14,5:15  -  5:29,5:30  -  5:44,,,,,,,,,,,,,,,,,,,,,,,,,,,,,,,,,,,,,,,,,,,,,,,,,,,,,,,,,,,,,,,,,,,,,,,,,,,,,,,,,,,,,,,,,,,,"
4:45  -  4:59,134624313,Northern,Mungwi,Rural,Female,1,,D,Secondary,Christian,Employed for cash,D,Under K 849,,19 – 24,"4:45  -  4:59,5:00  -  5:14,5:15  -  5:29,5:30  -  5:44,,,,,,,,,,,,,,,,,,,,,,,,,,,,,,,,,,,,,,,,,,,,,,,,,,,,,,,,,,,,,,,,,,,,,,,,,,,,,,,,,,,,,,,,,,,,"
5:00  -  5:14,134624313,Northern,Mungwi,Rural,Female,1,,D,Secondary,Christian,Employed for cash,D,Under K 849,,19 – 24,"4:45  -  4:59,5:00  -  5:14,5:15  -  5:29,5:30  -  5:44,,,,,,,,,,,,,,,,,,,,,,,,,,,,,,,,,,,,,,,,,,,,,,,,,,,,,,,,,,,,,,,,,,,,,,,,,,,,,,,,,,,,,,,,,,,,"
5:30  -  5:44,134624313,Northern,Mungwi,Rural,Female,1,,D,Secondary,Christian,Employed for cash,D,Under K 849,,19 – 24,"4:45  -  4:59,5:00  -  5:14,5:15  -  5:29,5:30  -  5:44,,,,,,,,,,,,,,,,,,,,,,,,,,,,,,,,,,,,,,,,,,,,,,,,,,,,,,,,,,,,,,,,,,,,,,,,,,,,,,,,,,,,,,,,,,,,"
5:00  -  5:14,134624357,Northern,Mungwi,Rural,Male,2,,D,Secondary,Christian,Employed for cash,D,Under K 849,,25 – 34,"5:00  -  5:14,12:15  -  12:29,,,,,,,,,,,,,,,,,,,,,,,,,,,,,,,,,,,,,,,,,,,,,,,,,,,,,,,,,,,,,,,,,,,,,,,,,,,,,,,,,,,,,,,,,,,,,,"
12:15  -  12:29,134624357,Northern,Mungwi,Rural,Male,2,,D,Secondary,Christian,Employed for cash,D,Under K 849,,25 – 34,"5:00  -  5:14,12:15  -  12:29,,,,,,,,,,,,,,,,,,,,,,,,,,,,,,,,,,,,,,,,,,,,,,,,,,,,,,,,,,,,,,,,,,,,,,,,,,,,,,,,,,,,,,,,,,,,,,"
16:45  -  16:59,134624361,Northern,Mungwi,Rural,Female,1,,D,Secondary,Christian,Not employed,D,Under K 849,,25 – 34,"10:00  -  10:14,16:45  -  16:59,20:45  -  20:59,,,,,,,,,,,,,,,,,,,,,,,,,,,,,,,,,,,,,,,,,,,,,,,,,,,,,,,,,,,,,,,,,,,,,,,,,,,,,,,,,,,,,,,,,,,,,"
20:45  -  20:59,134624361,Northern,Mungwi,Rural,Female,1,,D,Secondary,Christian,Not employed,D,Under K 849,,25 – 34,"10:00  -  10:14,16:45  -  16:59,20:45  -  20:59,,,,,,,,,,,,,,,,,,,,,,,,,,,,,,,,,,,,,,,,,,,,,,,,,,,,,,,,,,,,,,,,,,,,,,,,,,,,,,,,,,,,,,,,,,,,,"
10:00  -  10:14,134624361,Northern,Mungwi,Rural,Female,1,,D,Secondary,Christian,Not employed,D,Under K 849,,25 – 34,"10:00  -  10:14,16:45  -  16:59,20:45  -  20:59,,,,,,,,,,,,,,,,,,,,,,,,,,,,,,,,,,,,,,,,,,,,,,,,,,,,,,,,,,,,,,,,,,,,,,,,,,,,,,,,,,,,,,,,,,,,,"
19:15  -  19:29,134660385,Northern,Mungwi,Rural,Male,1,,D,Primary,Christian,Not employed,D,Under K 849,,35 – 44,"18:15  -  18:29,18:30  -  18:44,18:45  -  18:59,19:00  -  19:14,19:15  -  19:29,19:30  -  19:44,19:45  -  19:59,20:00  -  20:14,20:15  -  20:29,,,,,,,,,,,,,,,,,,,,,,,,,,,,,,,,,,,,,,,,,,,,,,,,,,,,,,,,,,,,,,,,,,,,,,,,,,,,,,,,,,,,,,,"
19:00  -  19:14,134660385,Northern,Mungwi,Rural,Male,1,,D,Primary,Christian,Not employed,D,Under K 849,,35 – 44,"18:15  -  18:29,18:30  -  18:44,18:45  -  18:59,19:00  -  19:14,19:15  -  19:29,19:30  -  19:44,19:45  -  19:59,20:00  -  20:14,20:15  -  20:29,,,,,,,,,,,,,,,,,,,,,,,,,,,,,,,,,,,,,,,,,,,,,,,,,,,,,,,,,,,,,,,,,,,,,,,,,,,,,,,,,,,,,,,"
20:00  -  20:14,134660385,Northern,Mungwi,Rural,Male,1,,D,Primary,Christian,Not employed,D,Under K 849,,35 – 44,"18:15  -  18:29,18:30  -  18:44,18:45  -  18:59,19:00  -  19:14,19:15  -  19:29,19:30  -  19:44,19:45  -  19:59,20:00  -  20:14,20:15  -  20:29,,,,,,,,,,,,,,,,,,,,,,,,,,,,,,,,,,,,,,,,,,,,,,,,,,,,,,,,,,,,,,,,,,,,,,,,,,,,,,,,,,,,,,,"
19:45  -  19:59,134660385,Northern,Mungwi,Rural,Male,1,,D,Primary,Christian,Not employed,D,Under K 849,,35 – 44,"18:15  -  18:29,18:30  -  18:44,18:45  -  18:59,19:00  -  19:14,19:15  -  19:29,19:30  -  19:44,19:45  -  19:59,20:00  -  20:14,20:15  -  20:29,,,,,,,,,,,,,,,,,,,,,,,,,,,,,,,,,,,,,,,,,,,,,,,,,,,,,,,,,,,,,,,,,,,,,,,,,,,,,,,,,,,,,,,"
20:15  -  20:29,134660385,Northern,Mungwi,Rural,Male,1,,D,Primary,Christian,Not employed,D,Under K 849,,35 – 44,"18:15  -  18:29,18:30  -  18:44,18:45  -  18:59,19:00  -  19:14,19:15  -  19:29,19:30  -  19:44,19:45  -  19:59,20:00  -  20:14,20:15  -  20:29,,,,,,,,,,,,,,,,,,,,,,,,,,,,,,,,,,,,,,,,,,,,,,,,,,,,,,,,,,,,,,,,,,,,,,,,,,,,,,,,,,,,,,,"
18:15  -  18:29,134660385,Northern,Mungwi,Rural,Male,1,,D,Primary,Christian,Not employed,D,Under K 849,,35 – 44,"18:15  -  18:29,18:30  -  18:44,18:45  -  18:59,19:00  -  19:14,19:15  -  19:29,19:30  -  19:44,19:45  -  19:59,20:00  -  20:14,20:15  -  20:29,,,,,,,,,,,,,,,,,,,,,,,,,,,,,,,,,,,,,,,,,,,,,,,,,,,,,,,,,,,,,,,,,,,,,,,,,,,,,,,,,,,,,,,"
19:30  -  19:44,134660385,Northern,Mungwi,Rural,Male,1,,D,Primary,Christian,Not employed,D,Under K 849,,35 – 44,"18:15  -  18:29,18:30  -  18:44,18:45  -  18:59,19:00  -  19:14,19:15  -  19:29,19:30  -  19:44,19:45  -  19:59,20:00  -  20:14,20:15  -  20:29,,,,,,,,,,,,,,,,,,,,,,,,,,,,,,,,,,,,,,,,,,,,,,,,,,,,,,,,,,,,,,,,,,,,,,,,,,,,,,,,,,,,,,,"
18:45  -  18:59,134660385,Northern,Mungwi,Rural,Male,1,,D,Primary,Christian,Not employed,D,Under K 849,,35 – 44,"18:15  -  18:29,18:30  -  18:44,18:45  -  18:59,19:00  -  19:14,19:15  -  19:29,19:30  -  19:44,19:45  -  19:59,20:00  -  20:14,20:15  -  20:29,,,,,,,,,,,,,,,,,,,,,,,,,,,,,,,,,,,,,,,,,,,,,,,,,,,,,,,,,,,,,,,,,,,,,,,,,,,,,,,,,,,,,,,"
18:30  -  18:44,134660385,Northern,Mungwi,Rural,Male,1,,D,Primary,Christian,Not employed,D,Under K 849,,35 – 44,"18:15  -  18:29,18:30  -  18:44,18:45  -  18:59,19:00  -  19:14,19:15  -  19:29,19:30  -  19:44,19:45  -  19:59,20:00  -  20:14,20:15  -  20:29,,,,,,,,,,,,,,,,,,,,,,,,,,,,,,,,,,,,,,,,,,,,,,,,,,,,,,,,,,,,,,,,,,,,,,,,,,,,,,,,,,,,,,,"
19:15  -  19:29,134762504,Northern,Mungwi,Urban,Female,2,,D,Secondary,Christian,Employed for cash,D,K 850-K 1674,,25 – 34,"19:00  -  19:14,19:15  -  19:29,19:30  -  19:44,19:45  -  19:59,20:00  -  20:14,,,,,,,,,,,,,,,,,,,,,,,,,,,,,,,,,,,,,,,,,,,,,,,,,,,,,,,,,,,,,,,,,,,,,,,,,,,,,,,,,,,,,,,,,,,"
19:00  -  19:14,134762504,Northern,Mungwi,Urban,Female,2,,D,Secondary,Christian,Employed for cash,D,K 850-K 1674,,25 – 34,"19:00  -  19:14,19:15  -  19:29,19:30  -  19:44,19:45  -  19:59,20:00  -  20:14,,,,,,,,,,,,,,,,,,,,,,,,,,,,,,,,,,,,,,,,,,,,,,,,,,,,,,,,,,,,,,,,,,,,,,,,,,,,,,,,,,,,,,,,,,,"
20:00  -  20:14,134762504,Northern,Mungwi,Urban,Female,2,,D,Secondary,Christian,Employed for cash,D,K 850-K 1674,,25 – 34,"19:00  -  19:14,19:15  -  19:29,19:30  -  19:44,19:45  -  19:59,20:00  -  20:14,,,,,,,,,,,,,,,,,,,,,,,,,,,,,,,,,,,,,,,,,,,,,,,,,,,,,,,,,,,,,,,,,,,,,,,,,,,,,,,,,,,,,,,,,,,"
19:45  -  19:59,134762504,Northern,Mungwi,Urban,Female,2,,D,Secondary,Christian,Employed for cash,D,K 850-K 1674,,25 – 34,"19:00  -  19:14,19:15  -  19:29,19:30  -  19:44,19:45  -  19:59,20:00  -  20:14,,,,,,,,,,,,,,,,,,,,,,,,,,,,,,,,,,,,,,,,,,,,,,,,,,,,,,,,,,,,,,,,,,,,,,,,,,,,,,,,,,,,,,,,,,,"
19:30  -  19:44,134762504,Northern,Mungwi,Urban,Female,2,,D,Secondary,Christian,Employed for cash,D,K 850-K 1674,,25 – 34,"19:00  -  19:14,19:15  -  19:29,19:30  -  19:44,19:45  -  19:59,20:00  -  20:14,,,,,,,,,,,,,,,,,,,,,,,,,,,,,,,,,,,,,,,,,,,,,,,,,,,,,,,,,,,,,,,,,,,,,,,,,,,,,,,,,,,,,,,,,,,"
8:15  -  8:29,134660386,Northern,Mungwi,Rural,Male,2,,D,Secondary,Christian,Not employed,D,K 850-K 1674,,15 – 18,"8:00  -  8:14,8:15  -  8:29,8:30  -  8:44,8:45  -  8:59,9:00  -  9:14,9:15  -  9:29,9:30  -  9:44,,,,,,,,,,,,,,,,,,,,,,,,,,,,,,,,,,,,,,,,,,,,,,,,,,,,,,,,,,,,,,,,,,,,,,,,,,,,,,,,,,,,,,,,,"
8:00  -  8:14,134660386,Northern,Mungwi,Rural,Male,2,,D,Secondary,Christian,Not employed,D,K 850-K 1674,,15 – 18,"8:00  -  8:14,8:15  -  8:29,8:30  -  8:44,8:45  -  8:59,9:00  -  9:14,9:15  -  9:29,9:30  -  9:44,,,,,,,,,,,,,,,,,,,,,,,,,,,,,,,,,,,,,,,,,,,,,,,,,,,,,,,,,,,,,,,,,,,,,,,,,,,,,,,,,,,,,,,,,"
9:00  -  9:14,134660386,Northern,Mungwi,Rural,Male,2,,D,Secondary,Christian,Not employed,D,K 850-K 1674,,15 – 18,"8:00  -  8:14,8:15  -  8:29,8:30  -  8:44,8:45  -  8:59,9:00  -  9:14,9:15  -  9:29,9:30  -  9:44,,,,,,,,,,,,,,,,,,,,,,,,,,,,,,,,,,,,,,,,,,,,,,,,,,,,,,,,,,,,,,,,,,,,,,,,,,,,,,,,,,,,,,,,,"
8:30  -  8:44,134660386,Northern,Mungwi,Rural,Male,2,,D,Secondary,Christian,Not employed,D,K 850-K 1674,,15 – 18,"8:00  -  8:14,8:15  -  8:29,8:30  -  8:44,8:45  -  8:59,9:00  -  9:14,9:15  -  9:29,9:30  -  9:44,,,,,,,,,,,,,,,,,,,,,,,,,,,,,,,,,,,,,,,,,,,,,,,,,,,,,,,,,,,,,,,,,,,,,,,,,,,,,,,,,,,,,,,,,"
8:45  -  8:59,134660386,Northern,Mungwi,Rural,Male,2,,D,Secondary,Christian,Not employed,D,K 850-K 1674,,15 – 18,"8:00  -  8:14,8:15  -  8:29,8:30  -  8:44,8:45  -  8:59,9:00  -  9:14,9:15  -  9:29,9:30  -  9:44,,,,,,,,,,,,,,,,,,,,,,,,,,,,,,,,,,,,,,,,,,,,,,,,,,,,,,,,,,,,,,,,,,,,,,,,,,,,,,,,,,,,,,,,,"
9:15  -  9:29,134660386,Northern,Mungwi,Rural,Male,2,,D,Secondary,Christian,Not employed,D,K 850-K 1674,,15 – 18,"8:00  -  8:14,8:15  -  8:29,8:30  -  8:44,8:45  -  8:59,9:00  -  9:14,9:15  -  9:29,9:30  -  9:44,,,,,,,,,,,,,,,,,,,,,,,,,,,,,,,,,,,,,,,,,,,,,,,,,,,,,,,,,,,,,,,,,,,,,,,,,,,,,,,,,,,,,,,,,"
9:30  -  9:44,134660386,Northern,Mungwi,Rural,Male,2,,D,Secondary,Christian,Not employed,D,K 850-K 1674,,15 – 18,"8:00  -  8:14,8:15  -  8:29,8:30  -  8:44,8:45  -  8:59,9:00  -  9:14,9:15  -  9:29,9:30  -  9:44,,,,,,,,,,,,,,,,,,,,,,,,,,,,,,,,,,,,,,,,,,,,,,,,,,,,,,,,,,,,,,,,,,,,,,,,,,,,,,,,,,,,,,,,,"
4:45  -  4:59,134600360,Northern,Mungwi,Rural,Male,1,,D,Primary,Christian,Employed for cash,D,"K 1675- K2,499",,45+,"4:45  -  4:59,9:30  -  9:44,,,,,,,,,,,,,,,,,,,,,,,,,,,,,,,,,,,,,,,,,,,,,,,,,,,,,,,,,,,,,,,,,,,,,,,,,,,,,,,,,,,,,,,,,,,,,,"
9:30  -  9:44,134600360,Northern,Mungwi,Rural,Male,1,,D,Primary,Christian,Employed for cash,D,"K 1675- K2,499",,45+,"4:45  -  4:59,9:30  -  9:44,,,,,,,,,,,,,,,,,,,,,,,,,,,,,,,,,,,,,,,,,,,,,,,,,,,,,,,,,,,,,,,,,,,,,,,,,,,,,,,,,,,,,,,,,,,,,,"
16:30  -  16:44,134817368,Northern,Mungwi,Rural,Male,2,,C2,Primary,Christian,Employed for cash,C2,"K 2,500   -  K 3,154",,45+,"16:30  -  16:44,,,,,,,,,,,,,,,,,,,,,,,,,,,,,,,,,,,,,,,,,,,,,,,,,,,,,,,,,,,,,,,,,,,,,,,,,,,,,,,,,,,,,,,,,,,,,,,"
16:30  -  16:44,135082803,Northern,Kasama,Urban,Female,2,,C2,Primary,Christian,Employed for cash,C2,"K 2,500   -  K 3,154",,45+,"16:00  -  16:14,16:15  -  16:29,16:30  -  16:44,16:45  -  16:59,17:00  -  17:14,,,,,,,,,,,,,,,,,,,,,,,,,,,,,,,,,,,,,,,,,,,,,,,,,,,,,,,,,,,,,,,,,,,,,,,,,,,,,,,,,,,,,,,,,,,"
16:15  -  16:29,135082803,Northern,Kasama,Urban,Female,2,,C2,Primary,Christian,Employed for cash,C2,"K 2,500   -  K 3,154",,45+,"16:00  -  16:14,16:15  -  16:29,16:30  -  16:44,16:45  -  16:59,17:00  -  17:14,,,,,,,,,,,,,,,,,,,,,,,,,,,,,,,,,,,,,,,,,,,,,,,,,,,,,,,,,,,,,,,,,,,,,,,,,,,,,,,,,,,,,,,,,,,"
16:00  -  16:14,135082803,Northern,Kasama,Urban,Female,2,,C2,Primary,Christian,Employed for cash,C2,"K 2,500   -  K 3,154",,45+,"16:00  -  16:14,16:15  -  16:29,16:30  -  16:44,16:45  -  16:59,17:00  -  17:14,,,,,,,,,,,,,,,,,,,,,,,,,,,,,,,,,,,,,,,,,,,,,,,,,,,,,,,,,,,,,,,,,,,,,,,,,,,,,,,,,,,,,,,,,,,"
16:45  -  16:59,135082803,Northern,Kasama,Urban,Female,2,,C2,Primary,Christian,Employed for cash,C2,"K 2,500   -  K 3,154",,45+,"16:00  -  16:14,16:15  -  16:29,16:30  -  16:44,16:45  -  16:59,17:00  -  17:14,,,,,,,,,,,,,,,,,,,,,,,,,,,,,,,,,,,,,,,,,,,,,,,,,,,,,,,,,,,,,,,,,,,,,,,,,,,,,,,,,,,,,,,,,,,"
17:00  -  17:14,135082803,Northern,Kasama,Urban,Female,2,,C2,Primary,Christian,Employed for cash,C2,"K 2,500   -  K 3,154",,45+,"16:00  -  16:14,16:15  -  16:29,16:30  -  16:44,16:45  -  16:59,17:00  -  17:14,,,,,,,,,,,,,,,,,,,,,,,,,,,,,,,,,,,,,,,,,,,,,,,,,,,,,,,,,,,,,,,,,,,,,,,,,,,,,,,,,,,,,,,,,,,"
11:30  -  11:44,134846138,Northern,Kasama,Urban,Male,2,,C2,Primary,Christian,Employed for cash,C2,"K 3,891  -  K 4,627",,35 – 44,"10:45  -  10:59,11:00  -  11:14,11:15  -  11:29,11:30  -  11:44,,,,,,,,,,,,,,,,,,,,,,,,,,,,,,,,,,,,,,,,,,,,,,,,,,,,,,,,,,,,,,,,,,,,,,,,,,,,,,,,,,,,,,,,,,,,"
11:00  -  11:14,134846138,Northern,Kasama,Urban,Male,2,,C2,Primary,Christian,Employed for cash,C2,"K 3,891  -  K 4,627",,35 – 44,"10:45  -  10:59,11:00  -  11:14,11:15  -  11:29,11:30  -  11:44,,,,,,,,,,,,,,,,,,,,,,,,,,,,,,,,,,,,,,,,,,,,,,,,,,,,,,,,,,,,,,,,,,,,,,,,,,,,,,,,,,,,,,,,,,,,"
11:15  -  11:29,134846138,Northern,Kasama,Urban,Male,2,,C2,Primary,Christian,Employed for cash,C2,"K 3,891  -  K 4,627",,35 – 44,"10:45  -  10:59,11:00  -  11:14,11:15  -  11:29,11:30  -  11:44,,,,,,,,,,,,,,,,,,,,,,,,,,,,,,,,,,,,,,,,,,,,,,,,,,,,,,,,,,,,,,,,,,,,,,,,,,,,,,,,,,,,,,,,,,,,"
10:45  -  10:59,134846138,Northern,Kasama,Urban,Male,2,,C2,Primary,Christian,Employed for cash,C2,"K 3,891  -  K 4,627",,35 – 44,"10:45  -  10:59,11:00  -  11:14,11:15  -  11:29,11:30  -  11:44,,,,,,,,,,,,,,,,,,,,,,,,,,,,,,,,,,,,,,,,,,,,,,,,,,,,,,,,,,,,,,,,,,,,,,,,,,,,,,,,,,,,,,,,,,,,"
19:15  -  19:29,134878488,Northern,Kasama,Rural,Female,1,,,Primary,Christian,Not employed,,No Income,,25 – 34,"10:00  -  10:14,19:15  -  19:29,21:00  -  21:14,,,,,,,,,,,,,,,,,,,,,,,,,,,,,,,,,,,,,,,,,,,,,,,,,,,,,,,,,,,,,,,,,,,,,,,,,,,,,,,,,,,,,,,,,,,,,"
21:00  -  21:14,134878488,Northern,Kasama,Rural,Female,1,,,Primary,Christian,Not employed,,No Income,,25 – 34,"10:00  -  10:14,19:15  -  19:29,21:00  -  21:14,,,,,,,,,,,,,,,,,,,,,,,,,,,,,,,,,,,,,,,,,,,,,,,,,,,,,,,,,,,,,,,,,,,,,,,,,,,,,,,,,,,,,,,,,,,,,"
10:00  -  10:14,134878488,Northern,Kasama,Rural,Female,1,,,Primary,Christian,Not employed,,No Income,,25 – 34,"10:00  -  10:14,19:15  -  19:29,21:00  -  21:14,,,,,,,,,,,,,,,,,,,,,,,,,,,,,,,,,,,,,,,,,,,,,,,,,,,,,,,,,,,,,,,,,,,,,,,,,,,,,,,,,,,,,,,,,,,,,"
20:00  -  20:14,134952743,Northern,Kasama,Rural,Female,2,,,Primary,Christian,Not employed,,No Income,,25 – 34,"8:00  -  8:14,14:15  -  14:29,20:00  -  20:14,,,,,,,,,,,,,,,,,,,,,,,,,,,,,,,,,,,,,,,,,,,,,,,,,,,,,,,,,,,,,,,,,,,,,,,,,,,,,,,,,,,,,,,,,,,,,"
14:15  -  14:29,134952743,Northern,Kasama,Rural,Female,2,,,Primary,Christian,Not employed,,No Income,,25 – 34,"8:00  -  8:14,14:15  -  14:29,20:00  -  20:14,,,,,,,,,,,,,,,,,,,,,,,,,,,,,,,,,,,,,,,,,,,,,,,,,,,,,,,,,,,,,,,,,,,,,,,,,,,,,,,,,,,,,,,,,,,,,"
8:00  -  8:14,134952743,Northern,Kasama,Rural,Female,2,,,Primary,Christian,Not employed,,No Income,,25 – 34,"8:00  -  8:14,14:15  -  14:29,20:00  -  20:14,,,,,,,,,,,,,,,,,,,,,,,,,,,,,,,,,,,,,,,,,,,,,,,,,,,,,,,,,,,,,,,,,,,,,,,,,,,,,,,,,,,,,,,,,,,,,"
18:00  -  18:14,134952741,Northern,Kasama,Rural,Female,2,,,Primary,Christian,Not employed,,No Income,,15 – 18,"9:00  -  9:14,13:30  -  13:44,18:00  -  18:14,,,,,,,,,,,,,,,,,,,,,,,,,,,,,,,,,,,,,,,,,,,,,,,,,,,,,,,,,,,,,,,,,,,,,,,,,,,,,,,,,,,,,,,,,,,,,"
13:30  -  13:44,134952741,Northern,Kasama,Rural,Female,2,,,Primary,Christian,Not employed,,No Income,,15 – 18,"9:00  -  9:14,13:30  -  13:44,18:00  -  18:14,,,,,,,,,,,,,,,,,,,,,,,,,,,,,,,,,,,,,,,,,,,,,,,,,,,,,,,,,,,,,,,,,,,,,,,,,,,,,,,,,,,,,,,,,,,,,"
9:00  -  9:14,134952741,Northern,Kasama,Rural,Female,2,,,Primary,Christian,Not employed,,No Income,,15 – 18,"9:00  -  9:14,13:30  -  13:44,18:00  -  18:14,,,,,,,,,,,,,,,,,,,,,,,,,,,,,,,,,,,,,,,,,,,,,,,,,,,,,,,,,,,,,,,,,,,,,,,,,,,,,,,,,,,,,,,,,,,,,"
14:00  -  14:14,134986986,Northern,Kasama,Rural,Female,2,,,Primary,Christian,Not employed,,No Income,,15 – 18,"10:00  -  10:14,14:00  -  14:14,20:00  -  20:14,,,,,,,,,,,,,,,,,,,,,,,,,,,,,,,,,,,,,,,,,,,,,,,,,,,,,,,,,,,,,,,,,,,,,,,,,,,,,,,,,,,,,,,,,,,,,"
10:00  -  10:14,134986986,Northern,Kasama,Rural,Female,2,,,Primary,Christian,Not employed,,No Income,,15 – 18,"10:00  -  10:14,14:00  -  14:14,20:00  -  20:14,,,,,,,,,,,,,,,,,,,,,,,,,,,,,,,,,,,,,,,,,,,,,,,,,,,,,,,,,,,,,,,,,,,,,,,,,,,,,,,,,,,,,,,,,,,,,"
20:00  -  20:14,134986986,Northern,Kasama,Rural,Female,2,,,Primary,Christian,Not employed,,No Income,,15 – 18,"10:00  -  10:14,14:00  -  14:14,20:00  -  20:14,,,,,,,,,,,,,,,,,,,,,,,,,,,,,,,,,,,,,,,,,,,,,,,,,,,,,,,,,,,,,,,,,,,,,,,,,,,,,,,,,,,,,,,,,,,,,"
16:30  -  16:44,134878489,Northern,Kasama,Rural,Female,2,,,Primary,Christian,Not employed,,No Income,,19 – 24,"11:00  -  11:14,14:00  -  14:14,16:30  -  16:44,20:00  -  20:14,21:15  -  21:29,,,,,,,,,,,,,,,,,,,,,,,,,,,,,,,,,,,,,,,,,,,,,,,,,,,,,,,,,,,,,,,,,,,,,,,,,,,,,,,,,,,,,,,,,,,"
14:00  -  14:14,134878489,Northern,Kasama,Rural,Female,2,,,Primary,Christian,Not employed,,No Income,,19 – 24,"11:00  -  11:14,14:00  -  14:14,16:30  -  16:44,20:00  -  20:14,21:15  -  21:29,,,,,,,,,,,,,,,,,,,,,,,,,,,,,,,,,,,,,,,,,,,,,,,,,,,,,,,,,,,,,,,,,,,,,,,,,,,,,,,,,,,,,,,,,,,"
21:15  -  21:29,134878489,Northern,Kasama,Rural,Female,2,,,Primary,Christian,Not employed,,No Income,,19 – 24,"11:00  -  11:14,14:00  -  14:14,16:30  -  16:44,20:00  -  20:14,21:15  -  21:29,,,,,,,,,,,,,,,,,,,,,,,,,,,,,,,,,,,,,,,,,,,,,,,,,,,,,,,,,,,,,,,,,,,,,,,,,,,,,,,,,,,,,,,,,,,"
20:00  -  20:14,134878489,Northern,Kasama,Rural,Female,2,,,Primary,Christian,Not employed,,No Income,,19 – 24,"11:00  -  11:14,14:00  -  14:14,16:30  -  16:44,20:00  -  20:14,21:15  -  21:29,,,,,,,,,,,,,,,,,,,,,,,,,,,,,,,,,,,,,,,,,,,,,,,,,,,,,,,,,,,,,,,,,,,,,,,,,,,,,,,,,,,,,,,,,,,"
11:00  -  11:14,134878489,Northern,Kasama,Rural,Female,2,,,Primary,Christian,Not employed,,No Income,,19 – 24,"11:00  -  11:14,14:00  -  14:14,16:30  -  16:44,20:00  -  20:14,21:15  -  21:29,,,,,,,,,,,,,,,,,,,,,,,,,,,,,,,,,,,,,,,,,,,,,,,,,,,,,,,,,,,,,,,,,,,,,,,,,,,,,,,,,,,,,,,,,,,"
20:45  -  20:59,135037064,Northern,Kasama,Rural,Female,2,,,Primary,Christian,Not employed,,No Income,,25 – 34,"11:00  -  11:14,15:00  -  15:14,18:30  -  18:44,20:00  -  20:14,20:15  -  20:29,20:30  -  20:44,20:45  -  20:59,,,,,,,,,,,,,,,,,,,,,,,,,,,,,,,,,,,,,,,,,,,,,,,,,,,,,,,,,,,,,,,,,,,,,,,,,,,,,,,,,,,,,,,,,"
20:00  -  20:14,135037064,Northern,Kasama,Rural,Female,2,,,Primary,Christian,Not employed,,No Income,,25 – 34,"11:00  -  11:14,15:00  -  15:14,18:30  -  18:44,20:00  -  20:14,20:15  -  20:29,20:30  -  20:44,20:45  -  20:59,,,,,,,,,,,,,,,,,,,,,,,,,,,,,,,,,,,,,,,,,,,,,,,,,,,,,,,,,,,,,,,,,,,,,,,,,,,,,,,,,,,,,,,,,"
20:15  -  20:29,135037064,Northern,Kasama,Rural,Female,2,,,Primary,Christian,Not employed,,No Income,,25 – 34,"11:00  -  11:14,15:00  -  15:14,18:30  -  18:44,20:00  -  20:14,20:15  -  20:29,20:30  -  20:44,20:45  -  20:59,,,,,,,,,,,,,,,,,,,,,,,,,,,,,,,,,,,,,,,,,,,,,,,,,,,,,,,,,,,,,,,,,,,,,,,,,,,,,,,,,,,,,,,,,"
15:00  -  15:14,135037064,Northern,Kasama,Rural,Female,2,,,Primary,Christian,Not employed,,No Income,,25 – 34,"11:00  -  11:14,15:00  -  15:14,18:30  -  18:44,20:00  -  20:14,20:15  -  20:29,20:30  -  20:44,20:45  -  20:59,,,,,,,,,,,,,,,,,,,,,,,,,,,,,,,,,,,,,,,,,,,,,,,,,,,,,,,,,,,,,,,,,,,,,,,,,,,,,,,,,,,,,,,,,"
11:00  -  11:14,135037064,Northern,Kasama,Rural,Female,2,,,Primary,Christian,Not employed,,No Income,,25 – 34,"11:00  -  11:14,15:00  -  15:14,18:30  -  18:44,20:00  -  20:14,20:15  -  20:29,20:30  -  20:44,20:45  -  20:59,,,,,,,,,,,,,,,,,,,,,,,,,,,,,,,,,,,,,,,,,,,,,,,,,,,,,,,,,,,,,,,,,,,,,,,,,,,,,,,,,,,,,,,,,"
20:30  -  20:44,135037064,Northern,Kasama,Rural,Female,2,,,Primary,Christian,Not employed,,No Income,,25 – 34,"11:00  -  11:14,15:00  -  15:14,18:30  -  18:44,20:00  -  20:14,20:15  -  20:29,20:30  -  20:44,20:45  -  20:59,,,,,,,,,,,,,,,,,,,,,,,,,,,,,,,,,,,,,,,,,,,,,,,,,,,,,,,,,,,,,,,,,,,,,,,,,,,,,,,,,,,,,,,,,"
18:30  -  18:44,135037064,Northern,Kasama,Rural,Female,2,,,Primary,Christian,Not employed,,No Income,,25 – 34,"11:00  -  11:14,15:00  -  15:14,18:30  -  18:44,20:00  -  20:14,20:15  -  20:29,20:30  -  20:44,20:45  -  20:59,,,,,,,,,,,,,,,,,,,,,,,,,,,,,,,,,,,,,,,,,,,,,,,,,,,,,,,,,,,,,,,,,,,,,,,,,,,,,,,,,,,,,,,,,"
19:00  -  19:14,134812019,Northern,Mungwi,Rural,Female,1,,,Primary,Christian,Not employed,,No Income,,35 – 44,"8:00  -  8:14,19:00  -  19:14,,,,,,,,,,,,,,,,,,,,,,,,,,,,,,,,,,,,,,,,,,,,,,,,,,,,,,,,,,,,,,,,,,,,,,,,,,,,,,,,,,,,,,,,,,,,,,"
8:00  -  8:14,134812019,Northern,Mungwi,Rural,Female,1,,,Primary,Christian,Not employed,,No Income,,35 – 44,"8:00  -  8:14,19:00  -  19:14,,,,,,,,,,,,,,,,,,,,,,,,,,,,,,,,,,,,,,,,,,,,,,,,,,,,,,,,,,,,,,,,,,,,,,,,,,,,,,,,,,,,,,,,,,,,,,"
8:30  -  8:44,134711584,Northern,Mungwi,Urban,Female,1,,,Primary,Christian,Not employed,,No Income,,19 – 24,"8:30  -  8:44,14:00  -  14:14,20:15  -  20:29,22:00  -  22:14,,,,,,,,,,,,,,,,,,,,,,,,,,,,,,,,,,,,,,,,,,,,,,,,,,,,,,,,,,,,,,,,,,,,,,,,,,,,,,,,,,,,,,,,,,,,"
14:00  -  14:14,134711584,Northern,Mungwi,Urban,Female,1,,,Primary,Christian,Not employed,,No Income,,19 – 24,"8:30  -  8:44,14:00  -  14:14,20:15  -  20:29,22:00  -  22:14,,,,,,,,,,,,,,,,,,,,,,,,,,,,,,,,,,,,,,,,,,,,,,,,,,,,,,,,,,,,,,,,,,,,,,,,,,,,,,,,,,,,,,,,,,,,"
22:00  -  22:14,134711584,Northern,Mungwi,Urban,Female,1,,,Primary,Christian,Not employed,,No Income,,19 – 24,"8:30  -  8:44,14:00  -  14:14,20:15  -  20:29,22:00  -  22:14,,,,,,,,,,,,,,,,,,,,,,,,,,,,,,,,,,,,,,,,,,,,,,,,,,,,,,,,,,,,,,,,,,,,,,,,,,,,,,,,,,,,,,,,,,,,"
20:15  -  20:29,134711584,Northern,Mungwi,Urban,Female,1,,,Primary,Christian,Not employed,,No Income,,19 – 24,"8:30  -  8:44,14:00  -  14:14,20:15  -  20:29,22:00  -  22:14,,,,,,,,,,,,,,,,,,,,,,,,,,,,,,,,,,,,,,,,,,,,,,,,,,,,,,,,,,,,,,,,,,,,,,,,,,,,,,,,,,,,,,,,,,,,"
18:45  -  18:59,135076017,Northern,Kasama,Rural,Female,1,,,Primary,Christian,Not employed,,No Income,,19 – 24,"8:30  -  8:44,10:00  -  10:14,17:00  -  17:14,18:15  -  18:29,18:30  -  18:44,18:45  -  18:59,19:00  -  19:14,,,,,,,,,,,,,,,,,,,,,,,,,,,,,,,,,,,,,,,,,,,,,,,,,,,,,,,,,,,,,,,,,,,,,,,,,,,,,,,,,,,,,,,,,"
19:00  -  19:14,135076017,Northern,Kasama,Rural,Female,1,,,Primary,Christian,Not employed,,No Income,,19 – 24,"8:30  -  8:44,10:00  -  10:14,17:00  -  17:14,18:15  -  18:29,18:30  -  18:44,18:45  -  18:59,19:00  -  19:14,,,,,,,,,,,,,,,,,,,,,,,,,,,,,,,,,,,,,,,,,,,,,,,,,,,,,,,,,,,,,,,,,,,,,,,,,,,,,,,,,,,,,,,,,"
8:30  -  8:44,135076017,Northern,Kasama,Rural,Female,1,,,Primary,Christian,Not employed,,No Income,,19 – 24,"8:30  -  8:44,10:00  -  10:14,17:00  -  17:14,18:15  -  18:29,18:30  -  18:44,18:45  -  18:59,19:00  -  19:14,,,,,,,,,,,,,,,,,,,,,,,,,,,,,,,,,,,,,,,,,,,,,,,,,,,,,,,,,,,,,,,,,,,,,,,,,,,,,,,,,,,,,,,,,"
18:15  -  18:29,135076017,Northern,Kasama,Rural,Female,1,,,Primary,Christian,Not employed,,No Income,,19 – 24,"8:30  -  8:44,10:00  -  10:14,17:00  -  17:14,18:15  -  18:29,18:30  -  18:44,18:45  -  18:59,19:00  -  19:14,,,,,,,,,,,,,,,,,,,,,,,,,,,,,,,,,,,,,,,,,,,,,,,,,,,,,,,,,,,,,,,,,,,,,,,,,,,,,,,,,,,,,,,,,"
17:00  -  17:14,135076017,Northern,Kasama,Rural,Female,1,,,Primary,Christian,Not employed,,No Income,,19 – 24,"8:30  -  8:44,10:00  -  10:14,17:00  -  17:14,18:15  -  18:29,18:30  -  18:44,18:45  -  18:59,19:00  -  19:14,,,,,,,,,,,,,,,,,,,,,,,,,,,,,,,,,,,,,,,,,,,,,,,,,,,,,,,,,,,,,,,,,,,,,,,,,,,,,,,,,,,,,,,,,"
18:30  -  18:44,135076017,Northern,Kasama,Rural,Female,1,,,Primary,Christian,Not employed,,No Income,,19 – 24,"8:30  -  8:44,10:00  -  10:14,17:00  -  17:14,18:15  -  18:29,18:30  -  18:44,18:45  -  18:59,19:00  -  19:14,,,,,,,,,,,,,,,,,,,,,,,,,,,,,,,,,,,,,,,,,,,,,,,,,,,,,,,,,,,,,,,,,,,,,,,,,,,,,,,,,,,,,,,,,"
10:00  -  10:14,135076017,Northern,Kasama,Rural,Female,1,,,Primary,Christian,Not employed,,No Income,,19 – 24,"8:30  -  8:44,10:00  -  10:14,17:00  -  17:14,18:15  -  18:29,18:30  -  18:44,18:45  -  18:59,19:00  -  19:14,,,,,,,,,,,,,,,,,,,,,,,,,,,,,,,,,,,,,,,,,,,,,,,,,,,,,,,,,,,,,,,,,,,,,,,,,,,,,,,,,,,,,,,,,"
19:00  -  19:14,134986983,Northern,Kasama,Rural,Female,2,,,Secondary,Christian,Not employed,,No Income,,15 – 18,"17:00  -  17:14,19:00  -  19:14,21:00  -  21:14,,,,,,,,,,,,,,,,,,,,,,,,,,,,,,,,,,,,,,,,,,,,,,,,,,,,,,,,,,,,,,,,,,,,,,,,,,,,,,,,,,,,,,,,,,,,,"
21:00  -  21:14,134986983,Northern,Kasama,Rural,Female,2,,,Secondary,Christian,Not employed,,No Income,,15 – 18,"17:00  -  17:14,19:00  -  19:14,21:00  -  21:14,,,,,,,,,,,,,,,,,,,,,,,,,,,,,,,,,,,,,,,,,,,,,,,,,,,,,,,,,,,,,,,,,,,,,,,,,,,,,,,,,,,,,,,,,,,,,"
17:00  -  17:14,134986983,Northern,Kasama,Rural,Female,2,,,Secondary,Christian,Not employed,,No Income,,15 – 18,"17:00  -  17:14,19:00  -  19:14,21:00  -  21:14,,,,,,,,,,,,,,,,,,,,,,,,,,,,,,,,,,,,,,,,,,,,,,,,,,,,,,,,,,,,,,,,,,,,,,,,,,,,,,,,,,,,,,,,,,,,,"
19:00  -  19:14,135086329,Northern,Kasama,Urban,Female,1,,,Primary,Christian,Not employed,,No Income,,35 – 44,"10:00  -  10:14,13:00  -  13:14,17:00  -  17:14,19:00  -  19:14,20:00  -  20:14,20:15  -  20:29,20:30  -  20:44,,,,,,,,,,,,,,,,,,,,,,,,,,,,,,,,,,,,,,,,,,,,,,,,,,,,,,,,,,,,,,,,,,,,,,,,,,,,,,,,,,,,,,,,,"
20:00  -  20:14,135086329,Northern,Kasama,Urban,Female,1,,,Primary,Christian,Not employed,,No Income,,35 – 44,"10:00  -  10:14,13:00  -  13:14,17:00  -  17:14,19:00  -  19:14,20:00  -  20:14,20:15  -  20:29,20:30  -  20:44,,,,,,,,,,,,,,,,,,,,,,,,,,,,,,,,,,,,,,,,,,,,,,,,,,,,,,,,,,,,,,,,,,,,,,,,,,,,,,,,,,,,,,,,,"
20:15  -  20:29,135086329,Northern,Kasama,Urban,Female,1,,,Primary,Christian,Not employed,,No Income,,35 – 44,"10:00  -  10:14,13:00  -  13:14,17:00  -  17:14,19:00  -  19:14,20:00  -  20:14,20:15  -  20:29,20:30  -  20:44,,,,,,,,,,,,,,,,,,,,,,,,,,,,,,,,,,,,,,,,,,,,,,,,,,,,,,,,,,,,,,,,,,,,,,,,,,,,,,,,,,,,,,,,,"
20:30  -  20:44,135086329,Northern,Kasama,Urban,Female,1,,,Primary,Christian,Not employed,,No Income,,35 – 44,"10:00  -  10:14,13:00  -  13:14,17:00  -  17:14,19:00  -  19:14,20:00  -  20:14,20:15  -  20:29,20:30  -  20:44,,,,,,,,,,,,,,,,,,,,,,,,,,,,,,,,,,,,,,,,,,,,,,,,,,,,,,,,,,,,,,,,,,,,,,,,,,,,,,,,,,,,,,,,,"
13:00  -  13:14,135086329,Northern,Kasama,Urban,Female,1,,,Primary,Christian,Not employed,,No Income,,35 – 44,"10:00  -  10:14,13:00  -  13:14,17:00  -  17:14,19:00  -  19:14,20:00  -  20:14,20:15  -  20:29,20:30  -  20:44,,,,,,,,,,,,,,,,,,,,,,,,,,,,,,,,,,,,,,,,,,,,,,,,,,,,,,,,,,,,,,,,,,,,,,,,,,,,,,,,,,,,,,,,,"
17:00  -  17:14,135086329,Northern,Kasama,Urban,Female,1,,,Primary,Christian,Not employed,,No Income,,35 – 44,"10:00  -  10:14,13:00  -  13:14,17:00  -  17:14,19:00  -  19:14,20:00  -  20:14,20:15  -  20:29,20:30  -  20:44,,,,,,,,,,,,,,,,,,,,,,,,,,,,,,,,,,,,,,,,,,,,,,,,,,,,,,,,,,,,,,,,,,,,,,,,,,,,,,,,,,,,,,,,,"
10:00  -  10:14,135086329,Northern,Kasama,Urban,Female,1,,,Primary,Christian,Not employed,,No Income,,35 – 44,"10:00  -  10:14,13:00  -  13:14,17:00  -  17:14,19:00  -  19:14,20:00  -  20:14,20:15  -  20:29,20:30  -  20:44,,,,,,,,,,,,,,,,,,,,,,,,,,,,,,,,,,,,,,,,,,,,,,,,,,,,,,,,,,,,,,,,,,,,,,,,,,,,,,,,,,,,,,,,,"
20:00  -  20:14,134815338,Northern,Mungwi,Rural,Female,1,,,Primary,Christian,Not employed,,No Income,,19 – 24,"8:00  -  8:14,16:00  -  16:14,20:00  -  20:14,,,,,,,,,,,,,,,,,,,,,,,,,,,,,,,,,,,,,,,,,,,,,,,,,,,,,,,,,,,,,,,,,,,,,,,,,,,,,,,,,,,,,,,,,,,,,"
16:00  -  16:14,134815338,Northern,Mungwi,Rural,Female,1,,,Primary,Christian,Not employed,,No Income,,19 – 24,"8:00  -  8:14,16:00  -  16:14,20:00  -  20:14,,,,,,,,,,,,,,,,,,,,,,,,,,,,,,,,,,,,,,,,,,,,,,,,,,,,,,,,,,,,,,,,,,,,,,,,,,,,,,,,,,,,,,,,,,,,,"
8:00  -  8:14,134815338,Northern,Mungwi,Rural,Female,1,,,Primary,Christian,Not employed,,No Income,,19 – 24,"8:00  -  8:14,16:00  -  16:14,20:00  -  20:14,,,,,,,,,,,,,,,,,,,,,,,,,,,,,,,,,,,,,,,,,,,,,,,,,,,,,,,,,,,,,,,,,,,,,,,,,,,,,,,,,,,,,,,,,,,,,"
18:00  -  18:14,134952738,Northern,Kasama,Rural,Female,1,,,Primary,Christian,Not employed,,No Income,,35 – 44,"9:00  -  9:14,18:00  -  18:14,20:00  -  20:14,,,,,,,,,,,,,,,,,,,,,,,,,,,,,,,,,,,,,,,,,,,,,,,,,,,,,,,,,,,,,,,,,,,,,,,,,,,,,,,,,,,,,,,,,,,,,"
20:00  -  20:14,134952738,Northern,Kasama,Rural,Female,1,,,Primary,Christian,Not employed,,No Income,,35 – 44,"9:00  -  9:14,18:00  -  18:14,20:00  -  20:14,,,,,,,,,,,,,,,,,,,,,,,,,,,,,,,,,,,,,,,,,,,,,,,,,,,,,,,,,,,,,,,,,,,,,,,,,,,,,,,,,,,,,,,,,,,,,"
9:00  -  9:14,134952738,Northern,Kasama,Rural,Female,1,,,Primary,Christian,Not employed,,No Income,,35 – 44,"9:00  -  9:14,18:00  -  18:14,20:00  -  20:14,,,,,,,,,,,,,,,,,,,,,,,,,,,,,,,,,,,,,,,,,,,,,,,,,,,,,,,,,,,,,,,,,,,,,,,,,,,,,,,,,,,,,,,,,,,,,"
18:00  -  18:14,134952744,Northern,Kasama,Rural,Female,2,,,Primary,Christian,Not employed,,No Income,,15 – 18,"18:00  -  18:14,19:00  -  19:14,20:00  -  20:14,,,,,,,,,,,,,,,,,,,,,,,,,,,,,,,,,,,,,,,,,,,,,,,,,,,,,,,,,,,,,,,,,,,,,,,,,,,,,,,,,,,,,,,,,,,,,"
19:00  -  19:14,134952744,Northern,Kasama,Rural,Female,2,,,Primary,Christian,Not employed,,No Income,,15 – 18,"18:00  -  18:14,19:00  -  19:14,20:00  -  20:14,,,,,,,,,,,,,,,,,,,,,,,,,,,,,,,,,,,,,,,,,,,,,,,,,,,,,,,,,,,,,,,,,,,,,,,,,,,,,,,,,,,,,,,,,,,,,"
20:00  -  20:14,134952744,Northern,Kasama,Rural,Female,2,,,Primary,Christian,Not employed,,No Income,,15 – 18,"18:00  -  18:14,19:00  -  19:14,20:00  -  20:14,,,,,,,,,,,,,,,,,,,,,,,,,,,,,,,,,,,,,,,,,,,,,,,,,,,,,,,,,,,,,,,,,,,,,,,,,,,,,,,,,,,,,,,,,,,,,"
11:30  -  11:44,134986981,Northern,Kasama,Rural,Female,1,,,Primary,Christian,Not employed,,No Income,,35 – 44,"11:30  -  11:44,18:00  -  18:14,20:15  -  20:29,,,,,,,,,,,,,,,,,,,,,,,,,,,,,,,,,,,,,,,,,,,,,,,,,,,,,,,,,,,,,,,,,,,,,,,,,,,,,,,,,,,,,,,,,,,,,"
18:00  -  18:14,134986981,Northern,Kasama,Rural,Female,1,,,Primary,Christian,Not employed,,No Income,,35 – 44,"11:30  -  11:44,18:00  -  18:14,20:15  -  20:29,,,,,,,,,,,,,,,,,,,,,,,,,,,,,,,,,,,,,,,,,,,,,,,,,,,,,,,,,,,,,,,,,,,,,,,,,,,,,,,,,,,,,,,,,,,,,"
20:15  -  20:29,134986981,Northern,Kasama,Rural,Female,1,,,Primary,Christian,Not employed,,No Income,,35 – 44,"11:30  -  11:44,18:00  -  18:14,20:15  -  20:29,,,,,,,,,,,,,,,,,,,,,,,,,,,,,,,,,,,,,,,,,,,,,,,,,,,,,,,,,,,,,,,,,,,,,,,,,,,,,,,,,,,,,,,,,,,,,"
15:15  -  15:29,134914393,Northern,Kasama,Rural,Female,2,,,Secondary,Christian,Not employed,,No Income,,19 – 24,"11:00  -  11:14,15:15  -  15:29,18:30  -  18:44,,,,,,,,,,,,,,,,,,,,,,,,,,,,,,,,,,,,,,,,,,,,,,,,,,,,,,,,,,,,,,,,,,,,,,,,,,,,,,,,,,,,,,,,,,,,,"
11:00  -  11:14,134914393,Northern,Kasama,Rural,Female,2,,,Secondary,Christian,Not employed,,No Income,,19 – 24,"11:00  -  11:14,15:15  -  15:29,18:30  -  18:44,,,,,,,,,,,,,,,,,,,,,,,,,,,,,,,,,,,,,,,,,,,,,,,,,,,,,,,,,,,,,,,,,,,,,,,,,,,,,,,,,,,,,,,,,,,,,"
18:30  -  18:44,134914393,Northern,Kasama,Rural,Female,2,,,Secondary,Christian,Not employed,,No Income,,19 – 24,"11:00  -  11:14,15:15  -  15:29,18:30  -  18:44,,,,,,,,,,,,,,,,,,,,,,,,,,,,,,,,,,,,,,,,,,,,,,,,,,,,,,,,,,,,,,,,,,,,,,,,,,,,,,,,,,,,,,,,,,,,,"
18:00  -  18:14,134986956,Northern,Kasama,Rural,Male,1,,,Primary,Christian,Not employed,,No Income,,15 – 18,"18:00  -  18:14,18:15  -  18:29,18:30  -  18:44,18:45  -  18:59,,,,,,,,,,,,,,,,,,,,,,,,,,,,,,,,,,,,,,,,,,,,,,,,,,,,,,,,,,,,,,,,,,,,,,,,,,,,,,,,,,,,,,,,,,,,"
18:15  -  18:29,134986956,Northern,Kasama,Rural,Male,1,,,Primary,Christian,Not employed,,No Income,,15 – 18,"18:00  -  18:14,18:15  -  18:29,18:30  -  18:44,18:45  -  18:59,,,,,,,,,,,,,,,,,,,,,,,,,,,,,,,,,,,,,,,,,,,,,,,,,,,,,,,,,,,,,,,,,,,,,,,,,,,,,,,,,,,,,,,,,,,,"
18:45  -  18:59,134986956,Northern,Kasama,Rural,Male,1,,,Primary,Christian,Not employed,,No Income,,15 – 18,"18:00  -  18:14,18:15  -  18:29,18:30  -  18:44,18:45  -  18:59,,,,,,,,,,,,,,,,,,,,,,,,,,,,,,,,,,,,,,,,,,,,,,,,,,,,,,,,,,,,,,,,,,,,,,,,,,,,,,,,,,,,,,,,,,,,"
18:30  -  18:44,134986956,Northern,Kasama,Rural,Male,1,,,Primary,Christian,Not employed,,No Income,,15 – 18,"18:00  -  18:14,18:15  -  18:29,18:30  -  18:44,18:45  -  18:59,,,,,,,,,,,,,,,,,,,,,,,,,,,,,,,,,,,,,,,,,,,,,,,,,,,,,,,,,,,,,,,,,,,,,,,,,,,,,,,,,,,,,,,,,,,,"
7:30  -  7:44,135037065,Northern,Kasama,Rural,Female,1,,,Primary,Christian,Not employed,,No Income,,25 – 34,"7:30  -  7:44,11:00  -  11:14,13:30  -  13:44,17:15  -  17:29,20:00  -  20:14,,,,,,,,,,,,,,,,,,,,,,,,,,,,,,,,,,,,,,,,,,,,,,,,,,,,,,,,,,,,,,,,,,,,,,,,,,,,,,,,,,,,,,,,,,,"
13:30  -  13:44,135037065,Northern,Kasama,Rural,Female,1,,,Primary,Christian,Not employed,,No Income,,25 – 34,"7:30  -  7:44,11:00  -  11:14,13:30  -  13:44,17:15  -  17:29,20:00  -  20:14,,,,,,,,,,,,,,,,,,,,,,,,,,,,,,,,,,,,,,,,,,,,,,,,,,,,,,,,,,,,,,,,,,,,,,,,,,,,,,,,,,,,,,,,,,,"
20:00  -  20:14,135037065,Northern,Kasama,Rural,Female,1,,,Primary,Christian,Not employed,,No Income,,25 – 34,"7:30  -  7:44,11:00  -  11:14,13:30  -  13:44,17:15  -  17:29,20:00  -  20:14,,,,,,,,,,,,,,,,,,,,,,,,,,,,,,,,,,,,,,,,,,,,,,,,,,,,,,,,,,,,,,,,,,,,,,,,,,,,,,,,,,,,,,,,,,,"
17:15  -  17:29,135037065,Northern,Kasama,Rural,Female,1,,,Primary,Christian,Not employed,,No Income,,25 – 34,"7:30  -  7:44,11:00  -  11:14,13:30  -  13:44,17:15  -  17:29,20:00  -  20:14,,,,,,,,,,,,,,,,,,,,,,,,,,,,,,,,,,,,,,,,,,,,,,,,,,,,,,,,,,,,,,,,,,,,,,,,,,,,,,,,,,,,,,,,,,,"
11:00  -  11:14,135037065,Northern,Kasama,Rural,Female,1,,,Primary,Christian,Not employed,,No Income,,25 – 34,"7:30  -  7:44,11:00  -  11:14,13:30  -  13:44,17:15  -  17:29,20:00  -  20:14,,,,,,,,,,,,,,,,,,,,,,,,,,,,,,,,,,,,,,,,,,,,,,,,,,,,,,,,,,,,,,,,,,,,,,,,,,,,,,,,,,,,,,,,,,,"
6:30  -  6:44,134763868,Northern,Mungwi,Rural,Male,1,,,Primary,Christian,Not employed,,No Income,,25 – 34,"6:30  -  6:44,11:45  -  11:59,,,,,,,,,,,,,,,,,,,,,,,,,,,,,,,,,,,,,,,,,,,,,,,,,,,,,,,,,,,,,,,,,,,,,,,,,,,,,,,,,,,,,,,,,,,,,,"
11:45  -  11:59,134763868,Northern,Mungwi,Rural,Male,1,,,Primary,Christian,Not employed,,No Income,,25 – 34,"6:30  -  6:44,11:45  -  11:59,,,,,,,,,,,,,,,,,,,,,,,,,,,,,,,,,,,,,,,,,,,,,,,,,,,,,,,,,,,,,,,,,,,,,,,,,,,,,,,,,,,,,,,,,,,,,,"
19:15  -  19:29,134763869,Northern,Mungwi,Rural,Female,1,,,Primary,Christian,Not employed,,No Income,,25 – 34,"5:30  -  5:44,19:15  -  19:29,,,,,,,,,,,,,,,,,,,,,,,,,,,,,,,,,,,,,,,,,,,,,,,,,,,,,,,,,,,,,,,,,,,,,,,,,,,,,,,,,,,,,,,,,,,,,,"
5:30  -  5:44,134763869,Northern,Mungwi,Rural,Female,1,,,Primary,Christian,Not employed,,No Income,,25 – 34,"5:30  -  5:44,19:15  -  19:29,,,,,,,,,,,,,,,,,,,,,,,,,,,,,,,,,,,,,,,,,,,,,,,,,,,,,,,,,,,,,,,,,,,,,,,,,,,,,,,,,,,,,,,,,,,,,,"
15:00  -  15:14,134986988,Northern,Kasama,Rural,Female,1,,,Primary,Christian,Not employed,,No Income,,15 – 18,"12:30  -  12:44,15:00  -  15:14,18:30  -  18:44,,,,,,,,,,,,,,,,,,,,,,,,,,,,,,,,,,,,,,,,,,,,,,,,,,,,,,,,,,,,,,,,,,,,,,,,,,,,,,,,,,,,,,,,,,,,,"
18:30  -  18:44,134986988,Northern,Kasama,Rural,Female,1,,,Primary,Christian,Not employed,,No Income,,15 – 18,"12:30  -  12:44,15:00  -  15:14,18:30  -  18:44,,,,,,,,,,,,,,,,,,,,,,,,,,,,,,,,,,,,,,,,,,,,,,,,,,,,,,,,,,,,,,,,,,,,,,,,,,,,,,,,,,,,,,,,,,,,,"
12:30  -  12:44,134986988,Northern,Kasama,Rural,Female,1,,,Primary,Christian,Not employed,,No Income,,15 – 18,"12:30  -  12:44,15:00  -  15:14,18:30  -  18:44,,,,,,,,,,,,,,,,,,,,,,,,,,,,,,,,,,,,,,,,,,,,,,,,,,,,,,,,,,,,,,,,,,,,,,,,,,,,,,,,,,,,,,,,,,,,,"
7:00  -  7:14,134986955,Northern,Kasama,Rural,Female,1,,,Secondary,Christian,Not employed,,No Income,,19 – 24,"6:00  -  6:14,6:15  -  6:29,6:30  -  6:44,6:45  -  6:59,7:00  -  7:14,7:15  -  7:29,7:30  -  7:44,7:45  -  7:59,8:00  -  8:14,8:15  -  8:29,8:30  -  8:44,8:45  -  8:59,9:00  -  9:14,,,,,,,,,,,,,,,,,,,,,,,,,,,,,,,,,,,,,,,,,,,,,,,,,,,,,,,,,,,,,,,,,,,,,,,,,,,,,,,,,,,"
7:30  -  7:44,134986955,Northern,Kasama,Rural,Female,1,,,Secondary,Christian,Not employed,,No Income,,19 – 24,"6:00  -  6:14,6:15  -  6:29,6:30  -  6:44,6:45  -  6:59,7:00  -  7:14,7:15  -  7:29,7:30  -  7:44,7:45  -  7:59,8:00  -  8:14,8:15  -  8:29,8:30  -  8:44,8:45  -  8:59,9:00  -  9:14,,,,,,,,,,,,,,,,,,,,,,,,,,,,,,,,,,,,,,,,,,,,,,,,,,,,,,,,,,,,,,,,,,,,,,,,,,,,,,,,,,,"
6:00  -  6:14,134986955,Northern,Kasama,Rural,Female,1,,,Secondary,Christian,Not employed,,No Income,,19 – 24,"6:00  -  6:14,6:15  -  6:29,6:30  -  6:44,6:45  -  6:59,7:00  -  7:14,7:15  -  7:29,7:30  -  7:44,7:45  -  7:59,8:00  -  8:14,8:15  -  8:29,8:30  -  8:44,8:45  -  8:59,9:00  -  9:14,,,,,,,,,,,,,,,,,,,,,,,,,,,,,,,,,,,,,,,,,,,,,,,,,,,,,,,,,,,,,,,,,,,,,,,,,,,,,,,,,,,"
8:15  -  8:29,134986955,Northern,Kasama,Rural,Female,1,,,Secondary,Christian,Not employed,,No Income,,19 – 24,"6:00  -  6:14,6:15  -  6:29,6:30  -  6:44,6:45  -  6:59,7:00  -  7:14,7:15  -  7:29,7:30  -  7:44,7:45  -  7:59,8:00  -  8:14,8:15  -  8:29,8:30  -  8:44,8:45  -  8:59,9:00  -  9:14,,,,,,,,,,,,,,,,,,,,,,,,,,,,,,,,,,,,,,,,,,,,,,,,,,,,,,,,,,,,,,,,,,,,,,,,,,,,,,,,,,,"
6:30  -  6:44,134986955,Northern,Kasama,Rural,Female,1,,,Secondary,Christian,Not employed,,No Income,,19 – 24,"6:00  -  6:14,6:15  -  6:29,6:30  -  6:44,6:45  -  6:59,7:00  -  7:14,7:15  -  7:29,7:30  -  7:44,7:45  -  7:59,8:00  -  8:14,8:15  -  8:29,8:30  -  8:44,8:45  -  8:59,9:00  -  9:14,,,,,,,,,,,,,,,,,,,,,,,,,,,,,,,,,,,,,,,,,,,,,,,,,,,,,,,,,,,,,,,,,,,,,,,,,,,,,,,,,,,"
7:45  -  7:59,134986955,Northern,Kasama,Rural,Female,1,,,Secondary,Christian,Not employed,,No Income,,19 – 24,"6:00  -  6:14,6:15  -  6:29,6:30  -  6:44,6:45  -  6:59,7:00  -  7:14,7:15  -  7:29,7:30  -  7:44,7:45  -  7:59,8:00  -  8:14,8:15  -  8:29,8:30  -  8:44,8:45  -  8:59,9:00  -  9:14,,,,,,,,,,,,,,,,,,,,,,,,,,,,,,,,,,,,,,,,,,,,,,,,,,,,,,,,,,,,,,,,,,,,,,,,,,,,,,,,,,,"
8:00  -  8:14,134986955,Northern,Kasama,Rural,Female,1,,,Secondary,Christian,Not employed,,No Income,,19 – 24,"6:00  -  6:14,6:15  -  6:29,6:30  -  6:44,6:45  -  6:59,7:00  -  7:14,7:15  -  7:29,7:30  -  7:44,7:45  -  7:59,8:00  -  8:14,8:15  -  8:29,8:30  -  8:44,8:45  -  8:59,9:00  -  9:14,,,,,,,,,,,,,,,,,,,,,,,,,,,,,,,,,,,,,,,,,,,,,,,,,,,,,,,,,,,,,,,,,,,,,,,,,,,,,,,,,,,"
8:30  -  8:44,134986955,Northern,Kasama,Rural,Female,1,,,Secondary,Christian,Not employed,,No Income,,19 – 24,"6:00  -  6:14,6:15  -  6:29,6:30  -  6:44,6:45  -  6:59,7:00  -  7:14,7:15  -  7:29,7:30  -  7:44,7:45  -  7:59,8:00  -  8:14,8:15  -  8:29,8:30  -  8:44,8:45  -  8:59,9:00  -  9:14,,,,,,,,,,,,,,,,,,,,,,,,,,,,,,,,,,,,,,,,,,,,,,,,,,,,,,,,,,,,,,,,,,,,,,,,,,,,,,,,,,,"
9:00  -  9:14,134986955,Northern,Kasama,Rural,Female,1,,,Secondary,Christian,Not employed,,No Income,,19 – 24,"6:00  -  6:14,6:15  -  6:29,6:30  -  6:44,6:45  -  6:59,7:00  -  7:14,7:15  -  7:29,7:30  -  7:44,7:45  -  7:59,8:00  -  8:14,8:15  -  8:29,8:30  -  8:44,8:45  -  8:59,9:00  -  9:14,,,,,,,,,,,,,,,,,,,,,,,,,,,,,,,,,,,,,,,,,,,,,,,,,,,,,,,,,,,,,,,,,,,,,,,,,,,,,,,,,,,"
6:15  -  6:29,134986955,Northern,Kasama,Rural,Female,1,,,Secondary,Christian,Not employed,,No Income,,19 – 24,"6:00  -  6:14,6:15  -  6:29,6:30  -  6:44,6:45  -  6:59,7:00  -  7:14,7:15  -  7:29,7:30  -  7:44,7:45  -  7:59,8:00  -  8:14,8:15  -  8:29,8:30  -  8:44,8:45  -  8:59,9:00  -  9:14,,,,,,,,,,,,,,,,,,,,,,,,,,,,,,,,,,,,,,,,,,,,,,,,,,,,,,,,,,,,,,,,,,,,,,,,,,,,,,,,,,,"
7:15  -  7:29,134986955,Northern,Kasama,Rural,Female,1,,,Secondary,Christian,Not employed,,No Income,,19 – 24,"6:00  -  6:14,6:15  -  6:29,6:30  -  6:44,6:45  -  6:59,7:00  -  7:14,7:15  -  7:29,7:30  -  7:44,7:45  -  7:59,8:00  -  8:14,8:15  -  8:29,8:30  -  8:44,8:45  -  8:59,9:00  -  9:14,,,,,,,,,,,,,,,,,,,,,,,,,,,,,,,,,,,,,,,,,,,,,,,,,,,,,,,,,,,,,,,,,,,,,,,,,,,,,,,,,,,"
8:45  -  8:59,134986955,Northern,Kasama,Rural,Female,1,,,Secondary,Christian,Not employed,,No Income,,19 – 24,"6:00  -  6:14,6:15  -  6:29,6:30  -  6:44,6:45  -  6:59,7:00  -  7:14,7:15  -  7:29,7:30  -  7:44,7:45  -  7:59,8:00  -  8:14,8:15  -  8:29,8:30  -  8:44,8:45  -  8:59,9:00  -  9:14,,,,,,,,,,,,,,,,,,,,,,,,,,,,,,,,,,,,,,,,,,,,,,,,,,,,,,,,,,,,,,,,,,,,,,,,,,,,,,,,,,,"
6:45  -  6:59,134986955,Northern,Kasama,Rural,Female,1,,,Secondary,Christian,Not employed,,No Income,,19 – 24,"6:00  -  6:14,6:15  -  6:29,6:30  -  6:44,6:45  -  6:59,7:00  -  7:14,7:15  -  7:29,7:30  -  7:44,7:45  -  7:59,8:00  -  8:14,8:15  -  8:29,8:30  -  8:44,8:45  -  8:59,9:00  -  9:14,,,,,,,,,,,,,,,,,,,,,,,,,,,,,,,,,,,,,,,,,,,,,,,,,,,,,,,,,,,,,,,,,,,,,,,,,,,,,,,,,,,"
18:00  -  18:14,134624360,Northern,Mungwi,Rural,Female,1,,,Primary,Christian,Employed for cash,,No Income,,45+,"5:45  -  5:59,10:00  -  10:14,14:00  -  14:14,18:00  -  18:14,21:15  -  21:29,,,,,,,,,,,,,,,,,,,,,,,,,,,,,,,,,,,,,,,,,,,,,,,,,,,,,,,,,,,,,,,,,,,,,,,,,,,,,,,,,,,,,,,,,,,"
14:00  -  14:14,134624360,Northern,Mungwi,Rural,Female,1,,,Primary,Christian,Employed for cash,,No Income,,45+,"5:45  -  5:59,10:00  -  10:14,14:00  -  14:14,18:00  -  18:14,21:15  -  21:29,,,,,,,,,,,,,,,,,,,,,,,,,,,,,,,,,,,,,,,,,,,,,,,,,,,,,,,,,,,,,,,,,,,,,,,,,,,,,,,,,,,,,,,,,,,"
21:15  -  21:29,134624360,Northern,Mungwi,Rural,Female,1,,,Primary,Christian,Employed for cash,,No Income,,45+,"5:45  -  5:59,10:00  -  10:14,14:00  -  14:14,18:00  -  18:14,21:15  -  21:29,,,,,,,,,,,,,,,,,,,,,,,,,,,,,,,,,,,,,,,,,,,,,,,,,,,,,,,,,,,,,,,,,,,,,,,,,,,,,,,,,,,,,,,,,,,"
5:45  -  5:59,134624360,Northern,Mungwi,Rural,Female,1,,,Primary,Christian,Employed for cash,,No Income,,45+,"5:45  -  5:59,10:00  -  10:14,14:00  -  14:14,18:00  -  18:14,21:15  -  21:29,,,,,,,,,,,,,,,,,,,,,,,,,,,,,,,,,,,,,,,,,,,,,,,,,,,,,,,,,,,,,,,,,,,,,,,,,,,,,,,,,,,,,,,,,,,"
10:00  -  10:14,134624360,Northern,Mungwi,Rural,Female,1,,,Primary,Christian,Employed for cash,,No Income,,45+,"5:45  -  5:59,10:00  -  10:14,14:00  -  14:14,18:00  -  18:14,21:15  -  21:29,,,,,,,,,,,,,,,,,,,,,,,,,,,,,,,,,,,,,,,,,,,,,,,,,,,,,,,,,,,,,,,,,,,,,,,,,,,,,,,,,,,,,,,,,,,"
