Sun FM  Tuesday analysis,SbjNum,Province,Districts,AREA TYPE,Gender,Number of Radio Sets,Number of Cars,LSM GROUP,Educational Qualification,Religion,Work Status,Social Class,Gross Monthly Income,Clothing P6M,Age Range,Sun FM  Tuesday
10:30  -  10:44,135190043,Central,Kabwe,Urban,Female,2,,D,Secondary,Christian,Not employed,D,Under K 849,,15 – 18,"8:30  -  8:44,9:00  -  9:14,9:15  -  9:29,10:30  -  10:44,10:45  -  10:59,11:00  -  11:14,11:30  -  11:44,12:00  -  12:14,12:15  -  12:29,12:30  -  12:44,13:30  -  13:44,13:45  -  13:59,14:15  -  14:29,14:30  -  14:44,15:15  -  15:29,15:30  -  15:44,15:45  -  15:59,16:30  -  16:44,16:45  -  16:59,17:00  -  17:14,17:15  -  17:29,18:15  -  18:29,18:30  -  18:44,18:45  -  18:59,19:15  -  19:29,19:30  -  19:44,20:15  -  20:29,20:30  -  20:44,,,,,,,,,,,,,,,,,,,,,,,,,,,,,,,,,,,,,,,,,,,,,,,,,,,,,,,,,,,,,,,,,,,,"
12:00  -  12:14,135190043,Central,Kabwe,Urban,Female,2,,D,Secondary,Christian,Not employed,D,Under K 849,,15 – 18,"8:30  -  8:44,9:00  -  9:14,9:15  -  9:29,10:30  -  10:44,10:45  -  10:59,11:00  -  11:14,11:30  -  11:44,12:00  -  12:14,12:15  -  12:29,12:30  -  12:44,13:30  -  13:44,13:45  -  13:59,14:15  -  14:29,14:30  -  14:44,15:15  -  15:29,15:30  -  15:44,15:45  -  15:59,16:30  -  16:44,16:45  -  16:59,17:00  -  17:14,17:15  -  17:29,18:15  -  18:29,18:30  -  18:44,18:45  -  18:59,19:15  -  19:29,19:30  -  19:44,20:15  -  20:29,20:30  -  20:44,,,,,,,,,,,,,,,,,,,,,,,,,,,,,,,,,,,,,,,,,,,,,,,,,,,,,,,,,,,,,,,,,,,,"
15:15  -  15:29,135190043,Central,Kabwe,Urban,Female,2,,D,Secondary,Christian,Not employed,D,Under K 849,,15 – 18,"8:30  -  8:44,9:00  -  9:14,9:15  -  9:29,10:30  -  10:44,10:45  -  10:59,11:00  -  11:14,11:30  -  11:44,12:00  -  12:14,12:15  -  12:29,12:30  -  12:44,13:30  -  13:44,13:45  -  13:59,14:15  -  14:29,14:30  -  14:44,15:15  -  15:29,15:30  -  15:44,15:45  -  15:59,16:30  -  16:44,16:45  -  16:59,17:00  -  17:14,17:15  -  17:29,18:15  -  18:29,18:30  -  18:44,18:45  -  18:59,19:15  -  19:29,19:30  -  19:44,20:15  -  20:29,20:30  -  20:44,,,,,,,,,,,,,,,,,,,,,,,,,,,,,,,,,,,,,,,,,,,,,,,,,,,,,,,,,,,,,,,,,,,,"
11:00  -  11:14,135190043,Central,Kabwe,Urban,Female,2,,D,Secondary,Christian,Not employed,D,Under K 849,,15 – 18,"8:30  -  8:44,9:00  -  9:14,9:15  -  9:29,10:30  -  10:44,10:45  -  10:59,11:00  -  11:14,11:30  -  11:44,12:00  -  12:14,12:15  -  12:29,12:30  -  12:44,13:30  -  13:44,13:45  -  13:59,14:15  -  14:29,14:30  -  14:44,15:15  -  15:29,15:30  -  15:44,15:45  -  15:59,16:30  -  16:44,16:45  -  16:59,17:00  -  17:14,17:15  -  17:29,18:15  -  18:29,18:30  -  18:44,18:45  -  18:59,19:15  -  19:29,19:30  -  19:44,20:15  -  20:29,20:30  -  20:44,,,,,,,,,,,,,,,,,,,,,,,,,,,,,,,,,,,,,,,,,,,,,,,,,,,,,,,,,,,,,,,,,,,,"
13:45  -  13:59,135190043,Central,Kabwe,Urban,Female,2,,D,Secondary,Christian,Not employed,D,Under K 849,,15 – 18,"8:30  -  8:44,9:00  -  9:14,9:15  -  9:29,10:30  -  10:44,10:45  -  10:59,11:00  -  11:14,11:30  -  11:44,12:00  -  12:14,12:15  -  12:29,12:30  -  12:44,13:30  -  13:44,13:45  -  13:59,14:15  -  14:29,14:30  -  14:44,15:15  -  15:29,15:30  -  15:44,15:45  -  15:59,16:30  -  16:44,16:45  -  16:59,17:00  -  17:14,17:15  -  17:29,18:15  -  18:29,18:30  -  18:44,18:45  -  18:59,19:15  -  19:29,19:30  -  19:44,20:15  -  20:29,20:30  -  20:44,,,,,,,,,,,,,,,,,,,,,,,,,,,,,,,,,,,,,,,,,,,,,,,,,,,,,,,,,,,,,,,,,,,,"
9:15  -  9:29,135190043,Central,Kabwe,Urban,Female,2,,D,Secondary,Christian,Not employed,D,Under K 849,,15 – 18,"8:30  -  8:44,9:00  -  9:14,9:15  -  9:29,10:30  -  10:44,10:45  -  10:59,11:00  -  11:14,11:30  -  11:44,12:00  -  12:14,12:15  -  12:29,12:30  -  12:44,13:30  -  13:44,13:45  -  13:59,14:15  -  14:29,14:30  -  14:44,15:15  -  15:29,15:30  -  15:44,15:45  -  15:59,16:30  -  16:44,16:45  -  16:59,17:00  -  17:14,17:15  -  17:29,18:15  -  18:29,18:30  -  18:44,18:45  -  18:59,19:15  -  19:29,19:30  -  19:44,20:15  -  20:29,20:30  -  20:44,,,,,,,,,,,,,,,,,,,,,,,,,,,,,,,,,,,,,,,,,,,,,,,,,,,,,,,,,,,,,,,,,,,,"
11:30  -  11:44,135190043,Central,Kabwe,Urban,Female,2,,D,Secondary,Christian,Not employed,D,Under K 849,,15 – 18,"8:30  -  8:44,9:00  -  9:14,9:15  -  9:29,10:30  -  10:44,10:45  -  10:59,11:00  -  11:14,11:30  -  11:44,12:00  -  12:14,12:15  -  12:29,12:30  -  12:44,13:30  -  13:44,13:45  -  13:59,14:15  -  14:29,14:30  -  14:44,15:15  -  15:29,15:30  -  15:44,15:45  -  15:59,16:30  -  16:44,16:45  -  16:59,17:00  -  17:14,17:15  -  17:29,18:15  -  18:29,18:30  -  18:44,18:45  -  18:59,19:15  -  19:29,19:30  -  19:44,20:15  -  20:29,20:30  -  20:44,,,,,,,,,,,,,,,,,,,,,,,,,,,,,,,,,,,,,,,,,,,,,,,,,,,,,,,,,,,,,,,,,,,,"
18:45  -  18:59,135190043,Central,Kabwe,Urban,Female,2,,D,Secondary,Christian,Not employed,D,Under K 849,,15 – 18,"8:30  -  8:44,9:00  -  9:14,9:15  -  9:29,10:30  -  10:44,10:45  -  10:59,11:00  -  11:14,11:30  -  11:44,12:00  -  12:14,12:15  -  12:29,12:30  -  12:44,13:30  -  13:44,13:45  -  13:59,14:15  -  14:29,14:30  -  14:44,15:15  -  15:29,15:30  -  15:44,15:45  -  15:59,16:30  -  16:44,16:45  -  16:59,17:00  -  17:14,17:15  -  17:29,18:15  -  18:29,18:30  -  18:44,18:45  -  18:59,19:15  -  19:29,19:30  -  19:44,20:15  -  20:29,20:30  -  20:44,,,,,,,,,,,,,,,,,,,,,,,,,,,,,,,,,,,,,,,,,,,,,,,,,,,,,,,,,,,,,,,,,,,,"
12:30  -  12:44,135190043,Central,Kabwe,Urban,Female,2,,D,Secondary,Christian,Not employed,D,Under K 849,,15 – 18,"8:30  -  8:44,9:00  -  9:14,9:15  -  9:29,10:30  -  10:44,10:45  -  10:59,11:00  -  11:14,11:30  -  11:44,12:00  -  12:14,12:15  -  12:29,12:30  -  12:44,13:30  -  13:44,13:45  -  13:59,14:15  -  14:29,14:30  -  14:44,15:15  -  15:29,15:30  -  15:44,15:45  -  15:59,16:30  -  16:44,16:45  -  16:59,17:00  -  17:14,17:15  -  17:29,18:15  -  18:29,18:30  -  18:44,18:45  -  18:59,19:15  -  19:29,19:30  -  19:44,20:15  -  20:29,20:30  -  20:44,,,,,,,,,,,,,,,,,,,,,,,,,,,,,,,,,,,,,,,,,,,,,,,,,,,,,,,,,,,,,,,,,,,,"
19:15  -  19:29,135190043,Central,Kabwe,Urban,Female,2,,D,Secondary,Christian,Not employed,D,Under K 849,,15 – 18,"8:30  -  8:44,9:00  -  9:14,9:15  -  9:29,10:30  -  10:44,10:45  -  10:59,11:00  -  11:14,11:30  -  11:44,12:00  -  12:14,12:15  -  12:29,12:30  -  12:44,13:30  -  13:44,13:45  -  13:59,14:15  -  14:29,14:30  -  14:44,15:15  -  15:29,15:30  -  15:44,15:45  -  15:59,16:30  -  16:44,16:45  -  16:59,17:00  -  17:14,17:15  -  17:29,18:15  -  18:29,18:30  -  18:44,18:45  -  18:59,19:15  -  19:29,19:30  -  19:44,20:15  -  20:29,20:30  -  20:44,,,,,,,,,,,,,,,,,,,,,,,,,,,,,,,,,,,,,,,,,,,,,,,,,,,,,,,,,,,,,,,,,,,,"
14:30  -  14:44,135190043,Central,Kabwe,Urban,Female,2,,D,Secondary,Christian,Not employed,D,Under K 849,,15 – 18,"8:30  -  8:44,9:00  -  9:14,9:15  -  9:29,10:30  -  10:44,10:45  -  10:59,11:00  -  11:14,11:30  -  11:44,12:00  -  12:14,12:15  -  12:29,12:30  -  12:44,13:30  -  13:44,13:45  -  13:59,14:15  -  14:29,14:30  -  14:44,15:15  -  15:29,15:30  -  15:44,15:45  -  15:59,16:30  -  16:44,16:45  -  16:59,17:00  -  17:14,17:15  -  17:29,18:15  -  18:29,18:30  -  18:44,18:45  -  18:59,19:15  -  19:29,19:30  -  19:44,20:15  -  20:29,20:30  -  20:44,,,,,,,,,,,,,,,,,,,,,,,,,,,,,,,,,,,,,,,,,,,,,,,,,,,,,,,,,,,,,,,,,,,,"
14:15  -  14:29,135190043,Central,Kabwe,Urban,Female,2,,D,Secondary,Christian,Not employed,D,Under K 849,,15 – 18,"8:30  -  8:44,9:00  -  9:14,9:15  -  9:29,10:30  -  10:44,10:45  -  10:59,11:00  -  11:14,11:30  -  11:44,12:00  -  12:14,12:15  -  12:29,12:30  -  12:44,13:30  -  13:44,13:45  -  13:59,14:15  -  14:29,14:30  -  14:44,15:15  -  15:29,15:30  -  15:44,15:45  -  15:59,16:30  -  16:44,16:45  -  16:59,17:00  -  17:14,17:15  -  17:29,18:15  -  18:29,18:30  -  18:44,18:45  -  18:59,19:15  -  19:29,19:30  -  19:44,20:15  -  20:29,20:30  -  20:44,,,,,,,,,,,,,,,,,,,,,,,,,,,,,,,,,,,,,,,,,,,,,,,,,,,,,,,,,,,,,,,,,,,,"
17:15  -  17:29,135190043,Central,Kabwe,Urban,Female,2,,D,Secondary,Christian,Not employed,D,Under K 849,,15 – 18,"8:30  -  8:44,9:00  -  9:14,9:15  -  9:29,10:30  -  10:44,10:45  -  10:59,11:00  -  11:14,11:30  -  11:44,12:00  -  12:14,12:15  -  12:29,12:30  -  12:44,13:30  -  13:44,13:45  -  13:59,14:15  -  14:29,14:30  -  14:44,15:15  -  15:29,15:30  -  15:44,15:45  -  15:59,16:30  -  16:44,16:45  -  16:59,17:00  -  17:14,17:15  -  17:29,18:15  -  18:29,18:30  -  18:44,18:45  -  18:59,19:15  -  19:29,19:30  -  19:44,20:15  -  20:29,20:30  -  20:44,,,,,,,,,,,,,,,,,,,,,,,,,,,,,,,,,,,,,,,,,,,,,,,,,,,,,,,,,,,,,,,,,,,,"
20:15  -  20:29,135190043,Central,Kabwe,Urban,Female,2,,D,Secondary,Christian,Not employed,D,Under K 849,,15 – 18,"8:30  -  8:44,9:00  -  9:14,9:15  -  9:29,10:30  -  10:44,10:45  -  10:59,11:00  -  11:14,11:30  -  11:44,12:00  -  12:14,12:15  -  12:29,12:30  -  12:44,13:30  -  13:44,13:45  -  13:59,14:15  -  14:29,14:30  -  14:44,15:15  -  15:29,15:30  -  15:44,15:45  -  15:59,16:30  -  16:44,16:45  -  16:59,17:00  -  17:14,17:15  -  17:29,18:15  -  18:29,18:30  -  18:44,18:45  -  18:59,19:15  -  19:29,19:30  -  19:44,20:15  -  20:29,20:30  -  20:44,,,,,,,,,,,,,,,,,,,,,,,,,,,,,,,,,,,,,,,,,,,,,,,,,,,,,,,,,,,,,,,,,,,,"
10:45  -  10:59,135190043,Central,Kabwe,Urban,Female,2,,D,Secondary,Christian,Not employed,D,Under K 849,,15 – 18,"8:30  -  8:44,9:00  -  9:14,9:15  -  9:29,10:30  -  10:44,10:45  -  10:59,11:00  -  11:14,11:30  -  11:44,12:00  -  12:14,12:15  -  12:29,12:30  -  12:44,13:30  -  13:44,13:45  -  13:59,14:15  -  14:29,14:30  -  14:44,15:15  -  15:29,15:30  -  15:44,15:45  -  15:59,16:30  -  16:44,16:45  -  16:59,17:00  -  17:14,17:15  -  17:29,18:15  -  18:29,18:30  -  18:44,18:45  -  18:59,19:15  -  19:29,19:30  -  19:44,20:15  -  20:29,20:30  -  20:44,,,,,,,,,,,,,,,,,,,,,,,,,,,,,,,,,,,,,,,,,,,,,,,,,,,,,,,,,,,,,,,,,,,,"
16:30  -  16:44,135190043,Central,Kabwe,Urban,Female,2,,D,Secondary,Christian,Not employed,D,Under K 849,,15 – 18,"8:30  -  8:44,9:00  -  9:14,9:15  -  9:29,10:30  -  10:44,10:45  -  10:59,11:00  -  11:14,11:30  -  11:44,12:00  -  12:14,12:15  -  12:29,12:30  -  12:44,13:30  -  13:44,13:45  -  13:59,14:15  -  14:29,14:30  -  14:44,15:15  -  15:29,15:30  -  15:44,15:45  -  15:59,16:30  -  16:44,16:45  -  16:59,17:00  -  17:14,17:15  -  17:29,18:15  -  18:29,18:30  -  18:44,18:45  -  18:59,19:15  -  19:29,19:30  -  19:44,20:15  -  20:29,20:30  -  20:44,,,,,,,,,,,,,,,,,,,,,,,,,,,,,,,,,,,,,,,,,,,,,,,,,,,,,,,,,,,,,,,,,,,,"
12:15  -  12:29,135190043,Central,Kabwe,Urban,Female,2,,D,Secondary,Christian,Not employed,D,Under K 849,,15 – 18,"8:30  -  8:44,9:00  -  9:14,9:15  -  9:29,10:30  -  10:44,10:45  -  10:59,11:00  -  11:14,11:30  -  11:44,12:00  -  12:14,12:15  -  12:29,12:30  -  12:44,13:30  -  13:44,13:45  -  13:59,14:15  -  14:29,14:30  -  14:44,15:15  -  15:29,15:30  -  15:44,15:45  -  15:59,16:30  -  16:44,16:45  -  16:59,17:00  -  17:14,17:15  -  17:29,18:15  -  18:29,18:30  -  18:44,18:45  -  18:59,19:15  -  19:29,19:30  -  19:44,20:15  -  20:29,20:30  -  20:44,,,,,,,,,,,,,,,,,,,,,,,,,,,,,,,,,,,,,,,,,,,,,,,,,,,,,,,,,,,,,,,,,,,,"
20:30  -  20:44,135190043,Central,Kabwe,Urban,Female,2,,D,Secondary,Christian,Not employed,D,Under K 849,,15 – 18,"8:30  -  8:44,9:00  -  9:14,9:15  -  9:29,10:30  -  10:44,10:45  -  10:59,11:00  -  11:14,11:30  -  11:44,12:00  -  12:14,12:15  -  12:29,12:30  -  12:44,13:30  -  13:44,13:45  -  13:59,14:15  -  14:29,14:30  -  14:44,15:15  -  15:29,15:30  -  15:44,15:45  -  15:59,16:30  -  16:44,16:45  -  16:59,17:00  -  17:14,17:15  -  17:29,18:15  -  18:29,18:30  -  18:44,18:45  -  18:59,19:15  -  19:29,19:30  -  19:44,20:15  -  20:29,20:30  -  20:44,,,,,,,,,,,,,,,,,,,,,,,,,,,,,,,,,,,,,,,,,,,,,,,,,,,,,,,,,,,,,,,,,,,,"
16:45  -  16:59,135190043,Central,Kabwe,Urban,Female,2,,D,Secondary,Christian,Not employed,D,Under K 849,,15 – 18,"8:30  -  8:44,9:00  -  9:14,9:15  -  9:29,10:30  -  10:44,10:45  -  10:59,11:00  -  11:14,11:30  -  11:44,12:00  -  12:14,12:15  -  12:29,12:30  -  12:44,13:30  -  13:44,13:45  -  13:59,14:15  -  14:29,14:30  -  14:44,15:15  -  15:29,15:30  -  15:44,15:45  -  15:59,16:30  -  16:44,16:45  -  16:59,17:00  -  17:14,17:15  -  17:29,18:15  -  18:29,18:30  -  18:44,18:45  -  18:59,19:15  -  19:29,19:30  -  19:44,20:15  -  20:29,20:30  -  20:44,,,,,,,,,,,,,,,,,,,,,,,,,,,,,,,,,,,,,,,,,,,,,,,,,,,,,,,,,,,,,,,,,,,,"
19:30  -  19:44,135190043,Central,Kabwe,Urban,Female,2,,D,Secondary,Christian,Not employed,D,Under K 849,,15 – 18,"8:30  -  8:44,9:00  -  9:14,9:15  -  9:29,10:30  -  10:44,10:45  -  10:59,11:00  -  11:14,11:30  -  11:44,12:00  -  12:14,12:15  -  12:29,12:30  -  12:44,13:30  -  13:44,13:45  -  13:59,14:15  -  14:29,14:30  -  14:44,15:15  -  15:29,15:30  -  15:44,15:45  -  15:59,16:30  -  16:44,16:45  -  16:59,17:00  -  17:14,17:15  -  17:29,18:15  -  18:29,18:30  -  18:44,18:45  -  18:59,19:15  -  19:29,19:30  -  19:44,20:15  -  20:29,20:30  -  20:44,,,,,,,,,,,,,,,,,,,,,,,,,,,,,,,,,,,,,,,,,,,,,,,,,,,,,,,,,,,,,,,,,,,,"
17:00  -  17:14,135190043,Central,Kabwe,Urban,Female,2,,D,Secondary,Christian,Not employed,D,Under K 849,,15 – 18,"8:30  -  8:44,9:00  -  9:14,9:15  -  9:29,10:30  -  10:44,10:45  -  10:59,11:00  -  11:14,11:30  -  11:44,12:00  -  12:14,12:15  -  12:29,12:30  -  12:44,13:30  -  13:44,13:45  -  13:59,14:15  -  14:29,14:30  -  14:44,15:15  -  15:29,15:30  -  15:44,15:45  -  15:59,16:30  -  16:44,16:45  -  16:59,17:00  -  17:14,17:15  -  17:29,18:15  -  18:29,18:30  -  18:44,18:45  -  18:59,19:15  -  19:29,19:30  -  19:44,20:15  -  20:29,20:30  -  20:44,,,,,,,,,,,,,,,,,,,,,,,,,,,,,,,,,,,,,,,,,,,,,,,,,,,,,,,,,,,,,,,,,,,,"
13:30  -  13:44,135190043,Central,Kabwe,Urban,Female,2,,D,Secondary,Christian,Not employed,D,Under K 849,,15 – 18,"8:30  -  8:44,9:00  -  9:14,9:15  -  9:29,10:30  -  10:44,10:45  -  10:59,11:00  -  11:14,11:30  -  11:44,12:00  -  12:14,12:15  -  12:29,12:30  -  12:44,13:30  -  13:44,13:45  -  13:59,14:15  -  14:29,14:30  -  14:44,15:15  -  15:29,15:30  -  15:44,15:45  -  15:59,16:30  -  16:44,16:45  -  16:59,17:00  -  17:14,17:15  -  17:29,18:15  -  18:29,18:30  -  18:44,18:45  -  18:59,19:15  -  19:29,19:30  -  19:44,20:15  -  20:29,20:30  -  20:44,,,,,,,,,,,,,,,,,,,,,,,,,,,,,,,,,,,,,,,,,,,,,,,,,,,,,,,,,,,,,,,,,,,,"
15:45  -  15:59,135190043,Central,Kabwe,Urban,Female,2,,D,Secondary,Christian,Not employed,D,Under K 849,,15 – 18,"8:30  -  8:44,9:00  -  9:14,9:15  -  9:29,10:30  -  10:44,10:45  -  10:59,11:00  -  11:14,11:30  -  11:44,12:00  -  12:14,12:15  -  12:29,12:30  -  12:44,13:30  -  13:44,13:45  -  13:59,14:15  -  14:29,14:30  -  14:44,15:15  -  15:29,15:30  -  15:44,15:45  -  15:59,16:30  -  16:44,16:45  -  16:59,17:00  -  17:14,17:15  -  17:29,18:15  -  18:29,18:30  -  18:44,18:45  -  18:59,19:15  -  19:29,19:30  -  19:44,20:15  -  20:29,20:30  -  20:44,,,,,,,,,,,,,,,,,,,,,,,,,,,,,,,,,,,,,,,,,,,,,,,,,,,,,,,,,,,,,,,,,,,,"
9:00  -  9:14,135190043,Central,Kabwe,Urban,Female,2,,D,Secondary,Christian,Not employed,D,Under K 849,,15 – 18,"8:30  -  8:44,9:00  -  9:14,9:15  -  9:29,10:30  -  10:44,10:45  -  10:59,11:00  -  11:14,11:30  -  11:44,12:00  -  12:14,12:15  -  12:29,12:30  -  12:44,13:30  -  13:44,13:45  -  13:59,14:15  -  14:29,14:30  -  14:44,15:15  -  15:29,15:30  -  15:44,15:45  -  15:59,16:30  -  16:44,16:45  -  16:59,17:00  -  17:14,17:15  -  17:29,18:15  -  18:29,18:30  -  18:44,18:45  -  18:59,19:15  -  19:29,19:30  -  19:44,20:15  -  20:29,20:30  -  20:44,,,,,,,,,,,,,,,,,,,,,,,,,,,,,,,,,,,,,,,,,,,,,,,,,,,,,,,,,,,,,,,,,,,,"
8:30  -  8:44,135190043,Central,Kabwe,Urban,Female,2,,D,Secondary,Christian,Not employed,D,Under K 849,,15 – 18,"8:30  -  8:44,9:00  -  9:14,9:15  -  9:29,10:30  -  10:44,10:45  -  10:59,11:00  -  11:14,11:30  -  11:44,12:00  -  12:14,12:15  -  12:29,12:30  -  12:44,13:30  -  13:44,13:45  -  13:59,14:15  -  14:29,14:30  -  14:44,15:15  -  15:29,15:30  -  15:44,15:45  -  15:59,16:30  -  16:44,16:45  -  16:59,17:00  -  17:14,17:15  -  17:29,18:15  -  18:29,18:30  -  18:44,18:45  -  18:59,19:15  -  19:29,19:30  -  19:44,20:15  -  20:29,20:30  -  20:44,,,,,,,,,,,,,,,,,,,,,,,,,,,,,,,,,,,,,,,,,,,,,,,,,,,,,,,,,,,,,,,,,,,,"
18:15  -  18:29,135190043,Central,Kabwe,Urban,Female,2,,D,Secondary,Christian,Not employed,D,Under K 849,,15 – 18,"8:30  -  8:44,9:00  -  9:14,9:15  -  9:29,10:30  -  10:44,10:45  -  10:59,11:00  -  11:14,11:30  -  11:44,12:00  -  12:14,12:15  -  12:29,12:30  -  12:44,13:30  -  13:44,13:45  -  13:59,14:15  -  14:29,14:30  -  14:44,15:15  -  15:29,15:30  -  15:44,15:45  -  15:59,16:30  -  16:44,16:45  -  16:59,17:00  -  17:14,17:15  -  17:29,18:15  -  18:29,18:30  -  18:44,18:45  -  18:59,19:15  -  19:29,19:30  -  19:44,20:15  -  20:29,20:30  -  20:44,,,,,,,,,,,,,,,,,,,,,,,,,,,,,,,,,,,,,,,,,,,,,,,,,,,,,,,,,,,,,,,,,,,,"
15:30  -  15:44,135190043,Central,Kabwe,Urban,Female,2,,D,Secondary,Christian,Not employed,D,Under K 849,,15 – 18,"8:30  -  8:44,9:00  -  9:14,9:15  -  9:29,10:30  -  10:44,10:45  -  10:59,11:00  -  11:14,11:30  -  11:44,12:00  -  12:14,12:15  -  12:29,12:30  -  12:44,13:30  -  13:44,13:45  -  13:59,14:15  -  14:29,14:30  -  14:44,15:15  -  15:29,15:30  -  15:44,15:45  -  15:59,16:30  -  16:44,16:45  -  16:59,17:00  -  17:14,17:15  -  17:29,18:15  -  18:29,18:30  -  18:44,18:45  -  18:59,19:15  -  19:29,19:30  -  19:44,20:15  -  20:29,20:30  -  20:44,,,,,,,,,,,,,,,,,,,,,,,,,,,,,,,,,,,,,,,,,,,,,,,,,,,,,,,,,,,,,,,,,,,,"
18:30  -  18:44,135190043,Central,Kabwe,Urban,Female,2,,D,Secondary,Christian,Not employed,D,Under K 849,,15 – 18,"8:30  -  8:44,9:00  -  9:14,9:15  -  9:29,10:30  -  10:44,10:45  -  10:59,11:00  -  11:14,11:30  -  11:44,12:00  -  12:14,12:15  -  12:29,12:30  -  12:44,13:30  -  13:44,13:45  -  13:59,14:15  -  14:29,14:30  -  14:44,15:15  -  15:29,15:30  -  15:44,15:45  -  15:59,16:30  -  16:44,16:45  -  16:59,17:00  -  17:14,17:15  -  17:29,18:15  -  18:29,18:30  -  18:44,18:45  -  18:59,19:15  -  19:29,19:30  -  19:44,20:15  -  20:29,20:30  -  20:44,,,,,,,,,,,,,,,,,,,,,,,,,,,,,,,,,,,,,,,,,,,,,,,,,,,,,,,,,,,,,,,,,,,,"
10:30  -  10:44,135092929,Central,Kapiri Mposhi,Rural,Female,2,,D,Primary,Christian,Employed for cash,D,Under K 849,,15 – 18,"6:15  -  6:29,6:30  -  6:44,6:45  -  6:59,7:00  -  7:14,7:15  -  7:29,7:30  -  7:44,7:45  -  7:59,8:00  -  8:14,8:15  -  8:29,8:30  -  8:44,8:45  -  8:59,9:00  -  9:14,9:15  -  9:29,9:30  -  9:44,9:45  -  9:59,10:00  -  10:14,10:15  -  10:29,10:30  -  10:44,10:45  -  10:59,11:00  -  11:14,11:15  -  11:29,11:30  -  11:44,11:45  -  11:59,12:00  -  12:14,12:15  -  12:29,12:30  -  12:44,12:45  -  12:59,13:00  -  13:14,13:15  -  13:29,13:30  -  13:44,13:45  -  13:59,14:00  -  14:14,14:15  -  14:29,14:30  -  14:44,14:45  -  14:59,15:00  -  15:14,15:15  -  15:29,15:30  -  15:44,15:45  -  15:59,16:00  -  16:14,16:15  -  16:29,16:30  -  16:44,16:45  -  16:59,17:00  -  17:14,17:15  -  17:29,17:30  -  17:44,17:45  -  17:59,,,,,,,,,,,,,,,,,,,,,,,,,,,,,,,,,,,,,,,,,,,,,,,,,"
12:00  -  12:14,135092929,Central,Kapiri Mposhi,Rural,Female,2,,D,Primary,Christian,Employed for cash,D,Under K 849,,15 – 18,"6:15  -  6:29,6:30  -  6:44,6:45  -  6:59,7:00  -  7:14,7:15  -  7:29,7:30  -  7:44,7:45  -  7:59,8:00  -  8:14,8:15  -  8:29,8:30  -  8:44,8:45  -  8:59,9:00  -  9:14,9:15  -  9:29,9:30  -  9:44,9:45  -  9:59,10:00  -  10:14,10:15  -  10:29,10:30  -  10:44,10:45  -  10:59,11:00  -  11:14,11:15  -  11:29,11:30  -  11:44,11:45  -  11:59,12:00  -  12:14,12:15  -  12:29,12:30  -  12:44,12:45  -  12:59,13:00  -  13:14,13:15  -  13:29,13:30  -  13:44,13:45  -  13:59,14:00  -  14:14,14:15  -  14:29,14:30  -  14:44,14:45  -  14:59,15:00  -  15:14,15:15  -  15:29,15:30  -  15:44,15:45  -  15:59,16:00  -  16:14,16:15  -  16:29,16:30  -  16:44,16:45  -  16:59,17:00  -  17:14,17:15  -  17:29,17:30  -  17:44,17:45  -  17:59,,,,,,,,,,,,,,,,,,,,,,,,,,,,,,,,,,,,,,,,,,,,,,,,,"
15:15  -  15:29,135092929,Central,Kapiri Mposhi,Rural,Female,2,,D,Primary,Christian,Employed for cash,D,Under K 849,,15 – 18,"6:15  -  6:29,6:30  -  6:44,6:45  -  6:59,7:00  -  7:14,7:15  -  7:29,7:30  -  7:44,7:45  -  7:59,8:00  -  8:14,8:15  -  8:29,8:30  -  8:44,8:45  -  8:59,9:00  -  9:14,9:15  -  9:29,9:30  -  9:44,9:45  -  9:59,10:00  -  10:14,10:15  -  10:29,10:30  -  10:44,10:45  -  10:59,11:00  -  11:14,11:15  -  11:29,11:30  -  11:44,11:45  -  11:59,12:00  -  12:14,12:15  -  12:29,12:30  -  12:44,12:45  -  12:59,13:00  -  13:14,13:15  -  13:29,13:30  -  13:44,13:45  -  13:59,14:00  -  14:14,14:15  -  14:29,14:30  -  14:44,14:45  -  14:59,15:00  -  15:14,15:15  -  15:29,15:30  -  15:44,15:45  -  15:59,16:00  -  16:14,16:15  -  16:29,16:30  -  16:44,16:45  -  16:59,17:00  -  17:14,17:15  -  17:29,17:30  -  17:44,17:45  -  17:59,,,,,,,,,,,,,,,,,,,,,,,,,,,,,,,,,,,,,,,,,,,,,,,,,"
10:15  -  10:29,135092929,Central,Kapiri Mposhi,Rural,Female,2,,D,Primary,Christian,Employed for cash,D,Under K 849,,15 – 18,"6:15  -  6:29,6:30  -  6:44,6:45  -  6:59,7:00  -  7:14,7:15  -  7:29,7:30  -  7:44,7:45  -  7:59,8:00  -  8:14,8:15  -  8:29,8:30  -  8:44,8:45  -  8:59,9:00  -  9:14,9:15  -  9:29,9:30  -  9:44,9:45  -  9:59,10:00  -  10:14,10:15  -  10:29,10:30  -  10:44,10:45  -  10:59,11:00  -  11:14,11:15  -  11:29,11:30  -  11:44,11:45  -  11:59,12:00  -  12:14,12:15  -  12:29,12:30  -  12:44,12:45  -  12:59,13:00  -  13:14,13:15  -  13:29,13:30  -  13:44,13:45  -  13:59,14:00  -  14:14,14:15  -  14:29,14:30  -  14:44,14:45  -  14:59,15:00  -  15:14,15:15  -  15:29,15:30  -  15:44,15:45  -  15:59,16:00  -  16:14,16:15  -  16:29,16:30  -  16:44,16:45  -  16:59,17:00  -  17:14,17:15  -  17:29,17:30  -  17:44,17:45  -  17:59,,,,,,,,,,,,,,,,,,,,,,,,,,,,,,,,,,,,,,,,,,,,,,,,,"
7:45  -  7:59,135092929,Central,Kapiri Mposhi,Rural,Female,2,,D,Primary,Christian,Employed for cash,D,Under K 849,,15 – 18,"6:15  -  6:29,6:30  -  6:44,6:45  -  6:59,7:00  -  7:14,7:15  -  7:29,7:30  -  7:44,7:45  -  7:59,8:00  -  8:14,8:15  -  8:29,8:30  -  8:44,8:45  -  8:59,9:00  -  9:14,9:15  -  9:29,9:30  -  9:44,9:45  -  9:59,10:00  -  10:14,10:15  -  10:29,10:30  -  10:44,10:45  -  10:59,11:00  -  11:14,11:15  -  11:29,11:30  -  11:44,11:45  -  11:59,12:00  -  12:14,12:15  -  12:29,12:30  -  12:44,12:45  -  12:59,13:00  -  13:14,13:15  -  13:29,13:30  -  13:44,13:45  -  13:59,14:00  -  14:14,14:15  -  14:29,14:30  -  14:44,14:45  -  14:59,15:00  -  15:14,15:15  -  15:29,15:30  -  15:44,15:45  -  15:59,16:00  -  16:14,16:15  -  16:29,16:30  -  16:44,16:45  -  16:59,17:00  -  17:14,17:15  -  17:29,17:30  -  17:44,17:45  -  17:59,,,,,,,,,,,,,,,,,,,,,,,,,,,,,,,,,,,,,,,,,,,,,,,,,"
11:00  -  11:14,135092929,Central,Kapiri Mposhi,Rural,Female,2,,D,Primary,Christian,Employed for cash,D,Under K 849,,15 – 18,"6:15  -  6:29,6:30  -  6:44,6:45  -  6:59,7:00  -  7:14,7:15  -  7:29,7:30  -  7:44,7:45  -  7:59,8:00  -  8:14,8:15  -  8:29,8:30  -  8:44,8:45  -  8:59,9:00  -  9:14,9:15  -  9:29,9:30  -  9:44,9:45  -  9:59,10:00  -  10:14,10:15  -  10:29,10:30  -  10:44,10:45  -  10:59,11:00  -  11:14,11:15  -  11:29,11:30  -  11:44,11:45  -  11:59,12:00  -  12:14,12:15  -  12:29,12:30  -  12:44,12:45  -  12:59,13:00  -  13:14,13:15  -  13:29,13:30  -  13:44,13:45  -  13:59,14:00  -  14:14,14:15  -  14:29,14:30  -  14:44,14:45  -  14:59,15:00  -  15:14,15:15  -  15:29,15:30  -  15:44,15:45  -  15:59,16:00  -  16:14,16:15  -  16:29,16:30  -  16:44,16:45  -  16:59,17:00  -  17:14,17:15  -  17:29,17:30  -  17:44,17:45  -  17:59,,,,,,,,,,,,,,,,,,,,,,,,,,,,,,,,,,,,,,,,,,,,,,,,,"
13:45  -  13:59,135092929,Central,Kapiri Mposhi,Rural,Female,2,,D,Primary,Christian,Employed for cash,D,Under K 849,,15 – 18,"6:15  -  6:29,6:30  -  6:44,6:45  -  6:59,7:00  -  7:14,7:15  -  7:29,7:30  -  7:44,7:45  -  7:59,8:00  -  8:14,8:15  -  8:29,8:30  -  8:44,8:45  -  8:59,9:00  -  9:14,9:15  -  9:29,9:30  -  9:44,9:45  -  9:59,10:00  -  10:14,10:15  -  10:29,10:30  -  10:44,10:45  -  10:59,11:00  -  11:14,11:15  -  11:29,11:30  -  11:44,11:45  -  11:59,12:00  -  12:14,12:15  -  12:29,12:30  -  12:44,12:45  -  12:59,13:00  -  13:14,13:15  -  13:29,13:30  -  13:44,13:45  -  13:59,14:00  -  14:14,14:15  -  14:29,14:30  -  14:44,14:45  -  14:59,15:00  -  15:14,15:15  -  15:29,15:30  -  15:44,15:45  -  15:59,16:00  -  16:14,16:15  -  16:29,16:30  -  16:44,16:45  -  16:59,17:00  -  17:14,17:15  -  17:29,17:30  -  17:44,17:45  -  17:59,,,,,,,,,,,,,,,,,,,,,,,,,,,,,,,,,,,,,,,,,,,,,,,,,"
9:15  -  9:29,135092929,Central,Kapiri Mposhi,Rural,Female,2,,D,Primary,Christian,Employed for cash,D,Under K 849,,15 – 18,"6:15  -  6:29,6:30  -  6:44,6:45  -  6:59,7:00  -  7:14,7:15  -  7:29,7:30  -  7:44,7:45  -  7:59,8:00  -  8:14,8:15  -  8:29,8:30  -  8:44,8:45  -  8:59,9:00  -  9:14,9:15  -  9:29,9:30  -  9:44,9:45  -  9:59,10:00  -  10:14,10:15  -  10:29,10:30  -  10:44,10:45  -  10:59,11:00  -  11:14,11:15  -  11:29,11:30  -  11:44,11:45  -  11:59,12:00  -  12:14,12:15  -  12:29,12:30  -  12:44,12:45  -  12:59,13:00  -  13:14,13:15  -  13:29,13:30  -  13:44,13:45  -  13:59,14:00  -  14:14,14:15  -  14:29,14:30  -  14:44,14:45  -  14:59,15:00  -  15:14,15:15  -  15:29,15:30  -  15:44,15:45  -  15:59,16:00  -  16:14,16:15  -  16:29,16:30  -  16:44,16:45  -  16:59,17:00  -  17:14,17:15  -  17:29,17:30  -  17:44,17:45  -  17:59,,,,,,,,,,,,,,,,,,,,,,,,,,,,,,,,,,,,,,,,,,,,,,,,,"
11:30  -  11:44,135092929,Central,Kapiri Mposhi,Rural,Female,2,,D,Primary,Christian,Employed for cash,D,Under K 849,,15 – 18,"6:15  -  6:29,6:30  -  6:44,6:45  -  6:59,7:00  -  7:14,7:15  -  7:29,7:30  -  7:44,7:45  -  7:59,8:00  -  8:14,8:15  -  8:29,8:30  -  8:44,8:45  -  8:59,9:00  -  9:14,9:15  -  9:29,9:30  -  9:44,9:45  -  9:59,10:00  -  10:14,10:15  -  10:29,10:30  -  10:44,10:45  -  10:59,11:00  -  11:14,11:15  -  11:29,11:30  -  11:44,11:45  -  11:59,12:00  -  12:14,12:15  -  12:29,12:30  -  12:44,12:45  -  12:59,13:00  -  13:14,13:15  -  13:29,13:30  -  13:44,13:45  -  13:59,14:00  -  14:14,14:15  -  14:29,14:30  -  14:44,14:45  -  14:59,15:00  -  15:14,15:15  -  15:29,15:30  -  15:44,15:45  -  15:59,16:00  -  16:14,16:15  -  16:29,16:30  -  16:44,16:45  -  16:59,17:00  -  17:14,17:15  -  17:29,17:30  -  17:44,17:45  -  17:59,,,,,,,,,,,,,,,,,,,,,,,,,,,,,,,,,,,,,,,,,,,,,,,,,"
11:45  -  11:59,135092929,Central,Kapiri Mposhi,Rural,Female,2,,D,Primary,Christian,Employed for cash,D,Under K 849,,15 – 18,"6:15  -  6:29,6:30  -  6:44,6:45  -  6:59,7:00  -  7:14,7:15  -  7:29,7:30  -  7:44,7:45  -  7:59,8:00  -  8:14,8:15  -  8:29,8:30  -  8:44,8:45  -  8:59,9:00  -  9:14,9:15  -  9:29,9:30  -  9:44,9:45  -  9:59,10:00  -  10:14,10:15  -  10:29,10:30  -  10:44,10:45  -  10:59,11:00  -  11:14,11:15  -  11:29,11:30  -  11:44,11:45  -  11:59,12:00  -  12:14,12:15  -  12:29,12:30  -  12:44,12:45  -  12:59,13:00  -  13:14,13:15  -  13:29,13:30  -  13:44,13:45  -  13:59,14:00  -  14:14,14:15  -  14:29,14:30  -  14:44,14:45  -  14:59,15:00  -  15:14,15:15  -  15:29,15:30  -  15:44,15:45  -  15:59,16:00  -  16:14,16:15  -  16:29,16:30  -  16:44,16:45  -  16:59,17:00  -  17:14,17:15  -  17:29,17:30  -  17:44,17:45  -  17:59,,,,,,,,,,,,,,,,,,,,,,,,,,,,,,,,,,,,,,,,,,,,,,,,,"
12:30  -  12:44,135092929,Central,Kapiri Mposhi,Rural,Female,2,,D,Primary,Christian,Employed for cash,D,Under K 849,,15 – 18,"6:15  -  6:29,6:30  -  6:44,6:45  -  6:59,7:00  -  7:14,7:15  -  7:29,7:30  -  7:44,7:45  -  7:59,8:00  -  8:14,8:15  -  8:29,8:30  -  8:44,8:45  -  8:59,9:00  -  9:14,9:15  -  9:29,9:30  -  9:44,9:45  -  9:59,10:00  -  10:14,10:15  -  10:29,10:30  -  10:44,10:45  -  10:59,11:00  -  11:14,11:15  -  11:29,11:30  -  11:44,11:45  -  11:59,12:00  -  12:14,12:15  -  12:29,12:30  -  12:44,12:45  -  12:59,13:00  -  13:14,13:15  -  13:29,13:30  -  13:44,13:45  -  13:59,14:00  -  14:14,14:15  -  14:29,14:30  -  14:44,14:45  -  14:59,15:00  -  15:14,15:15  -  15:29,15:30  -  15:44,15:45  -  15:59,16:00  -  16:14,16:15  -  16:29,16:30  -  16:44,16:45  -  16:59,17:00  -  17:14,17:15  -  17:29,17:30  -  17:44,17:45  -  17:59,,,,,,,,,,,,,,,,,,,,,,,,,,,,,,,,,,,,,,,,,,,,,,,,,"
14:30  -  14:44,135092929,Central,Kapiri Mposhi,Rural,Female,2,,D,Primary,Christian,Employed for cash,D,Under K 849,,15 – 18,"6:15  -  6:29,6:30  -  6:44,6:45  -  6:59,7:00  -  7:14,7:15  -  7:29,7:30  -  7:44,7:45  -  7:59,8:00  -  8:14,8:15  -  8:29,8:30  -  8:44,8:45  -  8:59,9:00  -  9:14,9:15  -  9:29,9:30  -  9:44,9:45  -  9:59,10:00  -  10:14,10:15  -  10:29,10:30  -  10:44,10:45  -  10:59,11:00  -  11:14,11:15  -  11:29,11:30  -  11:44,11:45  -  11:59,12:00  -  12:14,12:15  -  12:29,12:30  -  12:44,12:45  -  12:59,13:00  -  13:14,13:15  -  13:29,13:30  -  13:44,13:45  -  13:59,14:00  -  14:14,14:15  -  14:29,14:30  -  14:44,14:45  -  14:59,15:00  -  15:14,15:15  -  15:29,15:30  -  15:44,15:45  -  15:59,16:00  -  16:14,16:15  -  16:29,16:30  -  16:44,16:45  -  16:59,17:00  -  17:14,17:15  -  17:29,17:30  -  17:44,17:45  -  17:59,,,,,,,,,,,,,,,,,,,,,,,,,,,,,,,,,,,,,,,,,,,,,,,,,"
14:15  -  14:29,135092929,Central,Kapiri Mposhi,Rural,Female,2,,D,Primary,Christian,Employed for cash,D,Under K 849,,15 – 18,"6:15  -  6:29,6:30  -  6:44,6:45  -  6:59,7:00  -  7:14,7:15  -  7:29,7:30  -  7:44,7:45  -  7:59,8:00  -  8:14,8:15  -  8:29,8:30  -  8:44,8:45  -  8:59,9:00  -  9:14,9:15  -  9:29,9:30  -  9:44,9:45  -  9:59,10:00  -  10:14,10:15  -  10:29,10:30  -  10:44,10:45  -  10:59,11:00  -  11:14,11:15  -  11:29,11:30  -  11:44,11:45  -  11:59,12:00  -  12:14,12:15  -  12:29,12:30  -  12:44,12:45  -  12:59,13:00  -  13:14,13:15  -  13:29,13:30  -  13:44,13:45  -  13:59,14:00  -  14:14,14:15  -  14:29,14:30  -  14:44,14:45  -  14:59,15:00  -  15:14,15:15  -  15:29,15:30  -  15:44,15:45  -  15:59,16:00  -  16:14,16:15  -  16:29,16:30  -  16:44,16:45  -  16:59,17:00  -  17:14,17:15  -  17:29,17:30  -  17:44,17:45  -  17:59,,,,,,,,,,,,,,,,,,,,,,,,,,,,,,,,,,,,,,,,,,,,,,,,,"
7:30  -  7:44,135092929,Central,Kapiri Mposhi,Rural,Female,2,,D,Primary,Christian,Employed for cash,D,Under K 849,,15 – 18,"6:15  -  6:29,6:30  -  6:44,6:45  -  6:59,7:00  -  7:14,7:15  -  7:29,7:30  -  7:44,7:45  -  7:59,8:00  -  8:14,8:15  -  8:29,8:30  -  8:44,8:45  -  8:59,9:00  -  9:14,9:15  -  9:29,9:30  -  9:44,9:45  -  9:59,10:00  -  10:14,10:15  -  10:29,10:30  -  10:44,10:45  -  10:59,11:00  -  11:14,11:15  -  11:29,11:30  -  11:44,11:45  -  11:59,12:00  -  12:14,12:15  -  12:29,12:30  -  12:44,12:45  -  12:59,13:00  -  13:14,13:15  -  13:29,13:30  -  13:44,13:45  -  13:59,14:00  -  14:14,14:15  -  14:29,14:30  -  14:44,14:45  -  14:59,15:00  -  15:14,15:15  -  15:29,15:30  -  15:44,15:45  -  15:59,16:00  -  16:14,16:15  -  16:29,16:30  -  16:44,16:45  -  16:59,17:00  -  17:14,17:15  -  17:29,17:30  -  17:44,17:45  -  17:59,,,,,,,,,,,,,,,,,,,,,,,,,,,,,,,,,,,,,,,,,,,,,,,,,"
8:00  -  8:14,135092929,Central,Kapiri Mposhi,Rural,Female,2,,D,Primary,Christian,Employed for cash,D,Under K 849,,15 – 18,"6:15  -  6:29,6:30  -  6:44,6:45  -  6:59,7:00  -  7:14,7:15  -  7:29,7:30  -  7:44,7:45  -  7:59,8:00  -  8:14,8:15  -  8:29,8:30  -  8:44,8:45  -  8:59,9:00  -  9:14,9:15  -  9:29,9:30  -  9:44,9:45  -  9:59,10:00  -  10:14,10:15  -  10:29,10:30  -  10:44,10:45  -  10:59,11:00  -  11:14,11:15  -  11:29,11:30  -  11:44,11:45  -  11:59,12:00  -  12:14,12:15  -  12:29,12:30  -  12:44,12:45  -  12:59,13:00  -  13:14,13:15  -  13:29,13:30  -  13:44,13:45  -  13:59,14:00  -  14:14,14:15  -  14:29,14:30  -  14:44,14:45  -  14:59,15:00  -  15:14,15:15  -  15:29,15:30  -  15:44,15:45  -  15:59,16:00  -  16:14,16:15  -  16:29,16:30  -  16:44,16:45  -  16:59,17:00  -  17:14,17:15  -  17:29,17:30  -  17:44,17:45  -  17:59,,,,,,,,,,,,,,,,,,,,,,,,,,,,,,,,,,,,,,,,,,,,,,,,,"
17:15  -  17:29,135092929,Central,Kapiri Mposhi,Rural,Female,2,,D,Primary,Christian,Employed for cash,D,Under K 849,,15 – 18,"6:15  -  6:29,6:30  -  6:44,6:45  -  6:59,7:00  -  7:14,7:15  -  7:29,7:30  -  7:44,7:45  -  7:59,8:00  -  8:14,8:15  -  8:29,8:30  -  8:44,8:45  -  8:59,9:00  -  9:14,9:15  -  9:29,9:30  -  9:44,9:45  -  9:59,10:00  -  10:14,10:15  -  10:29,10:30  -  10:44,10:45  -  10:59,11:00  -  11:14,11:15  -  11:29,11:30  -  11:44,11:45  -  11:59,12:00  -  12:14,12:15  -  12:29,12:30  -  12:44,12:45  -  12:59,13:00  -  13:14,13:15  -  13:29,13:30  -  13:44,13:45  -  13:59,14:00  -  14:14,14:15  -  14:29,14:30  -  14:44,14:45  -  14:59,15:00  -  15:14,15:15  -  15:29,15:30  -  15:44,15:45  -  15:59,16:00  -  16:14,16:15  -  16:29,16:30  -  16:44,16:45  -  16:59,17:00  -  17:14,17:15  -  17:29,17:30  -  17:44,17:45  -  17:59,,,,,,,,,,,,,,,,,,,,,,,,,,,,,,,,,,,,,,,,,,,,,,,,,"
15:00  -  15:14,135092929,Central,Kapiri Mposhi,Rural,Female,2,,D,Primary,Christian,Employed for cash,D,Under K 849,,15 – 18,"6:15  -  6:29,6:30  -  6:44,6:45  -  6:59,7:00  -  7:14,7:15  -  7:29,7:30  -  7:44,7:45  -  7:59,8:00  -  8:14,8:15  -  8:29,8:30  -  8:44,8:45  -  8:59,9:00  -  9:14,9:15  -  9:29,9:30  -  9:44,9:45  -  9:59,10:00  -  10:14,10:15  -  10:29,10:30  -  10:44,10:45  -  10:59,11:00  -  11:14,11:15  -  11:29,11:30  -  11:44,11:45  -  11:59,12:00  -  12:14,12:15  -  12:29,12:30  -  12:44,12:45  -  12:59,13:00  -  13:14,13:15  -  13:29,13:30  -  13:44,13:45  -  13:59,14:00  -  14:14,14:15  -  14:29,14:30  -  14:44,14:45  -  14:59,15:00  -  15:14,15:15  -  15:29,15:30  -  15:44,15:45  -  15:59,16:00  -  16:14,16:15  -  16:29,16:30  -  16:44,16:45  -  16:59,17:00  -  17:14,17:15  -  17:29,17:30  -  17:44,17:45  -  17:59,,,,,,,,,,,,,,,,,,,,,,,,,,,,,,,,,,,,,,,,,,,,,,,,,"
10:00  -  10:14,135092929,Central,Kapiri Mposhi,Rural,Female,2,,D,Primary,Christian,Employed for cash,D,Under K 849,,15 – 18,"6:15  -  6:29,6:30  -  6:44,6:45  -  6:59,7:00  -  7:14,7:15  -  7:29,7:30  -  7:44,7:45  -  7:59,8:00  -  8:14,8:15  -  8:29,8:30  -  8:44,8:45  -  8:59,9:00  -  9:14,9:15  -  9:29,9:30  -  9:44,9:45  -  9:59,10:00  -  10:14,10:15  -  10:29,10:30  -  10:44,10:45  -  10:59,11:00  -  11:14,11:15  -  11:29,11:30  -  11:44,11:45  -  11:59,12:00  -  12:14,12:15  -  12:29,12:30  -  12:44,12:45  -  12:59,13:00  -  13:14,13:15  -  13:29,13:30  -  13:44,13:45  -  13:59,14:00  -  14:14,14:15  -  14:29,14:30  -  14:44,14:45  -  14:59,15:00  -  15:14,15:15  -  15:29,15:30  -  15:44,15:45  -  15:59,16:00  -  16:14,16:15  -  16:29,16:30  -  16:44,16:45  -  16:59,17:00  -  17:14,17:15  -  17:29,17:30  -  17:44,17:45  -  17:59,,,,,,,,,,,,,,,,,,,,,,,,,,,,,,,,,,,,,,,,,,,,,,,,,"
10:45  -  10:59,135092929,Central,Kapiri Mposhi,Rural,Female,2,,D,Primary,Christian,Employed for cash,D,Under K 849,,15 – 18,"6:15  -  6:29,6:30  -  6:44,6:45  -  6:59,7:00  -  7:14,7:15  -  7:29,7:30  -  7:44,7:45  -  7:59,8:00  -  8:14,8:15  -  8:29,8:30  -  8:44,8:45  -  8:59,9:00  -  9:14,9:15  -  9:29,9:30  -  9:44,9:45  -  9:59,10:00  -  10:14,10:15  -  10:29,10:30  -  10:44,10:45  -  10:59,11:00  -  11:14,11:15  -  11:29,11:30  -  11:44,11:45  -  11:59,12:00  -  12:14,12:15  -  12:29,12:30  -  12:44,12:45  -  12:59,13:00  -  13:14,13:15  -  13:29,13:30  -  13:44,13:45  -  13:59,14:00  -  14:14,14:15  -  14:29,14:30  -  14:44,14:45  -  14:59,15:00  -  15:14,15:15  -  15:29,15:30  -  15:44,15:45  -  15:59,16:00  -  16:14,16:15  -  16:29,16:30  -  16:44,16:45  -  16:59,17:00  -  17:14,17:15  -  17:29,17:30  -  17:44,17:45  -  17:59,,,,,,,,,,,,,,,,,,,,,,,,,,,,,,,,,,,,,,,,,,,,,,,,,"
16:30  -  16:44,135092929,Central,Kapiri Mposhi,Rural,Female,2,,D,Primary,Christian,Employed for cash,D,Under K 849,,15 – 18,"6:15  -  6:29,6:30  -  6:44,6:45  -  6:59,7:00  -  7:14,7:15  -  7:29,7:30  -  7:44,7:45  -  7:59,8:00  -  8:14,8:15  -  8:29,8:30  -  8:44,8:45  -  8:59,9:00  -  9:14,9:15  -  9:29,9:30  -  9:44,9:45  -  9:59,10:00  -  10:14,10:15  -  10:29,10:30  -  10:44,10:45  -  10:59,11:00  -  11:14,11:15  -  11:29,11:30  -  11:44,11:45  -  11:59,12:00  -  12:14,12:15  -  12:29,12:30  -  12:44,12:45  -  12:59,13:00  -  13:14,13:15  -  13:29,13:30  -  13:44,13:45  -  13:59,14:00  -  14:14,14:15  -  14:29,14:30  -  14:44,14:45  -  14:59,15:00  -  15:14,15:15  -  15:29,15:30  -  15:44,15:45  -  15:59,16:00  -  16:14,16:15  -  16:29,16:30  -  16:44,16:45  -  16:59,17:00  -  17:14,17:15  -  17:29,17:30  -  17:44,17:45  -  17:59,,,,,,,,,,,,,,,,,,,,,,,,,,,,,,,,,,,,,,,,,,,,,,,,,"
14:00  -  14:14,135092929,Central,Kapiri Mposhi,Rural,Female,2,,D,Primary,Christian,Employed for cash,D,Under K 849,,15 – 18,"6:15  -  6:29,6:30  -  6:44,6:45  -  6:59,7:00  -  7:14,7:15  -  7:29,7:30  -  7:44,7:45  -  7:59,8:00  -  8:14,8:15  -  8:29,8:30  -  8:44,8:45  -  8:59,9:00  -  9:14,9:15  -  9:29,9:30  -  9:44,9:45  -  9:59,10:00  -  10:14,10:15  -  10:29,10:30  -  10:44,10:45  -  10:59,11:00  -  11:14,11:15  -  11:29,11:30  -  11:44,11:45  -  11:59,12:00  -  12:14,12:15  -  12:29,12:30  -  12:44,12:45  -  12:59,13:00  -  13:14,13:15  -  13:29,13:30  -  13:44,13:45  -  13:59,14:00  -  14:14,14:15  -  14:29,14:30  -  14:44,14:45  -  14:59,15:00  -  15:14,15:15  -  15:29,15:30  -  15:44,15:45  -  15:59,16:00  -  16:14,16:15  -  16:29,16:30  -  16:44,16:45  -  16:59,17:00  -  17:14,17:15  -  17:29,17:30  -  17:44,17:45  -  17:59,,,,,,,,,,,,,,,,,,,,,,,,,,,,,,,,,,,,,,,,,,,,,,,,,"
17:45  -  17:59,135092929,Central,Kapiri Mposhi,Rural,Female,2,,D,Primary,Christian,Employed for cash,D,Under K 849,,15 – 18,"6:15  -  6:29,6:30  -  6:44,6:45  -  6:59,7:00  -  7:14,7:15  -  7:29,7:30  -  7:44,7:45  -  7:59,8:00  -  8:14,8:15  -  8:29,8:30  -  8:44,8:45  -  8:59,9:00  -  9:14,9:15  -  9:29,9:30  -  9:44,9:45  -  9:59,10:00  -  10:14,10:15  -  10:29,10:30  -  10:44,10:45  -  10:59,11:00  -  11:14,11:15  -  11:29,11:30  -  11:44,11:45  -  11:59,12:00  -  12:14,12:15  -  12:29,12:30  -  12:44,12:45  -  12:59,13:00  -  13:14,13:15  -  13:29,13:30  -  13:44,13:45  -  13:59,14:00  -  14:14,14:15  -  14:29,14:30  -  14:44,14:45  -  14:59,15:00  -  15:14,15:15  -  15:29,15:30  -  15:44,15:45  -  15:59,16:00  -  16:14,16:15  -  16:29,16:30  -  16:44,16:45  -  16:59,17:00  -  17:14,17:15  -  17:29,17:30  -  17:44,17:45  -  17:59,,,,,,,,,,,,,,,,,,,,,,,,,,,,,,,,,,,,,,,,,,,,,,,,,"
12:15  -  12:29,135092929,Central,Kapiri Mposhi,Rural,Female,2,,D,Primary,Christian,Employed for cash,D,Under K 849,,15 – 18,"6:15  -  6:29,6:30  -  6:44,6:45  -  6:59,7:00  -  7:14,7:15  -  7:29,7:30  -  7:44,7:45  -  7:59,8:00  -  8:14,8:15  -  8:29,8:30  -  8:44,8:45  -  8:59,9:00  -  9:14,9:15  -  9:29,9:30  -  9:44,9:45  -  9:59,10:00  -  10:14,10:15  -  10:29,10:30  -  10:44,10:45  -  10:59,11:00  -  11:14,11:15  -  11:29,11:30  -  11:44,11:45  -  11:59,12:00  -  12:14,12:15  -  12:29,12:30  -  12:44,12:45  -  12:59,13:00  -  13:14,13:15  -  13:29,13:30  -  13:44,13:45  -  13:59,14:00  -  14:14,14:15  -  14:29,14:30  -  14:44,14:45  -  14:59,15:00  -  15:14,15:15  -  15:29,15:30  -  15:44,15:45  -  15:59,16:00  -  16:14,16:15  -  16:29,16:30  -  16:44,16:45  -  16:59,17:00  -  17:14,17:15  -  17:29,17:30  -  17:44,17:45  -  17:59,,,,,,,,,,,,,,,,,,,,,,,,,,,,,,,,,,,,,,,,,,,,,,,,,"
17:30  -  17:44,135092929,Central,Kapiri Mposhi,Rural,Female,2,,D,Primary,Christian,Employed for cash,D,Under K 849,,15 – 18,"6:15  -  6:29,6:30  -  6:44,6:45  -  6:59,7:00  -  7:14,7:15  -  7:29,7:30  -  7:44,7:45  -  7:59,8:00  -  8:14,8:15  -  8:29,8:30  -  8:44,8:45  -  8:59,9:00  -  9:14,9:15  -  9:29,9:30  -  9:44,9:45  -  9:59,10:00  -  10:14,10:15  -  10:29,10:30  -  10:44,10:45  -  10:59,11:00  -  11:14,11:15  -  11:29,11:30  -  11:44,11:45  -  11:59,12:00  -  12:14,12:15  -  12:29,12:30  -  12:44,12:45  -  12:59,13:00  -  13:14,13:15  -  13:29,13:30  -  13:44,13:45  -  13:59,14:00  -  14:14,14:15  -  14:29,14:30  -  14:44,14:45  -  14:59,15:00  -  15:14,15:15  -  15:29,15:30  -  15:44,15:45  -  15:59,16:00  -  16:14,16:15  -  16:29,16:30  -  16:44,16:45  -  16:59,17:00  -  17:14,17:15  -  17:29,17:30  -  17:44,17:45  -  17:59,,,,,,,,,,,,,,,,,,,,,,,,,,,,,,,,,,,,,,,,,,,,,,,,,"
13:15  -  13:29,135092929,Central,Kapiri Mposhi,Rural,Female,2,,D,Primary,Christian,Employed for cash,D,Under K 849,,15 – 18,"6:15  -  6:29,6:30  -  6:44,6:45  -  6:59,7:00  -  7:14,7:15  -  7:29,7:30  -  7:44,7:45  -  7:59,8:00  -  8:14,8:15  -  8:29,8:30  -  8:44,8:45  -  8:59,9:00  -  9:14,9:15  -  9:29,9:30  -  9:44,9:45  -  9:59,10:00  -  10:14,10:15  -  10:29,10:30  -  10:44,10:45  -  10:59,11:00  -  11:14,11:15  -  11:29,11:30  -  11:44,11:45  -  11:59,12:00  -  12:14,12:15  -  12:29,12:30  -  12:44,12:45  -  12:59,13:00  -  13:14,13:15  -  13:29,13:30  -  13:44,13:45  -  13:59,14:00  -  14:14,14:15  -  14:29,14:30  -  14:44,14:45  -  14:59,15:00  -  15:14,15:15  -  15:29,15:30  -  15:44,15:45  -  15:59,16:00  -  16:14,16:15  -  16:29,16:30  -  16:44,16:45  -  16:59,17:00  -  17:14,17:15  -  17:29,17:30  -  17:44,17:45  -  17:59,,,,,,,,,,,,,,,,,,,,,,,,,,,,,,,,,,,,,,,,,,,,,,,,,"
16:00  -  16:14,135092929,Central,Kapiri Mposhi,Rural,Female,2,,D,Primary,Christian,Employed for cash,D,Under K 849,,15 – 18,"6:15  -  6:29,6:30  -  6:44,6:45  -  6:59,7:00  -  7:14,7:15  -  7:29,7:30  -  7:44,7:45  -  7:59,8:00  -  8:14,8:15  -  8:29,8:30  -  8:44,8:45  -  8:59,9:00  -  9:14,9:15  -  9:29,9:30  -  9:44,9:45  -  9:59,10:00  -  10:14,10:15  -  10:29,10:30  -  10:44,10:45  -  10:59,11:00  -  11:14,11:15  -  11:29,11:30  -  11:44,11:45  -  11:59,12:00  -  12:14,12:15  -  12:29,12:30  -  12:44,12:45  -  12:59,13:00  -  13:14,13:15  -  13:29,13:30  -  13:44,13:45  -  13:59,14:00  -  14:14,14:15  -  14:29,14:30  -  14:44,14:45  -  14:59,15:00  -  15:14,15:15  -  15:29,15:30  -  15:44,15:45  -  15:59,16:00  -  16:14,16:15  -  16:29,16:30  -  16:44,16:45  -  16:59,17:00  -  17:14,17:15  -  17:29,17:30  -  17:44,17:45  -  17:59,,,,,,,,,,,,,,,,,,,,,,,,,,,,,,,,,,,,,,,,,,,,,,,,,"
16:45  -  16:59,135092929,Central,Kapiri Mposhi,Rural,Female,2,,D,Primary,Christian,Employed for cash,D,Under K 849,,15 – 18,"6:15  -  6:29,6:30  -  6:44,6:45  -  6:59,7:00  -  7:14,7:15  -  7:29,7:30  -  7:44,7:45  -  7:59,8:00  -  8:14,8:15  -  8:29,8:30  -  8:44,8:45  -  8:59,9:00  -  9:14,9:15  -  9:29,9:30  -  9:44,9:45  -  9:59,10:00  -  10:14,10:15  -  10:29,10:30  -  10:44,10:45  -  10:59,11:00  -  11:14,11:15  -  11:29,11:30  -  11:44,11:45  -  11:59,12:00  -  12:14,12:15  -  12:29,12:30  -  12:44,12:45  -  12:59,13:00  -  13:14,13:15  -  13:29,13:30  -  13:44,13:45  -  13:59,14:00  -  14:14,14:15  -  14:29,14:30  -  14:44,14:45  -  14:59,15:00  -  15:14,15:15  -  15:29,15:30  -  15:44,15:45  -  15:59,16:00  -  16:14,16:15  -  16:29,16:30  -  16:44,16:45  -  16:59,17:00  -  17:14,17:15  -  17:29,17:30  -  17:44,17:45  -  17:59,,,,,,,,,,,,,,,,,,,,,,,,,,,,,,,,,,,,,,,,,,,,,,,,,"
14:45  -  14:59,135092929,Central,Kapiri Mposhi,Rural,Female,2,,D,Primary,Christian,Employed for cash,D,Under K 849,,15 – 18,"6:15  -  6:29,6:30  -  6:44,6:45  -  6:59,7:00  -  7:14,7:15  -  7:29,7:30  -  7:44,7:45  -  7:59,8:00  -  8:14,8:15  -  8:29,8:30  -  8:44,8:45  -  8:59,9:00  -  9:14,9:15  -  9:29,9:30  -  9:44,9:45  -  9:59,10:00  -  10:14,10:15  -  10:29,10:30  -  10:44,10:45  -  10:59,11:00  -  11:14,11:15  -  11:29,11:30  -  11:44,11:45  -  11:59,12:00  -  12:14,12:15  -  12:29,12:30  -  12:44,12:45  -  12:59,13:00  -  13:14,13:15  -  13:29,13:30  -  13:44,13:45  -  13:59,14:00  -  14:14,14:15  -  14:29,14:30  -  14:44,14:45  -  14:59,15:00  -  15:14,15:15  -  15:29,15:30  -  15:44,15:45  -  15:59,16:00  -  16:14,16:15  -  16:29,16:30  -  16:44,16:45  -  16:59,17:00  -  17:14,17:15  -  17:29,17:30  -  17:44,17:45  -  17:59,,,,,,,,,,,,,,,,,,,,,,,,,,,,,,,,,,,,,,,,,,,,,,,,,"
9:30  -  9:44,135092929,Central,Kapiri Mposhi,Rural,Female,2,,D,Primary,Christian,Employed for cash,D,Under K 849,,15 – 18,"6:15  -  6:29,6:30  -  6:44,6:45  -  6:59,7:00  -  7:14,7:15  -  7:29,7:30  -  7:44,7:45  -  7:59,8:00  -  8:14,8:15  -  8:29,8:30  -  8:44,8:45  -  8:59,9:00  -  9:14,9:15  -  9:29,9:30  -  9:44,9:45  -  9:59,10:00  -  10:14,10:15  -  10:29,10:30  -  10:44,10:45  -  10:59,11:00  -  11:14,11:15  -  11:29,11:30  -  11:44,11:45  -  11:59,12:00  -  12:14,12:15  -  12:29,12:30  -  12:44,12:45  -  12:59,13:00  -  13:14,13:15  -  13:29,13:30  -  13:44,13:45  -  13:59,14:00  -  14:14,14:15  -  14:29,14:30  -  14:44,14:45  -  14:59,15:00  -  15:14,15:15  -  15:29,15:30  -  15:44,15:45  -  15:59,16:00  -  16:14,16:15  -  16:29,16:30  -  16:44,16:45  -  16:59,17:00  -  17:14,17:15  -  17:29,17:30  -  17:44,17:45  -  17:59,,,,,,,,,,,,,,,,,,,,,,,,,,,,,,,,,,,,,,,,,,,,,,,,,"
6:45  -  6:59,135092929,Central,Kapiri Mposhi,Rural,Female,2,,D,Primary,Christian,Employed for cash,D,Under K 849,,15 – 18,"6:15  -  6:29,6:30  -  6:44,6:45  -  6:59,7:00  -  7:14,7:15  -  7:29,7:30  -  7:44,7:45  -  7:59,8:00  -  8:14,8:15  -  8:29,8:30  -  8:44,8:45  -  8:59,9:00  -  9:14,9:15  -  9:29,9:30  -  9:44,9:45  -  9:59,10:00  -  10:14,10:15  -  10:29,10:30  -  10:44,10:45  -  10:59,11:00  -  11:14,11:15  -  11:29,11:30  -  11:44,11:45  -  11:59,12:00  -  12:14,12:15  -  12:29,12:30  -  12:44,12:45  -  12:59,13:00  -  13:14,13:15  -  13:29,13:30  -  13:44,13:45  -  13:59,14:00  -  14:14,14:15  -  14:29,14:30  -  14:44,14:45  -  14:59,15:00  -  15:14,15:15  -  15:29,15:30  -  15:44,15:45  -  15:59,16:00  -  16:14,16:15  -  16:29,16:30  -  16:44,16:45  -  16:59,17:00  -  17:14,17:15  -  17:29,17:30  -  17:44,17:45  -  17:59,,,,,,,,,,,,,,,,,,,,,,,,,,,,,,,,,,,,,,,,,,,,,,,,,"
9:45  -  9:59,135092929,Central,Kapiri Mposhi,Rural,Female,2,,D,Primary,Christian,Employed for cash,D,Under K 849,,15 – 18,"6:15  -  6:29,6:30  -  6:44,6:45  -  6:59,7:00  -  7:14,7:15  -  7:29,7:30  -  7:44,7:45  -  7:59,8:00  -  8:14,8:15  -  8:29,8:30  -  8:44,8:45  -  8:59,9:00  -  9:14,9:15  -  9:29,9:30  -  9:44,9:45  -  9:59,10:00  -  10:14,10:15  -  10:29,10:30  -  10:44,10:45  -  10:59,11:00  -  11:14,11:15  -  11:29,11:30  -  11:44,11:45  -  11:59,12:00  -  12:14,12:15  -  12:29,12:30  -  12:44,12:45  -  12:59,13:00  -  13:14,13:15  -  13:29,13:30  -  13:44,13:45  -  13:59,14:00  -  14:14,14:15  -  14:29,14:30  -  14:44,14:45  -  14:59,15:00  -  15:14,15:15  -  15:29,15:30  -  15:44,15:45  -  15:59,16:00  -  16:14,16:15  -  16:29,16:30  -  16:44,16:45  -  16:59,17:00  -  17:14,17:15  -  17:29,17:30  -  17:44,17:45  -  17:59,,,,,,,,,,,,,,,,,,,,,,,,,,,,,,,,,,,,,,,,,,,,,,,,,"
17:00  -  17:14,135092929,Central,Kapiri Mposhi,Rural,Female,2,,D,Primary,Christian,Employed for cash,D,Under K 849,,15 – 18,"6:15  -  6:29,6:30  -  6:44,6:45  -  6:59,7:00  -  7:14,7:15  -  7:29,7:30  -  7:44,7:45  -  7:59,8:00  -  8:14,8:15  -  8:29,8:30  -  8:44,8:45  -  8:59,9:00  -  9:14,9:15  -  9:29,9:30  -  9:44,9:45  -  9:59,10:00  -  10:14,10:15  -  10:29,10:30  -  10:44,10:45  -  10:59,11:00  -  11:14,11:15  -  11:29,11:30  -  11:44,11:45  -  11:59,12:00  -  12:14,12:15  -  12:29,12:30  -  12:44,12:45  -  12:59,13:00  -  13:14,13:15  -  13:29,13:30  -  13:44,13:45  -  13:59,14:00  -  14:14,14:15  -  14:29,14:30  -  14:44,14:45  -  14:59,15:00  -  15:14,15:15  -  15:29,15:30  -  15:44,15:45  -  15:59,16:00  -  16:14,16:15  -  16:29,16:30  -  16:44,16:45  -  16:59,17:00  -  17:14,17:15  -  17:29,17:30  -  17:44,17:45  -  17:59,,,,,,,,,,,,,,,,,,,,,,,,,,,,,,,,,,,,,,,,,,,,,,,,,"
7:00  -  7:14,135092929,Central,Kapiri Mposhi,Rural,Female,2,,D,Primary,Christian,Employed for cash,D,Under K 849,,15 – 18,"6:15  -  6:29,6:30  -  6:44,6:45  -  6:59,7:00  -  7:14,7:15  -  7:29,7:30  -  7:44,7:45  -  7:59,8:00  -  8:14,8:15  -  8:29,8:30  -  8:44,8:45  -  8:59,9:00  -  9:14,9:15  -  9:29,9:30  -  9:44,9:45  -  9:59,10:00  -  10:14,10:15  -  10:29,10:30  -  10:44,10:45  -  10:59,11:00  -  11:14,11:15  -  11:29,11:30  -  11:44,11:45  -  11:59,12:00  -  12:14,12:15  -  12:29,12:30  -  12:44,12:45  -  12:59,13:00  -  13:14,13:15  -  13:29,13:30  -  13:44,13:45  -  13:59,14:00  -  14:14,14:15  -  14:29,14:30  -  14:44,14:45  -  14:59,15:00  -  15:14,15:15  -  15:29,15:30  -  15:44,15:45  -  15:59,16:00  -  16:14,16:15  -  16:29,16:30  -  16:44,16:45  -  16:59,17:00  -  17:14,17:15  -  17:29,17:30  -  17:44,17:45  -  17:59,,,,,,,,,,,,,,,,,,,,,,,,,,,,,,,,,,,,,,,,,,,,,,,,,"
16:15  -  16:29,135092929,Central,Kapiri Mposhi,Rural,Female,2,,D,Primary,Christian,Employed for cash,D,Under K 849,,15 – 18,"6:15  -  6:29,6:30  -  6:44,6:45  -  6:59,7:00  -  7:14,7:15  -  7:29,7:30  -  7:44,7:45  -  7:59,8:00  -  8:14,8:15  -  8:29,8:30  -  8:44,8:45  -  8:59,9:00  -  9:14,9:15  -  9:29,9:30  -  9:44,9:45  -  9:59,10:00  -  10:14,10:15  -  10:29,10:30  -  10:44,10:45  -  10:59,11:00  -  11:14,11:15  -  11:29,11:30  -  11:44,11:45  -  11:59,12:00  -  12:14,12:15  -  12:29,12:30  -  12:44,12:45  -  12:59,13:00  -  13:14,13:15  -  13:29,13:30  -  13:44,13:45  -  13:59,14:00  -  14:14,14:15  -  14:29,14:30  -  14:44,14:45  -  14:59,15:00  -  15:14,15:15  -  15:29,15:30  -  15:44,15:45  -  15:59,16:00  -  16:14,16:15  -  16:29,16:30  -  16:44,16:45  -  16:59,17:00  -  17:14,17:15  -  17:29,17:30  -  17:44,17:45  -  17:59,,,,,,,,,,,,,,,,,,,,,,,,,,,,,,,,,,,,,,,,,,,,,,,,,"
8:15  -  8:29,135092929,Central,Kapiri Mposhi,Rural,Female,2,,D,Primary,Christian,Employed for cash,D,Under K 849,,15 – 18,"6:15  -  6:29,6:30  -  6:44,6:45  -  6:59,7:00  -  7:14,7:15  -  7:29,7:30  -  7:44,7:45  -  7:59,8:00  -  8:14,8:15  -  8:29,8:30  -  8:44,8:45  -  8:59,9:00  -  9:14,9:15  -  9:29,9:30  -  9:44,9:45  -  9:59,10:00  -  10:14,10:15  -  10:29,10:30  -  10:44,10:45  -  10:59,11:00  -  11:14,11:15  -  11:29,11:30  -  11:44,11:45  -  11:59,12:00  -  12:14,12:15  -  12:29,12:30  -  12:44,12:45  -  12:59,13:00  -  13:14,13:15  -  13:29,13:30  -  13:44,13:45  -  13:59,14:00  -  14:14,14:15  -  14:29,14:30  -  14:44,14:45  -  14:59,15:00  -  15:14,15:15  -  15:29,15:30  -  15:44,15:45  -  15:59,16:00  -  16:14,16:15  -  16:29,16:30  -  16:44,16:45  -  16:59,17:00  -  17:14,17:15  -  17:29,17:30  -  17:44,17:45  -  17:59,,,,,,,,,,,,,,,,,,,,,,,,,,,,,,,,,,,,,,,,,,,,,,,,,"
13:30  -  13:44,135092929,Central,Kapiri Mposhi,Rural,Female,2,,D,Primary,Christian,Employed for cash,D,Under K 849,,15 – 18,"6:15  -  6:29,6:30  -  6:44,6:45  -  6:59,7:00  -  7:14,7:15  -  7:29,7:30  -  7:44,7:45  -  7:59,8:00  -  8:14,8:15  -  8:29,8:30  -  8:44,8:45  -  8:59,9:00  -  9:14,9:15  -  9:29,9:30  -  9:44,9:45  -  9:59,10:00  -  10:14,10:15  -  10:29,10:30  -  10:44,10:45  -  10:59,11:00  -  11:14,11:15  -  11:29,11:30  -  11:44,11:45  -  11:59,12:00  -  12:14,12:15  -  12:29,12:30  -  12:44,12:45  -  12:59,13:00  -  13:14,13:15  -  13:29,13:30  -  13:44,13:45  -  13:59,14:00  -  14:14,14:15  -  14:29,14:30  -  14:44,14:45  -  14:59,15:00  -  15:14,15:15  -  15:29,15:30  -  15:44,15:45  -  15:59,16:00  -  16:14,16:15  -  16:29,16:30  -  16:44,16:45  -  16:59,17:00  -  17:14,17:15  -  17:29,17:30  -  17:44,17:45  -  17:59,,,,,,,,,,,,,,,,,,,,,,,,,,,,,,,,,,,,,,,,,,,,,,,,,"
6:30  -  6:44,135092929,Central,Kapiri Mposhi,Rural,Female,2,,D,Primary,Christian,Employed for cash,D,Under K 849,,15 – 18,"6:15  -  6:29,6:30  -  6:44,6:45  -  6:59,7:00  -  7:14,7:15  -  7:29,7:30  -  7:44,7:45  -  7:59,8:00  -  8:14,8:15  -  8:29,8:30  -  8:44,8:45  -  8:59,9:00  -  9:14,9:15  -  9:29,9:30  -  9:44,9:45  -  9:59,10:00  -  10:14,10:15  -  10:29,10:30  -  10:44,10:45  -  10:59,11:00  -  11:14,11:15  -  11:29,11:30  -  11:44,11:45  -  11:59,12:00  -  12:14,12:15  -  12:29,12:30  -  12:44,12:45  -  12:59,13:00  -  13:14,13:15  -  13:29,13:30  -  13:44,13:45  -  13:59,14:00  -  14:14,14:15  -  14:29,14:30  -  14:44,14:45  -  14:59,15:00  -  15:14,15:15  -  15:29,15:30  -  15:44,15:45  -  15:59,16:00  -  16:14,16:15  -  16:29,16:30  -  16:44,16:45  -  16:59,17:00  -  17:14,17:15  -  17:29,17:30  -  17:44,17:45  -  17:59,,,,,,,,,,,,,,,,,,,,,,,,,,,,,,,,,,,,,,,,,,,,,,,,,"
15:45  -  15:59,135092929,Central,Kapiri Mposhi,Rural,Female,2,,D,Primary,Christian,Employed for cash,D,Under K 849,,15 – 18,"6:15  -  6:29,6:30  -  6:44,6:45  -  6:59,7:00  -  7:14,7:15  -  7:29,7:30  -  7:44,7:45  -  7:59,8:00  -  8:14,8:15  -  8:29,8:30  -  8:44,8:45  -  8:59,9:00  -  9:14,9:15  -  9:29,9:30  -  9:44,9:45  -  9:59,10:00  -  10:14,10:15  -  10:29,10:30  -  10:44,10:45  -  10:59,11:00  -  11:14,11:15  -  11:29,11:30  -  11:44,11:45  -  11:59,12:00  -  12:14,12:15  -  12:29,12:30  -  12:44,12:45  -  12:59,13:00  -  13:14,13:15  -  13:29,13:30  -  13:44,13:45  -  13:59,14:00  -  14:14,14:15  -  14:29,14:30  -  14:44,14:45  -  14:59,15:00  -  15:14,15:15  -  15:29,15:30  -  15:44,15:45  -  15:59,16:00  -  16:14,16:15  -  16:29,16:30  -  16:44,16:45  -  16:59,17:00  -  17:14,17:15  -  17:29,17:30  -  17:44,17:45  -  17:59,,,,,,,,,,,,,,,,,,,,,,,,,,,,,,,,,,,,,,,,,,,,,,,,,"
9:00  -  9:14,135092929,Central,Kapiri Mposhi,Rural,Female,2,,D,Primary,Christian,Employed for cash,D,Under K 849,,15 – 18,"6:15  -  6:29,6:30  -  6:44,6:45  -  6:59,7:00  -  7:14,7:15  -  7:29,7:30  -  7:44,7:45  -  7:59,8:00  -  8:14,8:15  -  8:29,8:30  -  8:44,8:45  -  8:59,9:00  -  9:14,9:15  -  9:29,9:30  -  9:44,9:45  -  9:59,10:00  -  10:14,10:15  -  10:29,10:30  -  10:44,10:45  -  10:59,11:00  -  11:14,11:15  -  11:29,11:30  -  11:44,11:45  -  11:59,12:00  -  12:14,12:15  -  12:29,12:30  -  12:44,12:45  -  12:59,13:00  -  13:14,13:15  -  13:29,13:30  -  13:44,13:45  -  13:59,14:00  -  14:14,14:15  -  14:29,14:30  -  14:44,14:45  -  14:59,15:00  -  15:14,15:15  -  15:29,15:30  -  15:44,15:45  -  15:59,16:00  -  16:14,16:15  -  16:29,16:30  -  16:44,16:45  -  16:59,17:00  -  17:14,17:15  -  17:29,17:30  -  17:44,17:45  -  17:59,,,,,,,,,,,,,,,,,,,,,,,,,,,,,,,,,,,,,,,,,,,,,,,,,"
8:30  -  8:44,135092929,Central,Kapiri Mposhi,Rural,Female,2,,D,Primary,Christian,Employed for cash,D,Under K 849,,15 – 18,"6:15  -  6:29,6:30  -  6:44,6:45  -  6:59,7:00  -  7:14,7:15  -  7:29,7:30  -  7:44,7:45  -  7:59,8:00  -  8:14,8:15  -  8:29,8:30  -  8:44,8:45  -  8:59,9:00  -  9:14,9:15  -  9:29,9:30  -  9:44,9:45  -  9:59,10:00  -  10:14,10:15  -  10:29,10:30  -  10:44,10:45  -  10:59,11:00  -  11:14,11:15  -  11:29,11:30  -  11:44,11:45  -  11:59,12:00  -  12:14,12:15  -  12:29,12:30  -  12:44,12:45  -  12:59,13:00  -  13:14,13:15  -  13:29,13:30  -  13:44,13:45  -  13:59,14:00  -  14:14,14:15  -  14:29,14:30  -  14:44,14:45  -  14:59,15:00  -  15:14,15:15  -  15:29,15:30  -  15:44,15:45  -  15:59,16:00  -  16:14,16:15  -  16:29,16:30  -  16:44,16:45  -  16:59,17:00  -  17:14,17:15  -  17:29,17:30  -  17:44,17:45  -  17:59,,,,,,,,,,,,,,,,,,,,,,,,,,,,,,,,,,,,,,,,,,,,,,,,,"
12:45  -  12:59,135092929,Central,Kapiri Mposhi,Rural,Female,2,,D,Primary,Christian,Employed for cash,D,Under K 849,,15 – 18,"6:15  -  6:29,6:30  -  6:44,6:45  -  6:59,7:00  -  7:14,7:15  -  7:29,7:30  -  7:44,7:45  -  7:59,8:00  -  8:14,8:15  -  8:29,8:30  -  8:44,8:45  -  8:59,9:00  -  9:14,9:15  -  9:29,9:30  -  9:44,9:45  -  9:59,10:00  -  10:14,10:15  -  10:29,10:30  -  10:44,10:45  -  10:59,11:00  -  11:14,11:15  -  11:29,11:30  -  11:44,11:45  -  11:59,12:00  -  12:14,12:15  -  12:29,12:30  -  12:44,12:45  -  12:59,13:00  -  13:14,13:15  -  13:29,13:30  -  13:44,13:45  -  13:59,14:00  -  14:14,14:15  -  14:29,14:30  -  14:44,14:45  -  14:59,15:00  -  15:14,15:15  -  15:29,15:30  -  15:44,15:45  -  15:59,16:00  -  16:14,16:15  -  16:29,16:30  -  16:44,16:45  -  16:59,17:00  -  17:14,17:15  -  17:29,17:30  -  17:44,17:45  -  17:59,,,,,,,,,,,,,,,,,,,,,,,,,,,,,,,,,,,,,,,,,,,,,,,,,"
6:15  -  6:29,135092929,Central,Kapiri Mposhi,Rural,Female,2,,D,Primary,Christian,Employed for cash,D,Under K 849,,15 – 18,"6:15  -  6:29,6:30  -  6:44,6:45  -  6:59,7:00  -  7:14,7:15  -  7:29,7:30  -  7:44,7:45  -  7:59,8:00  -  8:14,8:15  -  8:29,8:30  -  8:44,8:45  -  8:59,9:00  -  9:14,9:15  -  9:29,9:30  -  9:44,9:45  -  9:59,10:00  -  10:14,10:15  -  10:29,10:30  -  10:44,10:45  -  10:59,11:00  -  11:14,11:15  -  11:29,11:30  -  11:44,11:45  -  11:59,12:00  -  12:14,12:15  -  12:29,12:30  -  12:44,12:45  -  12:59,13:00  -  13:14,13:15  -  13:29,13:30  -  13:44,13:45  -  13:59,14:00  -  14:14,14:15  -  14:29,14:30  -  14:44,14:45  -  14:59,15:00  -  15:14,15:15  -  15:29,15:30  -  15:44,15:45  -  15:59,16:00  -  16:14,16:15  -  16:29,16:30  -  16:44,16:45  -  16:59,17:00  -  17:14,17:15  -  17:29,17:30  -  17:44,17:45  -  17:59,,,,,,,,,,,,,,,,,,,,,,,,,,,,,,,,,,,,,,,,,,,,,,,,,"
7:15  -  7:29,135092929,Central,Kapiri Mposhi,Rural,Female,2,,D,Primary,Christian,Employed for cash,D,Under K 849,,15 – 18,"6:15  -  6:29,6:30  -  6:44,6:45  -  6:59,7:00  -  7:14,7:15  -  7:29,7:30  -  7:44,7:45  -  7:59,8:00  -  8:14,8:15  -  8:29,8:30  -  8:44,8:45  -  8:59,9:00  -  9:14,9:15  -  9:29,9:30  -  9:44,9:45  -  9:59,10:00  -  10:14,10:15  -  10:29,10:30  -  10:44,10:45  -  10:59,11:00  -  11:14,11:15  -  11:29,11:30  -  11:44,11:45  -  11:59,12:00  -  12:14,12:15  -  12:29,12:30  -  12:44,12:45  -  12:59,13:00  -  13:14,13:15  -  13:29,13:30  -  13:44,13:45  -  13:59,14:00  -  14:14,14:15  -  14:29,14:30  -  14:44,14:45  -  14:59,15:00  -  15:14,15:15  -  15:29,15:30  -  15:44,15:45  -  15:59,16:00  -  16:14,16:15  -  16:29,16:30  -  16:44,16:45  -  16:59,17:00  -  17:14,17:15  -  17:29,17:30  -  17:44,17:45  -  17:59,,,,,,,,,,,,,,,,,,,,,,,,,,,,,,,,,,,,,,,,,,,,,,,,,"
8:45  -  8:59,135092929,Central,Kapiri Mposhi,Rural,Female,2,,D,Primary,Christian,Employed for cash,D,Under K 849,,15 – 18,"6:15  -  6:29,6:30  -  6:44,6:45  -  6:59,7:00  -  7:14,7:15  -  7:29,7:30  -  7:44,7:45  -  7:59,8:00  -  8:14,8:15  -  8:29,8:30  -  8:44,8:45  -  8:59,9:00  -  9:14,9:15  -  9:29,9:30  -  9:44,9:45  -  9:59,10:00  -  10:14,10:15  -  10:29,10:30  -  10:44,10:45  -  10:59,11:00  -  11:14,11:15  -  11:29,11:30  -  11:44,11:45  -  11:59,12:00  -  12:14,12:15  -  12:29,12:30  -  12:44,12:45  -  12:59,13:00  -  13:14,13:15  -  13:29,13:30  -  13:44,13:45  -  13:59,14:00  -  14:14,14:15  -  14:29,14:30  -  14:44,14:45  -  14:59,15:00  -  15:14,15:15  -  15:29,15:30  -  15:44,15:45  -  15:59,16:00  -  16:14,16:15  -  16:29,16:30  -  16:44,16:45  -  16:59,17:00  -  17:14,17:15  -  17:29,17:30  -  17:44,17:45  -  17:59,,,,,,,,,,,,,,,,,,,,,,,,,,,,,,,,,,,,,,,,,,,,,,,,,"
15:30  -  15:44,135092929,Central,Kapiri Mposhi,Rural,Female,2,,D,Primary,Christian,Employed for cash,D,Under K 849,,15 – 18,"6:15  -  6:29,6:30  -  6:44,6:45  -  6:59,7:00  -  7:14,7:15  -  7:29,7:30  -  7:44,7:45  -  7:59,8:00  -  8:14,8:15  -  8:29,8:30  -  8:44,8:45  -  8:59,9:00  -  9:14,9:15  -  9:29,9:30  -  9:44,9:45  -  9:59,10:00  -  10:14,10:15  -  10:29,10:30  -  10:44,10:45  -  10:59,11:00  -  11:14,11:15  -  11:29,11:30  -  11:44,11:45  -  11:59,12:00  -  12:14,12:15  -  12:29,12:30  -  12:44,12:45  -  12:59,13:00  -  13:14,13:15  -  13:29,13:30  -  13:44,13:45  -  13:59,14:00  -  14:14,14:15  -  14:29,14:30  -  14:44,14:45  -  14:59,15:00  -  15:14,15:15  -  15:29,15:30  -  15:44,15:45  -  15:59,16:00  -  16:14,16:15  -  16:29,16:30  -  16:44,16:45  -  16:59,17:00  -  17:14,17:15  -  17:29,17:30  -  17:44,17:45  -  17:59,,,,,,,,,,,,,,,,,,,,,,,,,,,,,,,,,,,,,,,,,,,,,,,,,"
13:00  -  13:14,135092929,Central,Kapiri Mposhi,Rural,Female,2,,D,Primary,Christian,Employed for cash,D,Under K 849,,15 – 18,"6:15  -  6:29,6:30  -  6:44,6:45  -  6:59,7:00  -  7:14,7:15  -  7:29,7:30  -  7:44,7:45  -  7:59,8:00  -  8:14,8:15  -  8:29,8:30  -  8:44,8:45  -  8:59,9:00  -  9:14,9:15  -  9:29,9:30  -  9:44,9:45  -  9:59,10:00  -  10:14,10:15  -  10:29,10:30  -  10:44,10:45  -  10:59,11:00  -  11:14,11:15  -  11:29,11:30  -  11:44,11:45  -  11:59,12:00  -  12:14,12:15  -  12:29,12:30  -  12:44,12:45  -  12:59,13:00  -  13:14,13:15  -  13:29,13:30  -  13:44,13:45  -  13:59,14:00  -  14:14,14:15  -  14:29,14:30  -  14:44,14:45  -  14:59,15:00  -  15:14,15:15  -  15:29,15:30  -  15:44,15:45  -  15:59,16:00  -  16:14,16:15  -  16:29,16:30  -  16:44,16:45  -  16:59,17:00  -  17:14,17:15  -  17:29,17:30  -  17:44,17:45  -  17:59,,,,,,,,,,,,,,,,,,,,,,,,,,,,,,,,,,,,,,,,,,,,,,,,,"
11:15  -  11:29,135092929,Central,Kapiri Mposhi,Rural,Female,2,,D,Primary,Christian,Employed for cash,D,Under K 849,,15 – 18,"6:15  -  6:29,6:30  -  6:44,6:45  -  6:59,7:00  -  7:14,7:15  -  7:29,7:30  -  7:44,7:45  -  7:59,8:00  -  8:14,8:15  -  8:29,8:30  -  8:44,8:45  -  8:59,9:00  -  9:14,9:15  -  9:29,9:30  -  9:44,9:45  -  9:59,10:00  -  10:14,10:15  -  10:29,10:30  -  10:44,10:45  -  10:59,11:00  -  11:14,11:15  -  11:29,11:30  -  11:44,11:45  -  11:59,12:00  -  12:14,12:15  -  12:29,12:30  -  12:44,12:45  -  12:59,13:00  -  13:14,13:15  -  13:29,13:30  -  13:44,13:45  -  13:59,14:00  -  14:14,14:15  -  14:29,14:30  -  14:44,14:45  -  14:59,15:00  -  15:14,15:15  -  15:29,15:30  -  15:44,15:45  -  15:59,16:00  -  16:14,16:15  -  16:29,16:30  -  16:44,16:45  -  16:59,17:00  -  17:14,17:15  -  17:29,17:30  -  17:44,17:45  -  17:59,,,,,,,,,,,,,,,,,,,,,,,,,,,,,,,,,,,,,,,,,,,,,,,,,"
16:30  -  16:44,135076267,Central,Kapiri Mposhi,Rural,Female,2,,D,Secondary,Christian,Not employed,D,K 850-K 1674,,19 – 24,"15:00  -  15:14,15:15  -  15:29,15:30  -  15:44,15:45  -  15:59,16:00  -  16:14,16:15  -  16:29,16:30  -  16:44,16:45  -  16:59,,,,,,,,,,,,,,,,,,,,,,,,,,,,,,,,,,,,,,,,,,,,,,,,,,,,,,,,,,,,,,,,,,,,,,,,,,,,,,,,,,,,,,,,"
16:15  -  16:29,135076267,Central,Kapiri Mposhi,Rural,Female,2,,D,Secondary,Christian,Not employed,D,K 850-K 1674,,19 – 24,"15:00  -  15:14,15:15  -  15:29,15:30  -  15:44,15:45  -  15:59,16:00  -  16:14,16:15  -  16:29,16:30  -  16:44,16:45  -  16:59,,,,,,,,,,,,,,,,,,,,,,,,,,,,,,,,,,,,,,,,,,,,,,,,,,,,,,,,,,,,,,,,,,,,,,,,,,,,,,,,,,,,,,,,"
15:15  -  15:29,135076267,Central,Kapiri Mposhi,Rural,Female,2,,D,Secondary,Christian,Not employed,D,K 850-K 1674,,19 – 24,"15:00  -  15:14,15:15  -  15:29,15:30  -  15:44,15:45  -  15:59,16:00  -  16:14,16:15  -  16:29,16:30  -  16:44,16:45  -  16:59,,,,,,,,,,,,,,,,,,,,,,,,,,,,,,,,,,,,,,,,,,,,,,,,,,,,,,,,,,,,,,,,,,,,,,,,,,,,,,,,,,,,,,,,"
15:45  -  15:59,135076267,Central,Kapiri Mposhi,Rural,Female,2,,D,Secondary,Christian,Not employed,D,K 850-K 1674,,19 – 24,"15:00  -  15:14,15:15  -  15:29,15:30  -  15:44,15:45  -  15:59,16:00  -  16:14,16:15  -  16:29,16:30  -  16:44,16:45  -  16:59,,,,,,,,,,,,,,,,,,,,,,,,,,,,,,,,,,,,,,,,,,,,,,,,,,,,,,,,,,,,,,,,,,,,,,,,,,,,,,,,,,,,,,,,"
15:00  -  15:14,135076267,Central,Kapiri Mposhi,Rural,Female,2,,D,Secondary,Christian,Not employed,D,K 850-K 1674,,19 – 24,"15:00  -  15:14,15:15  -  15:29,15:30  -  15:44,15:45  -  15:59,16:00  -  16:14,16:15  -  16:29,16:30  -  16:44,16:45  -  16:59,,,,,,,,,,,,,,,,,,,,,,,,,,,,,,,,,,,,,,,,,,,,,,,,,,,,,,,,,,,,,,,,,,,,,,,,,,,,,,,,,,,,,,,,"
16:00  -  16:14,135076267,Central,Kapiri Mposhi,Rural,Female,2,,D,Secondary,Christian,Not employed,D,K 850-K 1674,,19 – 24,"15:00  -  15:14,15:15  -  15:29,15:30  -  15:44,15:45  -  15:59,16:00  -  16:14,16:15  -  16:29,16:30  -  16:44,16:45  -  16:59,,,,,,,,,,,,,,,,,,,,,,,,,,,,,,,,,,,,,,,,,,,,,,,,,,,,,,,,,,,,,,,,,,,,,,,,,,,,,,,,,,,,,,,,"
15:30  -  15:44,135076267,Central,Kapiri Mposhi,Rural,Female,2,,D,Secondary,Christian,Not employed,D,K 850-K 1674,,19 – 24,"15:00  -  15:14,15:15  -  15:29,15:30  -  15:44,15:45  -  15:59,16:00  -  16:14,16:15  -  16:29,16:30  -  16:44,16:45  -  16:59,,,,,,,,,,,,,,,,,,,,,,,,,,,,,,,,,,,,,,,,,,,,,,,,,,,,,,,,,,,,,,,,,,,,,,,,,,,,,,,,,,,,,,,,"
16:45  -  16:59,135076267,Central,Kapiri Mposhi,Rural,Female,2,,D,Secondary,Christian,Not employed,D,K 850-K 1674,,19 – 24,"15:00  -  15:14,15:15  -  15:29,15:30  -  15:44,15:45  -  15:59,16:00  -  16:14,16:15  -  16:29,16:30  -  16:44,16:45  -  16:59,,,,,,,,,,,,,,,,,,,,,,,,,,,,,,,,,,,,,,,,,,,,,,,,,,,,,,,,,,,,,,,,,,,,,,,,,,,,,,,,,,,,,,,,"
14:00  -  14:14,135046403,Central,Kapiri Mposhi,Rural,Female,1,,D,Secondary,Christian,Employed for cash,D,K 850-K 1674,,19 – 24,"10:45  -  10:59,11:45  -  11:59,12:30  -  12:44,14:00  -  14:14,14:30  -  14:44,15:00  -  15:14,,,,,,,,,,,,,,,,,,,,,,,,,,,,,,,,,,,,,,,,,,,,,,,,,,,,,,,,,,,,,,,,,,,,,,,,,,,,,,,,,,,,,,,,,,"
14:30  -  14:44,135046403,Central,Kapiri Mposhi,Rural,Female,1,,D,Secondary,Christian,Employed for cash,D,K 850-K 1674,,19 – 24,"10:45  -  10:59,11:45  -  11:59,12:30  -  12:44,14:00  -  14:14,14:30  -  14:44,15:00  -  15:14,,,,,,,,,,,,,,,,,,,,,,,,,,,,,,,,,,,,,,,,,,,,,,,,,,,,,,,,,,,,,,,,,,,,,,,,,,,,,,,,,,,,,,,,,,"
12:30  -  12:44,135046403,Central,Kapiri Mposhi,Rural,Female,1,,D,Secondary,Christian,Employed for cash,D,K 850-K 1674,,19 – 24,"10:45  -  10:59,11:45  -  11:59,12:30  -  12:44,14:00  -  14:14,14:30  -  14:44,15:00  -  15:14,,,,,,,,,,,,,,,,,,,,,,,,,,,,,,,,,,,,,,,,,,,,,,,,,,,,,,,,,,,,,,,,,,,,,,,,,,,,,,,,,,,,,,,,,,"
15:00  -  15:14,135046403,Central,Kapiri Mposhi,Rural,Female,1,,D,Secondary,Christian,Employed for cash,D,K 850-K 1674,,19 – 24,"10:45  -  10:59,11:45  -  11:59,12:30  -  12:44,14:00  -  14:14,14:30  -  14:44,15:00  -  15:14,,,,,,,,,,,,,,,,,,,,,,,,,,,,,,,,,,,,,,,,,,,,,,,,,,,,,,,,,,,,,,,,,,,,,,,,,,,,,,,,,,,,,,,,,,"
10:45  -  10:59,135046403,Central,Kapiri Mposhi,Rural,Female,1,,D,Secondary,Christian,Employed for cash,D,K 850-K 1674,,19 – 24,"10:45  -  10:59,11:45  -  11:59,12:30  -  12:44,14:00  -  14:14,14:30  -  14:44,15:00  -  15:14,,,,,,,,,,,,,,,,,,,,,,,,,,,,,,,,,,,,,,,,,,,,,,,,,,,,,,,,,,,,,,,,,,,,,,,,,,,,,,,,,,,,,,,,,,"
11:45  -  11:59,135046403,Central,Kapiri Mposhi,Rural,Female,1,,D,Secondary,Christian,Employed for cash,D,K 850-K 1674,,19 – 24,"10:45  -  10:59,11:45  -  11:59,12:30  -  12:44,14:00  -  14:14,14:30  -  14:44,15:00  -  15:14,,,,,,,,,,,,,,,,,,,,,,,,,,,,,,,,,,,,,,,,,,,,,,,,,,,,,,,,,,,,,,,,,,,,,,,,,,,,,,,,,,,,,,,,,,"
22:15  -  22:29,134953622,Central,Kapiri Mposhi,Urban,Female,1,,D,Primary,Christian,Employed for cash,D,"K 1675- K2,499",,35 – 44,"21:00  -  21:14,21:15  -  21:29,21:30  -  21:44,21:45  -  21:59,22:00  -  22:14,22:15  -  22:29,,,,,,,,,,,,,,,,,,,,,,,,,,,,,,,,,,,,,,,,,,,,,,,,,,,,,,,,,,,,,,,,,,,,,,,,,,,,,,,,,,,,,,,,,,"
21:45  -  21:59,134953622,Central,Kapiri Mposhi,Urban,Female,1,,D,Primary,Christian,Employed for cash,D,"K 1675- K2,499",,35 – 44,"21:00  -  21:14,21:15  -  21:29,21:30  -  21:44,21:45  -  21:59,22:00  -  22:14,22:15  -  22:29,,,,,,,,,,,,,,,,,,,,,,,,,,,,,,,,,,,,,,,,,,,,,,,,,,,,,,,,,,,,,,,,,,,,,,,,,,,,,,,,,,,,,,,,,,"
21:15  -  21:29,134953622,Central,Kapiri Mposhi,Urban,Female,1,,D,Primary,Christian,Employed for cash,D,"K 1675- K2,499",,35 – 44,"21:00  -  21:14,21:15  -  21:29,21:30  -  21:44,21:45  -  21:59,22:00  -  22:14,22:15  -  22:29,,,,,,,,,,,,,,,,,,,,,,,,,,,,,,,,,,,,,,,,,,,,,,,,,,,,,,,,,,,,,,,,,,,,,,,,,,,,,,,,,,,,,,,,,,"
21:30  -  21:44,134953622,Central,Kapiri Mposhi,Urban,Female,1,,D,Primary,Christian,Employed for cash,D,"K 1675- K2,499",,35 – 44,"21:00  -  21:14,21:15  -  21:29,21:30  -  21:44,21:45  -  21:59,22:00  -  22:14,22:15  -  22:29,,,,,,,,,,,,,,,,,,,,,,,,,,,,,,,,,,,,,,,,,,,,,,,,,,,,,,,,,,,,,,,,,,,,,,,,,,,,,,,,,,,,,,,,,,"
21:00  -  21:14,134953622,Central,Kapiri Mposhi,Urban,Female,1,,D,Primary,Christian,Employed for cash,D,"K 1675- K2,499",,35 – 44,"21:00  -  21:14,21:15  -  21:29,21:30  -  21:44,21:45  -  21:59,22:00  -  22:14,22:15  -  22:29,,,,,,,,,,,,,,,,,,,,,,,,,,,,,,,,,,,,,,,,,,,,,,,,,,,,,,,,,,,,,,,,,,,,,,,,,,,,,,,,,,,,,,,,,,"
22:00  -  22:14,134953622,Central,Kapiri Mposhi,Urban,Female,1,,D,Primary,Christian,Employed for cash,D,"K 1675- K2,499",,35 – 44,"21:00  -  21:14,21:15  -  21:29,21:30  -  21:44,21:45  -  21:59,22:00  -  22:14,22:15  -  22:29,,,,,,,,,,,,,,,,,,,,,,,,,,,,,,,,,,,,,,,,,,,,,,,,,,,,,,,,,,,,,,,,,,,,,,,,,,,,,,,,,,,,,,,,,,"
6:45  -  6:59,134953712,Central,Kapiri Mposhi,Urban,Female,2,,D,Secondary,Christian,Not employed,D,"K 1675- K2,499",,15 – 18,"6:00  -  6:14,6:15  -  6:29,6:30  -  6:44,6:45  -  6:59,,,,,,,,,,,,,,,,,,,,,,,,,,,,,,,,,,,,,,,,,,,,,,,,,,,,,,,,,,,,,,,,,,,,,,,,,,,,,,,,,,,,,,,,,,,,"
6:15  -  6:29,134953712,Central,Kapiri Mposhi,Urban,Female,2,,D,Secondary,Christian,Not employed,D,"K 1675- K2,499",,15 – 18,"6:00  -  6:14,6:15  -  6:29,6:30  -  6:44,6:45  -  6:59,,,,,,,,,,,,,,,,,,,,,,,,,,,,,,,,,,,,,,,,,,,,,,,,,,,,,,,,,,,,,,,,,,,,,,,,,,,,,,,,,,,,,,,,,,,,"
6:00  -  6:14,134953712,Central,Kapiri Mposhi,Urban,Female,2,,D,Secondary,Christian,Not employed,D,"K 1675- K2,499",,15 – 18,"6:00  -  6:14,6:15  -  6:29,6:30  -  6:44,6:45  -  6:59,,,,,,,,,,,,,,,,,,,,,,,,,,,,,,,,,,,,,,,,,,,,,,,,,,,,,,,,,,,,,,,,,,,,,,,,,,,,,,,,,,,,,,,,,,,,"
6:30  -  6:44,134953712,Central,Kapiri Mposhi,Urban,Female,2,,D,Secondary,Christian,Not employed,D,"K 1675- K2,499",,15 – 18,"6:00  -  6:14,6:15  -  6:29,6:30  -  6:44,6:45  -  6:59,,,,,,,,,,,,,,,,,,,,,,,,,,,,,,,,,,,,,,,,,,,,,,,,,,,,,,,,,,,,,,,,,,,,,,,,,,,,,,,,,,,,,,,,,,,,"
7:00  -  7:14,135086581,Central,Kapiri Mposhi,Rural,Female,1,,C2,Secondary,Christian,Employed not for cash,C2,"K 2,500   -  K 3,154",,19 – 24,"6:00  -  6:14,6:15  -  6:29,6:30  -  6:44,6:45  -  6:59,7:00  -  7:14,7:15  -  7:29,7:30  -  7:44,7:45  -  7:59,8:00  -  8:14,8:15  -  8:29,8:30  -  8:44,8:45  -  8:59,9:00  -  9:14,,,,,,,,,,,,,,,,,,,,,,,,,,,,,,,,,,,,,,,,,,,,,,,,,,,,,,,,,,,,,,,,,,,,,,,,,,,,,,,,,,,"
7:30  -  7:44,135086581,Central,Kapiri Mposhi,Rural,Female,1,,C2,Secondary,Christian,Employed not for cash,C2,"K 2,500   -  K 3,154",,19 – 24,"6:00  -  6:14,6:15  -  6:29,6:30  -  6:44,6:45  -  6:59,7:00  -  7:14,7:15  -  7:29,7:30  -  7:44,7:45  -  7:59,8:00  -  8:14,8:15  -  8:29,8:30  -  8:44,8:45  -  8:59,9:00  -  9:14,,,,,,,,,,,,,,,,,,,,,,,,,,,,,,,,,,,,,,,,,,,,,,,,,,,,,,,,,,,,,,,,,,,,,,,,,,,,,,,,,,,"
6:00  -  6:14,135086581,Central,Kapiri Mposhi,Rural,Female,1,,C2,Secondary,Christian,Employed not for cash,C2,"K 2,500   -  K 3,154",,19 – 24,"6:00  -  6:14,6:15  -  6:29,6:30  -  6:44,6:45  -  6:59,7:00  -  7:14,7:15  -  7:29,7:30  -  7:44,7:45  -  7:59,8:00  -  8:14,8:15  -  8:29,8:30  -  8:44,8:45  -  8:59,9:00  -  9:14,,,,,,,,,,,,,,,,,,,,,,,,,,,,,,,,,,,,,,,,,,,,,,,,,,,,,,,,,,,,,,,,,,,,,,,,,,,,,,,,,,,"
8:15  -  8:29,135086581,Central,Kapiri Mposhi,Rural,Female,1,,C2,Secondary,Christian,Employed not for cash,C2,"K 2,500   -  K 3,154",,19 – 24,"6:00  -  6:14,6:15  -  6:29,6:30  -  6:44,6:45  -  6:59,7:00  -  7:14,7:15  -  7:29,7:30  -  7:44,7:45  -  7:59,8:00  -  8:14,8:15  -  8:29,8:30  -  8:44,8:45  -  8:59,9:00  -  9:14,,,,,,,,,,,,,,,,,,,,,,,,,,,,,,,,,,,,,,,,,,,,,,,,,,,,,,,,,,,,,,,,,,,,,,,,,,,,,,,,,,,"
6:30  -  6:44,135086581,Central,Kapiri Mposhi,Rural,Female,1,,C2,Secondary,Christian,Employed not for cash,C2,"K 2,500   -  K 3,154",,19 – 24,"6:00  -  6:14,6:15  -  6:29,6:30  -  6:44,6:45  -  6:59,7:00  -  7:14,7:15  -  7:29,7:30  -  7:44,7:45  -  7:59,8:00  -  8:14,8:15  -  8:29,8:30  -  8:44,8:45  -  8:59,9:00  -  9:14,,,,,,,,,,,,,,,,,,,,,,,,,,,,,,,,,,,,,,,,,,,,,,,,,,,,,,,,,,,,,,,,,,,,,,,,,,,,,,,,,,,"
7:45  -  7:59,135086581,Central,Kapiri Mposhi,Rural,Female,1,,C2,Secondary,Christian,Employed not for cash,C2,"K 2,500   -  K 3,154",,19 – 24,"6:00  -  6:14,6:15  -  6:29,6:30  -  6:44,6:45  -  6:59,7:00  -  7:14,7:15  -  7:29,7:30  -  7:44,7:45  -  7:59,8:00  -  8:14,8:15  -  8:29,8:30  -  8:44,8:45  -  8:59,9:00  -  9:14,,,,,,,,,,,,,,,,,,,,,,,,,,,,,,,,,,,,,,,,,,,,,,,,,,,,,,,,,,,,,,,,,,,,,,,,,,,,,,,,,,,"
8:00  -  8:14,135086581,Central,Kapiri Mposhi,Rural,Female,1,,C2,Secondary,Christian,Employed not for cash,C2,"K 2,500   -  K 3,154",,19 – 24,"6:00  -  6:14,6:15  -  6:29,6:30  -  6:44,6:45  -  6:59,7:00  -  7:14,7:15  -  7:29,7:30  -  7:44,7:45  -  7:59,8:00  -  8:14,8:15  -  8:29,8:30  -  8:44,8:45  -  8:59,9:00  -  9:14,,,,,,,,,,,,,,,,,,,,,,,,,,,,,,,,,,,,,,,,,,,,,,,,,,,,,,,,,,,,,,,,,,,,,,,,,,,,,,,,,,,"
8:30  -  8:44,135086581,Central,Kapiri Mposhi,Rural,Female,1,,C2,Secondary,Christian,Employed not for cash,C2,"K 2,500   -  K 3,154",,19 – 24,"6:00  -  6:14,6:15  -  6:29,6:30  -  6:44,6:45  -  6:59,7:00  -  7:14,7:15  -  7:29,7:30  -  7:44,7:45  -  7:59,8:00  -  8:14,8:15  -  8:29,8:30  -  8:44,8:45  -  8:59,9:00  -  9:14,,,,,,,,,,,,,,,,,,,,,,,,,,,,,,,,,,,,,,,,,,,,,,,,,,,,,,,,,,,,,,,,,,,,,,,,,,,,,,,,,,,"
9:00  -  9:14,135086581,Central,Kapiri Mposhi,Rural,Female,1,,C2,Secondary,Christian,Employed not for cash,C2,"K 2,500   -  K 3,154",,19 – 24,"6:00  -  6:14,6:15  -  6:29,6:30  -  6:44,6:45  -  6:59,7:00  -  7:14,7:15  -  7:29,7:30  -  7:44,7:45  -  7:59,8:00  -  8:14,8:15  -  8:29,8:30  -  8:44,8:45  -  8:59,9:00  -  9:14,,,,,,,,,,,,,,,,,,,,,,,,,,,,,,,,,,,,,,,,,,,,,,,,,,,,,,,,,,,,,,,,,,,,,,,,,,,,,,,,,,,"
6:15  -  6:29,135086581,Central,Kapiri Mposhi,Rural,Female,1,,C2,Secondary,Christian,Employed not for cash,C2,"K 2,500   -  K 3,154",,19 – 24,"6:00  -  6:14,6:15  -  6:29,6:30  -  6:44,6:45  -  6:59,7:00  -  7:14,7:15  -  7:29,7:30  -  7:44,7:45  -  7:59,8:00  -  8:14,8:15  -  8:29,8:30  -  8:44,8:45  -  8:59,9:00  -  9:14,,,,,,,,,,,,,,,,,,,,,,,,,,,,,,,,,,,,,,,,,,,,,,,,,,,,,,,,,,,,,,,,,,,,,,,,,,,,,,,,,,,"
7:15  -  7:29,135086581,Central,Kapiri Mposhi,Rural,Female,1,,C2,Secondary,Christian,Employed not for cash,C2,"K 2,500   -  K 3,154",,19 – 24,"6:00  -  6:14,6:15  -  6:29,6:30  -  6:44,6:45  -  6:59,7:00  -  7:14,7:15  -  7:29,7:30  -  7:44,7:45  -  7:59,8:00  -  8:14,8:15  -  8:29,8:30  -  8:44,8:45  -  8:59,9:00  -  9:14,,,,,,,,,,,,,,,,,,,,,,,,,,,,,,,,,,,,,,,,,,,,,,,,,,,,,,,,,,,,,,,,,,,,,,,,,,,,,,,,,,,"
8:45  -  8:59,135086581,Central,Kapiri Mposhi,Rural,Female,1,,C2,Secondary,Christian,Employed not for cash,C2,"K 2,500   -  K 3,154",,19 – 24,"6:00  -  6:14,6:15  -  6:29,6:30  -  6:44,6:45  -  6:59,7:00  -  7:14,7:15  -  7:29,7:30  -  7:44,7:45  -  7:59,8:00  -  8:14,8:15  -  8:29,8:30  -  8:44,8:45  -  8:59,9:00  -  9:14,,,,,,,,,,,,,,,,,,,,,,,,,,,,,,,,,,,,,,,,,,,,,,,,,,,,,,,,,,,,,,,,,,,,,,,,,,,,,,,,,,,"
6:45  -  6:59,135086581,Central,Kapiri Mposhi,Rural,Female,1,,C2,Secondary,Christian,Employed not for cash,C2,"K 2,500   -  K 3,154",,19 – 24,"6:00  -  6:14,6:15  -  6:29,6:30  -  6:44,6:45  -  6:59,7:00  -  7:14,7:15  -  7:29,7:30  -  7:44,7:45  -  7:59,8:00  -  8:14,8:15  -  8:29,8:30  -  8:44,8:45  -  8:59,9:00  -  9:14,,,,,,,,,,,,,,,,,,,,,,,,,,,,,,,,,,,,,,,,,,,,,,,,,,,,,,,,,,,,,,,,,,,,,,,,,,,,,,,,,,,"
14:00  -  14:14,134953709,Central,Kapiri Mposhi,Urban,Male,1,,C2,Primary,Christian,Not employed,C2,"K 2,500   -  K 3,154",,19 – 24,"12:00  -  12:14,12:15  -  12:29,12:30  -  12:44,12:45  -  12:59,13:00  -  13:14,13:15  -  13:29,13:30  -  13:44,13:45  -  13:59,14:00  -  14:14,14:15  -  14:29,14:30  -  14:44,14:45  -  14:59,,,,,,,,,,,,,,,,,,,,,,,,,,,,,,,,,,,,,,,,,,,,,,,,,,,,,,,,,,,,,,,,,,,,,,,,,,,,,,,,,,,,"
14:30  -  14:44,134953709,Central,Kapiri Mposhi,Urban,Male,1,,C2,Primary,Christian,Not employed,C2,"K 2,500   -  K 3,154",,19 – 24,"12:00  -  12:14,12:15  -  12:29,12:30  -  12:44,12:45  -  12:59,13:00  -  13:14,13:15  -  13:29,13:30  -  13:44,13:45  -  13:59,14:00  -  14:14,14:15  -  14:29,14:30  -  14:44,14:45  -  14:59,,,,,,,,,,,,,,,,,,,,,,,,,,,,,,,,,,,,,,,,,,,,,,,,,,,,,,,,,,,,,,,,,,,,,,,,,,,,,,,,,,,,"
14:15  -  14:29,134953709,Central,Kapiri Mposhi,Urban,Male,1,,C2,Primary,Christian,Not employed,C2,"K 2,500   -  K 3,154",,19 – 24,"12:00  -  12:14,12:15  -  12:29,12:30  -  12:44,12:45  -  12:59,13:00  -  13:14,13:15  -  13:29,13:30  -  13:44,13:45  -  13:59,14:00  -  14:14,14:15  -  14:29,14:30  -  14:44,14:45  -  14:59,,,,,,,,,,,,,,,,,,,,,,,,,,,,,,,,,,,,,,,,,,,,,,,,,,,,,,,,,,,,,,,,,,,,,,,,,,,,,,,,,,,,"
12:00  -  12:14,134953709,Central,Kapiri Mposhi,Urban,Male,1,,C2,Primary,Christian,Not employed,C2,"K 2,500   -  K 3,154",,19 – 24,"12:00  -  12:14,12:15  -  12:29,12:30  -  12:44,12:45  -  12:59,13:00  -  13:14,13:15  -  13:29,13:30  -  13:44,13:45  -  13:59,14:00  -  14:14,14:15  -  14:29,14:30  -  14:44,14:45  -  14:59,,,,,,,,,,,,,,,,,,,,,,,,,,,,,,,,,,,,,,,,,,,,,,,,,,,,,,,,,,,,,,,,,,,,,,,,,,,,,,,,,,,,"
12:15  -  12:29,134953709,Central,Kapiri Mposhi,Urban,Male,1,,C2,Primary,Christian,Not employed,C2,"K 2,500   -  K 3,154",,19 – 24,"12:00  -  12:14,12:15  -  12:29,12:30  -  12:44,12:45  -  12:59,13:00  -  13:14,13:15  -  13:29,13:30  -  13:44,13:45  -  13:59,14:00  -  14:14,14:15  -  14:29,14:30  -  14:44,14:45  -  14:59,,,,,,,,,,,,,,,,,,,,,,,,,,,,,,,,,,,,,,,,,,,,,,,,,,,,,,,,,,,,,,,,,,,,,,,,,,,,,,,,,,,,"
13:30  -  13:44,134953709,Central,Kapiri Mposhi,Urban,Male,1,,C2,Primary,Christian,Not employed,C2,"K 2,500   -  K 3,154",,19 – 24,"12:00  -  12:14,12:15  -  12:29,12:30  -  12:44,12:45  -  12:59,13:00  -  13:14,13:15  -  13:29,13:30  -  13:44,13:45  -  13:59,14:00  -  14:14,14:15  -  14:29,14:30  -  14:44,14:45  -  14:59,,,,,,,,,,,,,,,,,,,,,,,,,,,,,,,,,,,,,,,,,,,,,,,,,,,,,,,,,,,,,,,,,,,,,,,,,,,,,,,,,,,,"
12:45  -  12:59,134953709,Central,Kapiri Mposhi,Urban,Male,1,,C2,Primary,Christian,Not employed,C2,"K 2,500   -  K 3,154",,19 – 24,"12:00  -  12:14,12:15  -  12:29,12:30  -  12:44,12:45  -  12:59,13:00  -  13:14,13:15  -  13:29,13:30  -  13:44,13:45  -  13:59,14:00  -  14:14,14:15  -  14:29,14:30  -  14:44,14:45  -  14:59,,,,,,,,,,,,,,,,,,,,,,,,,,,,,,,,,,,,,,,,,,,,,,,,,,,,,,,,,,,,,,,,,,,,,,,,,,,,,,,,,,,,"
13:15  -  13:29,134953709,Central,Kapiri Mposhi,Urban,Male,1,,C2,Primary,Christian,Not employed,C2,"K 2,500   -  K 3,154",,19 – 24,"12:00  -  12:14,12:15  -  12:29,12:30  -  12:44,12:45  -  12:59,13:00  -  13:14,13:15  -  13:29,13:30  -  13:44,13:45  -  13:59,14:00  -  14:14,14:15  -  14:29,14:30  -  14:44,14:45  -  14:59,,,,,,,,,,,,,,,,,,,,,,,,,,,,,,,,,,,,,,,,,,,,,,,,,,,,,,,,,,,,,,,,,,,,,,,,,,,,,,,,,,,,"
13:45  -  13:59,134953709,Central,Kapiri Mposhi,Urban,Male,1,,C2,Primary,Christian,Not employed,C2,"K 2,500   -  K 3,154",,19 – 24,"12:00  -  12:14,12:15  -  12:29,12:30  -  12:44,12:45  -  12:59,13:00  -  13:14,13:15  -  13:29,13:30  -  13:44,13:45  -  13:59,14:00  -  14:14,14:15  -  14:29,14:30  -  14:44,14:45  -  14:59,,,,,,,,,,,,,,,,,,,,,,,,,,,,,,,,,,,,,,,,,,,,,,,,,,,,,,,,,,,,,,,,,,,,,,,,,,,,,,,,,,,,"
13:00  -  13:14,134953709,Central,Kapiri Mposhi,Urban,Male,1,,C2,Primary,Christian,Not employed,C2,"K 2,500   -  K 3,154",,19 – 24,"12:00  -  12:14,12:15  -  12:29,12:30  -  12:44,12:45  -  12:59,13:00  -  13:14,13:15  -  13:29,13:30  -  13:44,13:45  -  13:59,14:00  -  14:14,14:15  -  14:29,14:30  -  14:44,14:45  -  14:59,,,,,,,,,,,,,,,,,,,,,,,,,,,,,,,,,,,,,,,,,,,,,,,,,,,,,,,,,,,,,,,,,,,,,,,,,,,,,,,,,,,,"
14:45  -  14:59,134953709,Central,Kapiri Mposhi,Urban,Male,1,,C2,Primary,Christian,Not employed,C2,"K 2,500   -  K 3,154",,19 – 24,"12:00  -  12:14,12:15  -  12:29,12:30  -  12:44,12:45  -  12:59,13:00  -  13:14,13:15  -  13:29,13:30  -  13:44,13:45  -  13:59,14:00  -  14:14,14:15  -  14:29,14:30  -  14:44,14:45  -  14:59,,,,,,,,,,,,,,,,,,,,,,,,,,,,,,,,,,,,,,,,,,,,,,,,,,,,,,,,,,,,,,,,,,,,,,,,,,,,,,,,,,,,"
12:30  -  12:44,134953709,Central,Kapiri Mposhi,Urban,Male,1,,C2,Primary,Christian,Not employed,C2,"K 2,500   -  K 3,154",,19 – 24,"12:00  -  12:14,12:15  -  12:29,12:30  -  12:44,12:45  -  12:59,13:00  -  13:14,13:15  -  13:29,13:30  -  13:44,13:45  -  13:59,14:00  -  14:14,14:15  -  14:29,14:30  -  14:44,14:45  -  14:59,,,,,,,,,,,,,,,,,,,,,,,,,,,,,,,,,,,,,,,,,,,,,,,,,,,,,,,,,,,,,,,,,,,,,,,,,,,,,,,,,,,,"
13:45  -  13:59,134946925,Central,Kapiri Mposhi,Urban,Female,3,,C1,Secondary,Christian,Not employed,C1,"K 5,365  -  K 6,102",,15 – 18,"13:00  -  13:14,13:15  -  13:29,13:30  -  13:44,13:45  -  13:59,,,,,,,,,,,,,,,,,,,,,,,,,,,,,,,,,,,,,,,,,,,,,,,,,,,,,,,,,,,,,,,,,,,,,,,,,,,,,,,,,,,,,,,,,,,,"
13:00  -  13:14,134946925,Central,Kapiri Mposhi,Urban,Female,3,,C1,Secondary,Christian,Not employed,C1,"K 5,365  -  K 6,102",,15 – 18,"13:00  -  13:14,13:15  -  13:29,13:30  -  13:44,13:45  -  13:59,,,,,,,,,,,,,,,,,,,,,,,,,,,,,,,,,,,,,,,,,,,,,,,,,,,,,,,,,,,,,,,,,,,,,,,,,,,,,,,,,,,,,,,,,,,,"
13:15  -  13:29,134946925,Central,Kapiri Mposhi,Urban,Female,3,,C1,Secondary,Christian,Not employed,C1,"K 5,365  -  K 6,102",,15 – 18,"13:00  -  13:14,13:15  -  13:29,13:30  -  13:44,13:45  -  13:59,,,,,,,,,,,,,,,,,,,,,,,,,,,,,,,,,,,,,,,,,,,,,,,,,,,,,,,,,,,,,,,,,,,,,,,,,,,,,,,,,,,,,,,,,,,,"
13:30  -  13:44,134946925,Central,Kapiri Mposhi,Urban,Female,3,,C1,Secondary,Christian,Not employed,C1,"K 5,365  -  K 6,102",,15 – 18,"13:00  -  13:14,13:15  -  13:29,13:30  -  13:44,13:45  -  13:59,,,,,,,,,,,,,,,,,,,,,,,,,,,,,,,,,,,,,,,,,,,,,,,,,,,,,,,,,,,,,,,,,,,,,,,,,,,,,,,,,,,,,,,,,,,,"
8:15  -  8:29,134946927,Central,Kapiri Mposhi,Urban,Female,3,,C1,Primary,Christian,Not employed,C1,"K 5,365  -  K 6,102",,25 – 34,"8:00  -  8:14,8:15  -  8:29,8:30  -  8:44,8:45  -  8:59,9:00  -  9:14,9:15  -  9:29,9:30  -  9:44,9:45  -  9:59,,,,,,,,,,,,,,,,,,,,,,,,,,,,,,,,,,,,,,,,,,,,,,,,,,,,,,,,,,,,,,,,,,,,,,,,,,,,,,,,,,,,,,,,"
8:00  -  8:14,134946927,Central,Kapiri Mposhi,Urban,Female,3,,C1,Primary,Christian,Not employed,C1,"K 5,365  -  K 6,102",,25 – 34,"8:00  -  8:14,8:15  -  8:29,8:30  -  8:44,8:45  -  8:59,9:00  -  9:14,9:15  -  9:29,9:30  -  9:44,9:45  -  9:59,,,,,,,,,,,,,,,,,,,,,,,,,,,,,,,,,,,,,,,,,,,,,,,,,,,,,,,,,,,,,,,,,,,,,,,,,,,,,,,,,,,,,,,,"
9:00  -  9:14,134946927,Central,Kapiri Mposhi,Urban,Female,3,,C1,Primary,Christian,Not employed,C1,"K 5,365  -  K 6,102",,25 – 34,"8:00  -  8:14,8:15  -  8:29,8:30  -  8:44,8:45  -  8:59,9:00  -  9:14,9:15  -  9:29,9:30  -  9:44,9:45  -  9:59,,,,,,,,,,,,,,,,,,,,,,,,,,,,,,,,,,,,,,,,,,,,,,,,,,,,,,,,,,,,,,,,,,,,,,,,,,,,,,,,,,,,,,,,"
8:30  -  8:44,134946927,Central,Kapiri Mposhi,Urban,Female,3,,C1,Primary,Christian,Not employed,C1,"K 5,365  -  K 6,102",,25 – 34,"8:00  -  8:14,8:15  -  8:29,8:30  -  8:44,8:45  -  8:59,9:00  -  9:14,9:15  -  9:29,9:30  -  9:44,9:45  -  9:59,,,,,,,,,,,,,,,,,,,,,,,,,,,,,,,,,,,,,,,,,,,,,,,,,,,,,,,,,,,,,,,,,,,,,,,,,,,,,,,,,,,,,,,,"
8:45  -  8:59,134946927,Central,Kapiri Mposhi,Urban,Female,3,,C1,Primary,Christian,Not employed,C1,"K 5,365  -  K 6,102",,25 – 34,"8:00  -  8:14,8:15  -  8:29,8:30  -  8:44,8:45  -  8:59,9:00  -  9:14,9:15  -  9:29,9:30  -  9:44,9:45  -  9:59,,,,,,,,,,,,,,,,,,,,,,,,,,,,,,,,,,,,,,,,,,,,,,,,,,,,,,,,,,,,,,,,,,,,,,,,,,,,,,,,,,,,,,,,"
9:15  -  9:29,134946927,Central,Kapiri Mposhi,Urban,Female,3,,C1,Primary,Christian,Not employed,C1,"K 5,365  -  K 6,102",,25 – 34,"8:00  -  8:14,8:15  -  8:29,8:30  -  8:44,8:45  -  8:59,9:00  -  9:14,9:15  -  9:29,9:30  -  9:44,9:45  -  9:59,,,,,,,,,,,,,,,,,,,,,,,,,,,,,,,,,,,,,,,,,,,,,,,,,,,,,,,,,,,,,,,,,,,,,,,,,,,,,,,,,,,,,,,,"
9:30  -  9:44,134946927,Central,Kapiri Mposhi,Urban,Female,3,,C1,Primary,Christian,Not employed,C1,"K 5,365  -  K 6,102",,25 – 34,"8:00  -  8:14,8:15  -  8:29,8:30  -  8:44,8:45  -  8:59,9:00  -  9:14,9:15  -  9:29,9:30  -  9:44,9:45  -  9:59,,,,,,,,,,,,,,,,,,,,,,,,,,,,,,,,,,,,,,,,,,,,,,,,,,,,,,,,,,,,,,,,,,,,,,,,,,,,,,,,,,,,,,,,"
9:45  -  9:59,134946927,Central,Kapiri Mposhi,Urban,Female,3,,C1,Primary,Christian,Not employed,C1,"K 5,365  -  K 6,102",,25 – 34,"8:00  -  8:14,8:15  -  8:29,8:30  -  8:44,8:45  -  8:59,9:00  -  9:14,9:15  -  9:29,9:30  -  9:44,9:45  -  9:59,,,,,,,,,,,,,,,,,,,,,,,,,,,,,,,,,,,,,,,,,,,,,,,,,,,,,,,,,,,,,,,,,,,,,,,,,,,,,,,,,,,,,,,,"
18:00  -  18:14,134779694,Central,Mkushi,Rural,Female,2,,C1,Secondary,Christian,Not employed,C1,"K 7,893 -  K 11,261",,25 – 34,"18:00  -  18:14,18:15  -  18:29,18:30  -  18:44,18:45  -  18:59,,,,,,,,,,,,,,,,,,,,,,,,,,,,,,,,,,,,,,,,,,,,,,,,,,,,,,,,,,,,,,,,,,,,,,,,,,,,,,,,,,,,,,,,,,,,"
18:15  -  18:29,134779694,Central,Mkushi,Rural,Female,2,,C1,Secondary,Christian,Not employed,C1,"K 7,893 -  K 11,261",,25 – 34,"18:00  -  18:14,18:15  -  18:29,18:30  -  18:44,18:45  -  18:59,,,,,,,,,,,,,,,,,,,,,,,,,,,,,,,,,,,,,,,,,,,,,,,,,,,,,,,,,,,,,,,,,,,,,,,,,,,,,,,,,,,,,,,,,,,,"
18:45  -  18:59,134779694,Central,Mkushi,Rural,Female,2,,C1,Secondary,Christian,Not employed,C1,"K 7,893 -  K 11,261",,25 – 34,"18:00  -  18:14,18:15  -  18:29,18:30  -  18:44,18:45  -  18:59,,,,,,,,,,,,,,,,,,,,,,,,,,,,,,,,,,,,,,,,,,,,,,,,,,,,,,,,,,,,,,,,,,,,,,,,,,,,,,,,,,,,,,,,,,,,"
18:30  -  18:44,134779694,Central,Mkushi,Rural,Female,2,,C1,Secondary,Christian,Not employed,C1,"K 7,893 -  K 11,261",,25 – 34,"18:00  -  18:14,18:15  -  18:29,18:30  -  18:44,18:45  -  18:59,,,,,,,,,,,,,,,,,,,,,,,,,,,,,,,,,,,,,,,,,,,,,,,,,,,,,,,,,,,,,,,,,,,,,,,,,,,,,,,,,,,,,,,,,,,,"
19:15  -  19:29,134955832,Central,Kapiri Mposhi,Urban,Female,2,,,Secondary,Christian,Not employed,,No Income,,15 – 18,"18:45  -  18:59,19:00  -  19:14,19:15  -  19:29,19:30  -  19:44,19:45  -  19:59,20:00  -  20:14,20:15  -  20:29,20:30  -  20:44,20:45  -  20:59,,,,,,,,,,,,,,,,,,,,,,,,,,,,,,,,,,,,,,,,,,,,,,,,,,,,,,,,,,,,,,,,,,,,,,,,,,,,,,,,,,,,,,,"
19:00  -  19:14,134955832,Central,Kapiri Mposhi,Urban,Female,2,,,Secondary,Christian,Not employed,,No Income,,15 – 18,"18:45  -  18:59,19:00  -  19:14,19:15  -  19:29,19:30  -  19:44,19:45  -  19:59,20:00  -  20:14,20:15  -  20:29,20:30  -  20:44,20:45  -  20:59,,,,,,,,,,,,,,,,,,,,,,,,,,,,,,,,,,,,,,,,,,,,,,,,,,,,,,,,,,,,,,,,,,,,,,,,,,,,,,,,,,,,,,,"
20:45  -  20:59,134955832,Central,Kapiri Mposhi,Urban,Female,2,,,Secondary,Christian,Not employed,,No Income,,15 – 18,"18:45  -  18:59,19:00  -  19:14,19:15  -  19:29,19:30  -  19:44,19:45  -  19:59,20:00  -  20:14,20:15  -  20:29,20:30  -  20:44,20:45  -  20:59,,,,,,,,,,,,,,,,,,,,,,,,,,,,,,,,,,,,,,,,,,,,,,,,,,,,,,,,,,,,,,,,,,,,,,,,,,,,,,,,,,,,,,,"
20:00  -  20:14,134955832,Central,Kapiri Mposhi,Urban,Female,2,,,Secondary,Christian,Not employed,,No Income,,15 – 18,"18:45  -  18:59,19:00  -  19:14,19:15  -  19:29,19:30  -  19:44,19:45  -  19:59,20:00  -  20:14,20:15  -  20:29,20:30  -  20:44,20:45  -  20:59,,,,,,,,,,,,,,,,,,,,,,,,,,,,,,,,,,,,,,,,,,,,,,,,,,,,,,,,,,,,,,,,,,,,,,,,,,,,,,,,,,,,,,,"
19:45  -  19:59,134955832,Central,Kapiri Mposhi,Urban,Female,2,,,Secondary,Christian,Not employed,,No Income,,15 – 18,"18:45  -  18:59,19:00  -  19:14,19:15  -  19:29,19:30  -  19:44,19:45  -  19:59,20:00  -  20:14,20:15  -  20:29,20:30  -  20:44,20:45  -  20:59,,,,,,,,,,,,,,,,,,,,,,,,,,,,,,,,,,,,,,,,,,,,,,,,,,,,,,,,,,,,,,,,,,,,,,,,,,,,,,,,,,,,,,,"
20:15  -  20:29,134955832,Central,Kapiri Mposhi,Urban,Female,2,,,Secondary,Christian,Not employed,,No Income,,15 – 18,"18:45  -  18:59,19:00  -  19:14,19:15  -  19:29,19:30  -  19:44,19:45  -  19:59,20:00  -  20:14,20:15  -  20:29,20:30  -  20:44,20:45  -  20:59,,,,,,,,,,,,,,,,,,,,,,,,,,,,,,,,,,,,,,,,,,,,,,,,,,,,,,,,,,,,,,,,,,,,,,,,,,,,,,,,,,,,,,,"
20:30  -  20:44,134955832,Central,Kapiri Mposhi,Urban,Female,2,,,Secondary,Christian,Not employed,,No Income,,15 – 18,"18:45  -  18:59,19:00  -  19:14,19:15  -  19:29,19:30  -  19:44,19:45  -  19:59,20:00  -  20:14,20:15  -  20:29,20:30  -  20:44,20:45  -  20:59,,,,,,,,,,,,,,,,,,,,,,,,,,,,,,,,,,,,,,,,,,,,,,,,,,,,,,,,,,,,,,,,,,,,,,,,,,,,,,,,,,,,,,,"
19:30  -  19:44,134955832,Central,Kapiri Mposhi,Urban,Female,2,,,Secondary,Christian,Not employed,,No Income,,15 – 18,"18:45  -  18:59,19:00  -  19:14,19:15  -  19:29,19:30  -  19:44,19:45  -  19:59,20:00  -  20:14,20:15  -  20:29,20:30  -  20:44,20:45  -  20:59,,,,,,,,,,,,,,,,,,,,,,,,,,,,,,,,,,,,,,,,,,,,,,,,,,,,,,,,,,,,,,,,,,,,,,,,,,,,,,,,,,,,,,,"
18:45  -  18:59,134955832,Central,Kapiri Mposhi,Urban,Female,2,,,Secondary,Christian,Not employed,,No Income,,15 – 18,"18:45  -  18:59,19:00  -  19:14,19:15  -  19:29,19:30  -  19:44,19:45  -  19:59,20:00  -  20:14,20:15  -  20:29,20:30  -  20:44,20:45  -  20:59,,,,,,,,,,,,,,,,,,,,,,,,,,,,,,,,,,,,,,,,,,,,,,,,,,,,,,,,,,,,,,,,,,,,,,,,,,,,,,,,,,,,,,,"
